package,version,source,sha256
cli,3.6.2,https://cran.r-project.org/src/contrib/Archive/cli/cli_3.6.2.tar.gz,4c0749e3711b2b6ae90fd992784303bc8d98039599cac1deb397239a7018e151
rlang,1.1.7,https://cran.r-project.org/src/contrib/Archive/rlang/rlang_1.1.7.tar.gz,123c91e7eaacd3514a368a31c30617d36a874def37f6cafdacc0c7d1409be373
glue,1.6.2,https://cran.r-project.org/src/contrib/Archive/glue/glue_1.6.2.tar.gz,9da518f12be584c90e75fe8e07f711ee3f6fc0d03d817f72c25dc0f66499fdbf
lifecycle,1.0.5,https://cran.r-project.org/src/contrib/lifecycle_1.0.5.tar.gz,61841e3e6edba056a88355a3f1d6698ab8d5d9cb3c05f2af0ec5a44ab516f8ee
vctrs,0.7.1,https://cran.r-project.org/src/contrib/Archive/vctrs/vctrs_0.7.1.tar.gz,2f93519dfcffabc08bc508c2f47b5c23151cc667250b08a8b90be367ef1317c0
blob,1.3.0,https://cran.r-project.org/src/contrib/blob_1.3.0.tar.gz,d4d2aeb8d17683bbfc256a7541e282af9663a752988a21a6ba72a4ab268c7331
DBI,1.3.0,https://cran.r-project.org/src/contrib/DBI_1.3.0.tar.gz,13def8e90cbe41205a0dfcf585a6a7ea79ce10d45969789e82613c7ce3d5fb18
generics,0.1.4,https://cran.r-project.org/src/contrib/generics_0.1.4.tar.gz,bbe95a097792d38fc3b7e677738af1b95b66ea5e5017e33b8beac6a6088d0801
magrittr,2.0.5,https://cran.r-project.org/src/contrib/magrittr_2.0.5.tar.gz,3f5b5b1d4e6d12807a95c50b6c88cb1d8af2c5eb5213f08bfe58f278eca2ed23
utf8,1.2.6,https://cran.r-project.org/src/contrib/utf8_1.2.6.tar.gz,4589f8b72291329e70b7f3a8c20f2feb4e7764eebad2e6976bc9a3eee7686ce9
pillar,1.11.1,https://cran.r-project.org/src/contrib/pillar_1.11.1.tar.gz,056ce154238c9b5b8d5dcbcb52e1bc51d33870ce08c8a9ca9496478bd59f4653
R6,2.6.1,https://cran.r-project.org/src/contrib/R6_2.6.1.tar.gz,59c6eba8b1b912eb7e104f65053235604be853425ee67c152ac4e86a1f2073b4
pkgconfig,2.0.3,https://cran.r-project.org/src/contrib/pkgconfig_2.0.3.tar.gz,330fef440ffeb842a7dcfffc8303743f1feae83e8d6131078b5a44ff11bc3850
tibble,3.3.1,https://cran.r-project.org/src/contrib/tibble_3.3.1.tar.gz,fb309f8a1939021b237c7e85ff7ad6e8ff5acd57a6230d220a452094b492b28f
withr,3.0.3,https://cran.r-project.org/src/contrib/withr_3.0.3.tar.gz,d86c6454164fc85678bfc85e2a6cce42f7461d45fa9a87de71f376e7956c991e
tidyselect,1.2.1,https://cran.r-project.org/src/contrib/tidyselect_1.2.1.tar.gz,169e97ba0bbfbcdf4a80534322751f87a04370310c40e27f04aac6525d45903c
dplyr,1.2.0,https://cran.r-project.org/src/contrib/Archive/dplyr/dplyr_1.2.0.tar.gz,a82c292f2249d439157986b504edd1d99741f467c75bf08969254ca8d441bfa3
purrr,1.2.2,https://cran.r-project.org/src/contrib/purrr_1.2.2.tar.gz,ac3bc0fc0e789510042522e6c4294336c71447be8f6921b5ef78b9a9fb86617d
stringi,1.8.9,https://cran.r-project.org/src/contrib/stringi_1.8.9.tar.gz,427fcebd281d7ea850becce75e0807576dd394a723a814b2d487419b93275a33
stringr,1.6.0,https://cran.r-project.org/src/contrib/stringr_1.6.0.tar.gz,24f2fc5df980a7eb888659e22b9744d2316c558624015c7a7cd8c3ce3e370064
cpp11,0.5.5,https://cran.r-project.org/src/contrib/cpp11_0.5.5.tar.gz,72486beb0605c1229bf3d422cd536224af8dc09bd389a3116f62f4c7705c62f4
tidyr,1.3.2,https://cran.r-project.org/src/contrib/tidyr_1.3.2.tar.gz,04c0e6daf0af682af73763a42c027d7171761cdbdbf9ff7a77a0e421343d665a
dbplyr,2.6.0,https://cran.r-project.org/src/contrib/dbplyr_2.6.0.tar.gz,3672daf73f7f0238a2c547dce5d4fb31e50235bca796c710d6f7caf49c212bd8
marginplyr,0.1.0,baseline b0a1fa6c77ae8a691c179f7bfd0d73da54325ae0,6ac5800bc60c5edddfb6de1a752f32aeaa8d00abe5e369e215593bb5b2746ba0
bit,4.6.0,https://cran.r-project.org/src/contrib/bit_4.6.0.tar.gz,48fe21c5d04c7b724d695eeb60074395c0c631a7fb234e2075de92471445de08
bit64,4.8.6,https://cran.r-project.org/src/contrib/bit64_4.8.6.tar.gz,a5fcec17ba772a561a7375ca8fd966bdd5f20dd4e89b4dae07d7da933d554b45
fastmap,1.2.0,https://cran.r-project.org/src/contrib/fastmap_1.2.0.tar.gz,b1da04a2915d1d057f3c2525e295ef15016a64e6667eac83a14641bbd83b9246
cachem,1.1.0,https://cran.r-project.org/src/contrib/cachem_1.1.0.tar.gz,550839fc2ae5d865db475ba2c1714144f07fa0c052c72135b0e4a70287492e21
memoise,2.0.1,https://cran.r-project.org/src/contrib/memoise_2.0.1.tar.gz,f85034ee98c8ca07fb3cd826142c1cd1e1e5747075a94c75a45783bbc4fe2deb
RSQLite,3.53.3,https://cran.r-project.org/src/contrib/RSQLite_3.53.3.tar.gz,82946aac5e2869da5fdaf57d0e4afeee3d4deac21d9eaeffb5f743273a93736c
