tag,exit,detail
calibration-direct-local-backend-first,0,
calibration-qualified-local-backend-first,0,
calibration-imports-local-backend-first,0,
calibration-direct-dtplyr-backend-first,0,
calibration-qualified-dtplyr-backend-first,0,
calibration-imports-dtplyr-backend-first,0,
calibration-direct-sqlite-backend-first,0,
calibration-qualified-sqlite-backend-first,0,
calibration-imports-sqlite-backend-first,0,
calibration-direct-duckdb-backend-first,0,
calibration-qualified-duckdb-backend-first,0,
calibration-imports-duckdb-backend-first,0,
calibration-direct-arrow-backend-first,0,
calibration-qualified-arrow-backend-first,0,
calibration-imports-arrow-backend-first,0,
