"suite","baseline","candidate","case","baseline_ok","candidate_ok","identical_value"
"results-","control","dtplyr","plan",TRUE,TRUE,TRUE
"results-","control","dtplyr","plan_predicate",TRUE,TRUE,TRUE
"results-","control","dtplyr","summary",TRUE,TRUE,TRUE
"results-","control","dtplyr","share",TRUE,TRUE,TRUE
"results-","control","dtplyr","across",TRUE,TRUE,TRUE
"results-","control","dtplyr","pick",TRUE,TRUE,TRUE
"results-","control","dtplyr","expand",TRUE,TRUE,TRUE
"results-","control","dtplyr","sqlite",TRUE,TRUE,TRUE
"results-","control","dtplyr","native_sql",TRUE,TRUE,TRUE
"results-","control","dtplyr","dt_summary",TRUE,TRUE,TRUE
"results-","control","dtplyr","dt_nest",TRUE,TRUE,TRUE
"results-","control","dtplyr","dt_share",TRUE,TRUE,TRUE
"results-","r45control","r45glue","plan",TRUE,TRUE,TRUE
"results-","r45control","r45glue","plan_predicate",TRUE,TRUE,TRUE
"results-","r45control","r45glue","summary",TRUE,TRUE,TRUE
"results-","r45control","r45glue","share",TRUE,TRUE,TRUE
"results-","r45control","r45glue","across",TRUE,TRUE,TRUE
"results-","r45control","r45glue","pick",TRUE,TRUE,TRUE
"results-","r45control","r45glue","expand",TRUE,TRUE,TRUE
"results-","r45control","r45glue","sqlite",TRUE,TRUE,TRUE
"results-","r45control","r45glue","native_sql",TRUE,TRUE,TRUE
"results-","r45control","r45glue","dt_summary",TRUE,TRUE,TRUE
"results-","r45control","r45glue","dt_nest",TRUE,TRUE,TRUE
"results-","r45control","r45glue","dt_share",TRUE,TRUE,TRUE
"results-","r45control","r45dplyr120","plan",TRUE,TRUE,TRUE
"results-","r45control","r45dplyr120","plan_predicate",TRUE,TRUE,TRUE
"results-","r45control","r45dplyr120","summary",TRUE,TRUE,TRUE
"results-","r45control","r45dplyr120","share",TRUE,TRUE,TRUE
"results-","r45control","r45dplyr120","across",TRUE,TRUE,TRUE
"results-","r45control","r45dplyr120","pick",TRUE,TRUE,TRUE
"results-","r45control","r45dplyr120","expand",TRUE,TRUE,TRUE
"results-","r45control","r45dplyr120","sqlite",TRUE,TRUE,TRUE
"results-","r45control","r45dplyr120","native_sql",TRUE,TRUE,TRUE
"results-","r45control","r45dplyr120","dt_summary",TRUE,TRUE,TRUE
"results-","r45control","r45dplyr120","dt_nest",TRUE,TRUE,TRUE
"results-","r45control","r45dplyr120","dt_share",TRUE,TRUE,TRUE
"results-","r45control","r45near","plan",TRUE,TRUE,TRUE
"results-","r45control","r45near","plan_predicate",TRUE,TRUE,TRUE
"results-","r45control","r45near","summary",TRUE,TRUE,TRUE
"results-","r45control","r45near","share",TRUE,TRUE,TRUE
"results-","r45control","r45near","across",TRUE,TRUE,TRUE
"results-","r45control","r45near","pick",TRUE,TRUE,TRUE
"results-","r45control","r45near","expand",TRUE,TRUE,TRUE
"results-","r45control","r45near","sqlite",TRUE,TRUE,TRUE
"results-","r45control","r45near","native_sql",TRUE,TRUE,TRUE
"results-","r45control","r45near","dt_summary",TRUE,TRUE,TRUE
"results-","r45control","r45near","dt_nest",TRUE,TRUE,TRUE
"results-","r45control","r45near","dt_share",TRUE,TRUE,TRUE
"results-","r45near","r45near-dt","plan",TRUE,TRUE,TRUE
"results-","r45near","r45near-dt","plan_predicate",TRUE,TRUE,TRUE
"results-","r45near","r45near-dt","summary",TRUE,TRUE,TRUE
"results-","r45near","r45near-dt","share",TRUE,TRUE,TRUE
"results-","r45near","r45near-dt","across",TRUE,TRUE,TRUE
"results-","r45near","r45near-dt","pick",TRUE,TRUE,TRUE
"results-","r45near","r45near-dt","expand",TRUE,TRUE,TRUE
"results-","r45near","r45near-dt","sqlite",TRUE,TRUE,TRUE
"results-","r45near","r45near-dt","native_sql",TRUE,TRUE,TRUE
"results-","r45near","r45near-dt","dt_summary",TRUE,TRUE,TRUE
"results-","r45near","r45near-dt","dt_nest",TRUE,TRUE,TRUE
"results-","r45near","r45near-dt","dt_share",TRUE,TRUE,TRUE
"results-","control","r45arrow","plan",TRUE,TRUE,TRUE
"results-","control","r45arrow","plan_predicate",TRUE,TRUE,TRUE
"results-","control","r45arrow","summary",TRUE,TRUE,TRUE
"results-","control","r45arrow","share",TRUE,TRUE,TRUE
"results-","control","r45arrow","across",TRUE,TRUE,TRUE
"results-","control","r45arrow","pick",TRUE,TRUE,TRUE
"results-","control","r45arrow","expand",TRUE,TRUE,TRUE
"results-","control","r45arrow","sqlite",TRUE,TRUE,TRUE
"results-","control","r45arrow","native_sql",TRUE,TRUE,TRUE
"results-","control","r45arrow","dt_summary",TRUE,TRUE,TRUE
"results-","control","r45arrow","dt_nest",TRUE,TRUE,TRUE
"results-","control","r45arrow","dt_share",TRUE,TRUE,TRUE
"results-","control","r45arrow","arrow_summary",TRUE,TRUE,TRUE
"results-","control","r45arrow","arrow_expand",TRUE,TRUE,TRUE
"results-extended-","control","dtplyr","nested_plan",TRUE,TRUE,TRUE
"results-extended-","control","dtplyr","fixed_key",TRUE,TRUE,TRUE
"results-extended-","control","dtplyr","multi_across",TRUE,TRUE,TRUE
"results-extended-","control","dtplyr","factor",TRUE,TRUE,TRUE
"results-extended-","control","dtplyr","duplicate_diagnostic",TRUE,TRUE,TRUE
"results-extended-","control","dtplyr","sqlite_compute",TRUE,TRUE,TRUE
"results-extended-","control","dtplyr","sqlite_across",TRUE,TRUE,TRUE
"results-extended-","control","dtplyr","dt_derived_where",TRUE,TRUE,TRUE
"results-extended-","control","dtplyr","dt_nest_by",TRUE,TRUE,TRUE
"results-extended-","control","dtplyr","duckdb_native",TRUE,TRUE,TRUE
"results-extended-","r45control","r45glue","nested_plan",TRUE,TRUE,TRUE
"results-extended-","r45control","r45glue","fixed_key",TRUE,TRUE,TRUE
"results-extended-","r45control","r45glue","multi_across",TRUE,TRUE,TRUE
"results-extended-","r45control","r45glue","factor",TRUE,TRUE,TRUE
"results-extended-","r45control","r45glue","duplicate_diagnostic",TRUE,TRUE,TRUE
"results-extended-","r45control","r45glue","sqlite_compute",TRUE,TRUE,TRUE
"results-extended-","r45control","r45glue","sqlite_across",TRUE,TRUE,TRUE
"results-extended-","r45control","r45glue","dt_derived_where",TRUE,TRUE,TRUE
"results-extended-","r45control","r45glue","dt_nest_by",TRUE,TRUE,TRUE
"results-extended-","r45control","r45dplyr120","nested_plan",TRUE,TRUE,TRUE
"results-extended-","r45control","r45dplyr120","fixed_key",TRUE,TRUE,TRUE
"results-extended-","r45control","r45dplyr120","multi_across",TRUE,TRUE,TRUE
"results-extended-","r45control","r45dplyr120","factor",TRUE,TRUE,TRUE
"results-extended-","r45control","r45dplyr120","duplicate_diagnostic",TRUE,TRUE,TRUE
"results-extended-","r45control","r45dplyr120","sqlite_compute",TRUE,TRUE,TRUE
"results-extended-","r45control","r45dplyr120","sqlite_across",TRUE,TRUE,TRUE
"results-extended-","r45control","r45dplyr120","dt_derived_where",TRUE,TRUE,TRUE
"results-extended-","r45control","r45dplyr120","dt_nest_by",TRUE,TRUE,TRUE
"results-extended-","r45control","r45near","nested_plan",TRUE,TRUE,TRUE
"results-extended-","r45control","r45near","fixed_key",TRUE,TRUE,TRUE
"results-extended-","r45control","r45near","multi_across",TRUE,TRUE,TRUE
"results-extended-","r45control","r45near","factor",TRUE,TRUE,TRUE
"results-extended-","r45control","r45near","duplicate_diagnostic",TRUE,TRUE,TRUE
"results-extended-","r45control","r45near","sqlite_compute",TRUE,TRUE,TRUE
"results-extended-","r45control","r45near","sqlite_across",TRUE,TRUE,TRUE
"results-extended-","r45control","r45near","dt_derived_where",TRUE,TRUE,TRUE
"results-extended-","r45control","r45near","dt_nest_by",TRUE,TRUE,TRUE
"results-extended-","r45control","r45near","duckdb_native",TRUE,TRUE,TRUE
"results-extended-","r45control","r45near-dt","nested_plan",TRUE,TRUE,TRUE
"results-extended-","r45control","r45near-dt","fixed_key",TRUE,TRUE,TRUE
"results-extended-","r45control","r45near-dt","multi_across",TRUE,TRUE,TRUE
"results-extended-","r45control","r45near-dt","factor",TRUE,TRUE,TRUE
"results-extended-","r45control","r45near-dt","duplicate_diagnostic",TRUE,TRUE,TRUE
"results-extended-","r45control","r45near-dt","sqlite_compute",TRUE,TRUE,TRUE
"results-extended-","r45control","r45near-dt","sqlite_across",TRUE,TRUE,TRUE
"results-extended-","r45control","r45near-dt","dt_derived_where",TRUE,TRUE,TRUE
"results-extended-","r45control","r45near-dt","dt_nest_by",TRUE,TRUE,TRUE
"results-extended-","r45control","r45near-dt","duckdb_native",TRUE,TRUE,TRUE
"results-dt-extended-","control","dtplyr","derived_plan",TRUE,TRUE,TRUE
"results-dt-extended-","control","dtplyr","derived_summary",TRUE,TRUE,TRUE
"results-dt-extended-","control","dtplyr","named_across",TRUE,TRUE,TRUE
"results-dt-extended-","control","dtplyr","across_share",TRUE,TRUE,TRUE
"results-dt-extended-","control","dtplyr","nested",TRUE,TRUE,TRUE
"results-dt-extended-","r45near","r45near-dt","derived_plan",TRUE,TRUE,TRUE
"results-dt-extended-","r45near","r45near-dt","derived_summary",TRUE,TRUE,TRUE
"results-dt-extended-","r45near","r45near-dt","named_across",TRUE,TRUE,TRUE
"results-dt-extended-","r45near","r45near-dt","across_share",TRUE,TRUE,TRUE
"results-dt-extended-","r45near","r45near-dt","nested",TRUE,TRUE,TRUE
"results-arrow-extended-","control","r45arrow","table_plan",TRUE,TRUE,TRUE
"results-arrow-extended-","control","r45arrow","table_summary",TRUE,TRUE,TRUE
"results-arrow-extended-","control","r45arrow","table_across",TRUE,TRUE,TRUE
"results-arrow-extended-","control","r45arrow","fixed_key",TRUE,TRUE,TRUE
"results-arrow-extended-","control","r45arrow","query_summary",TRUE,TRUE,TRUE
"results-arrow-extended-","control","r45arrow","table_expand",TRUE,TRUE,TRUE
"results-arrow-extended-","control","r45arrow","record_batch",TRUE,TRUE,TRUE
