"package","field","dependency","operator","required","actual","path","valid"
"arrow","Depends","R",">=","3.4","4.5.2","/private/tmp/marginplyr-minver-kalaij/r45-home",TRUE
"arrow","Imports","assertthat","","","0.2.1","/private/tmp/marginplyr-minver-kalaij/lib-r45arrow/assertthat",TRUE
"arrow","Imports","bit64",">=","0.9.7","4.8.6","/private/tmp/marginplyr-minver-kalaij/lib-r45arrow/bit64",TRUE
"arrow","Imports","glue","","","1.8.1","/private/tmp/marginplyr-minver-kalaij/lib-r45arrow/glue",TRUE
"arrow","Imports","methods","","","4.5.2","/private/tmp/marginplyr-minver-kalaij/r45-home/library/methods",TRUE
"arrow","Imports","purrr","","","1.2.2","/private/tmp/marginplyr-minver-kalaij/lib-r45arrow/purrr",TRUE
"arrow","Imports","R6","","","2.6.1","/private/tmp/marginplyr-minver-kalaij/lib-r45arrow/R6",TRUE
"arrow","Imports","rlang",">=","1.0.0","1.3.0","/private/tmp/marginplyr-minver-kalaij/lib-r45arrow/rlang",TRUE
"arrow","Imports","stats","","","4.5.2","/private/tmp/marginplyr-minver-kalaij/r45-home/library/stats",TRUE
"arrow","Imports","tidyselect",">=","1.0.0","1.2.1","/private/tmp/marginplyr-minver-kalaij/lib-r45arrow/tidyselect",TRUE
"arrow","Imports","utils","","","4.5.2","/private/tmp/marginplyr-minver-kalaij/r45-home/library/utils",TRUE
"arrow","Imports","vctrs","","","0.7.3","/private/tmp/marginplyr-minver-kalaij/lib-r45arrow/vctrs",TRUE
"arrow","LinkingTo","cpp11",">=","0.4.2","0.5.5","/private/tmp/marginplyr-minver-kalaij/lib-r45arrow/cpp11",TRUE
"assertthat","Imports","tools","","","4.5.2","/private/tmp/marginplyr-minver-kalaij/r45-home/library/tools",TRUE
"bit","Depends","R",">=","3.4.0","4.5.2","/private/tmp/marginplyr-minver-kalaij/r45-home",TRUE
"bit64","Depends","R",">=","3.5.0","4.5.2","/private/tmp/marginplyr-minver-kalaij/r45-home",TRUE
"bit64","Imports","bit",">=","4.0.0","4.6.0","/private/tmp/marginplyr-minver-kalaij/lib-r45arrow/bit",TRUE
"bit64","Imports","graphics","","","4.5.2","/private/tmp/marginplyr-minver-kalaij/r45-home/library/graphics",TRUE
"bit64","Imports","methods","","","4.5.2","/private/tmp/marginplyr-minver-kalaij/r45-home/library/methods",TRUE
"bit64","Imports","stats","","","4.5.2","/private/tmp/marginplyr-minver-kalaij/r45-home/library/stats",TRUE
"bit64","Imports","utils","","","4.5.2","/private/tmp/marginplyr-minver-kalaij/r45-home/library/utils",TRUE
"blob","Imports","methods","","","4.5.2","/private/tmp/marginplyr-minver-kalaij/r45-home/library/methods",TRUE
"blob","Imports","rlang","","","1.3.0","/private/tmp/marginplyr-minver-kalaij/lib-r45arrow/rlang",TRUE
"blob","Imports","vctrs",">=","0.2.1","0.7.3","/private/tmp/marginplyr-minver-kalaij/lib-r45arrow/vctrs",TRUE
"cachem","Imports","rlang","","","1.3.0","/private/tmp/marginplyr-minver-kalaij/lib-r45arrow/rlang",TRUE
"cachem","Imports","fastmap",">=","1.2.0","1.2.0","/private/tmp/marginplyr-minver-kalaij/lib-r45arrow/fastmap",TRUE
"cli","Depends","R",">=","3.4","4.5.2","/private/tmp/marginplyr-minver-kalaij/r45-home",TRUE
"cli","Imports","utils","","","4.5.2","/private/tmp/marginplyr-minver-kalaij/r45-home/library/utils",TRUE
"cpp11","Depends","R",">=","4.0.0","4.5.2","/private/tmp/marginplyr-minver-kalaij/r45-home",TRUE
"data.table","Depends","R",">=","3.4.0","4.5.2","/private/tmp/marginplyr-minver-kalaij/r45-home",TRUE
"data.table","Imports","methods","","","4.5.2","/private/tmp/marginplyr-minver-kalaij/r45-home/library/methods",TRUE
"DBI","Depends","methods","","","4.5.2","/private/tmp/marginplyr-minver-kalaij/r45-home/library/methods",TRUE
"DBI","Depends","R",">=","3.0.0","4.5.2","/private/tmp/marginplyr-minver-kalaij/r45-home",TRUE
"dbplyr","Depends","R",">=","4.1","4.5.2","/private/tmp/marginplyr-minver-kalaij/r45-home",TRUE
"dbplyr","Imports","blob",">=","1.2.0","1.3.0","/private/tmp/marginplyr-minver-kalaij/lib-r45arrow/blob",TRUE
"dbplyr","Imports","cli",">=","3.6.1","3.6.6","/private/tmp/marginplyr-minver-kalaij/lib-r45arrow/cli",TRUE
"dbplyr","Imports","DBI",">=","1.1.3","1.3.0","/private/tmp/marginplyr-minver-kalaij/lib-r45arrow/DBI",TRUE
"dbplyr","Imports","dplyr",">=","1.1.2","1.2.1","/private/tmp/marginplyr-minver-kalaij/lib-r45arrow/dplyr",TRUE
"dbplyr","Imports","glue",">=","1.6.2","1.8.1","/private/tmp/marginplyr-minver-kalaij/lib-r45arrow/glue",TRUE
"dbplyr","Imports","lifecycle",">=","1.0.3","1.0.5","/private/tmp/marginplyr-minver-kalaij/lib-r45arrow/lifecycle",TRUE
"dbplyr","Imports","magrittr","","","2.0.5","/private/tmp/marginplyr-minver-kalaij/lib-r45arrow/magrittr",TRUE
"dbplyr","Imports","methods","","","4.5.2","/private/tmp/marginplyr-minver-kalaij/r45-home/library/methods",TRUE
"dbplyr","Imports","pillar",">=","1.9.0","1.11.1","/private/tmp/marginplyr-minver-kalaij/lib-r45arrow/pillar",TRUE
"dbplyr","Imports","purrr",">=","1.0.1","1.2.2","/private/tmp/marginplyr-minver-kalaij/lib-r45arrow/purrr",TRUE
"dbplyr","Imports","R6",">=","2.2.2","2.6.1","/private/tmp/marginplyr-minver-kalaij/lib-r45arrow/R6",TRUE
"dbplyr","Imports","rlang",">=","1.1.1","1.3.0","/private/tmp/marginplyr-minver-kalaij/lib-r45arrow/rlang",TRUE
"dbplyr","Imports","tibble",">=","3.2.1","3.3.1","/private/tmp/marginplyr-minver-kalaij/lib-r45arrow/tibble",TRUE
"dbplyr","Imports","tidyr",">=","1.3.0","1.3.2","/private/tmp/marginplyr-minver-kalaij/lib-r45arrow/tidyr",TRUE
"dbplyr","Imports","tidyselect",">=","1.2.1","1.2.1","/private/tmp/marginplyr-minver-kalaij/lib-r45arrow/tidyselect",TRUE
"dbplyr","Imports","utils","","","4.5.2","/private/tmp/marginplyr-minver-kalaij/r45-home/library/utils",TRUE
"dbplyr","Imports","vctrs",">=","0.6.3","0.7.3","/private/tmp/marginplyr-minver-kalaij/lib-r45arrow/vctrs",TRUE
"dbplyr","Imports","withr",">=","2.5.0","3.0.3","/private/tmp/marginplyr-minver-kalaij/lib-r45arrow/withr",TRUE
"dplyr","Depends","R",">=","4.1.0","4.5.2","/private/tmp/marginplyr-minver-kalaij/r45-home",TRUE
"dplyr","Imports","cli",">=","3.6.2","3.6.6","/private/tmp/marginplyr-minver-kalaij/lib-r45arrow/cli",TRUE
"dplyr","Imports","generics","","","0.1.4","/private/tmp/marginplyr-minver-kalaij/lib-r45arrow/generics",TRUE
"dplyr","Imports","glue",">=","1.3.2","1.8.1","/private/tmp/marginplyr-minver-kalaij/lib-r45arrow/glue",TRUE
"dplyr","Imports","lifecycle",">=","1.0.5","1.0.5","/private/tmp/marginplyr-minver-kalaij/lib-r45arrow/lifecycle",TRUE
"dplyr","Imports","magrittr",">=","1.5","2.0.5","/private/tmp/marginplyr-minver-kalaij/lib-r45arrow/magrittr",TRUE
"dplyr","Imports","methods","","","4.5.2","/private/tmp/marginplyr-minver-kalaij/r45-home/library/methods",TRUE
"dplyr","Imports","pillar",">=","1.9.0","1.11.1","/private/tmp/marginplyr-minver-kalaij/lib-r45arrow/pillar",TRUE
"dplyr","Imports","R6","","","2.6.1","/private/tmp/marginplyr-minver-kalaij/lib-r45arrow/R6",TRUE
"dplyr","Imports","rlang",">=","1.1.7","1.3.0","/private/tmp/marginplyr-minver-kalaij/lib-r45arrow/rlang",TRUE
"dplyr","Imports","tibble",">=","3.2.0","3.3.1","/private/tmp/marginplyr-minver-kalaij/lib-r45arrow/tibble",TRUE
"dplyr","Imports","tidyselect",">=","1.2.0","1.2.1","/private/tmp/marginplyr-minver-kalaij/lib-r45arrow/tidyselect",TRUE
"dplyr","Imports","utils","","","4.5.2","/private/tmp/marginplyr-minver-kalaij/r45-home/library/utils",TRUE
"dplyr","Imports","vctrs",">=","0.7.1","0.7.3","/private/tmp/marginplyr-minver-kalaij/lib-r45arrow/vctrs",TRUE
"dtplyr","Depends","R",">=","4.0","4.5.2","/private/tmp/marginplyr-minver-kalaij/r45-home",TRUE
"dtplyr","Imports","cli",">=","3.4.0","3.6.6","/private/tmp/marginplyr-minver-kalaij/lib-r45arrow/cli",TRUE
"dtplyr","Imports","data.table",">=","1.13.0","1.18.6.1","/private/tmp/marginplyr-minver-kalaij/lib-r45arrow/data.table",TRUE
"dtplyr","Imports","dplyr",">=","1.1.0","1.2.1","/private/tmp/marginplyr-minver-kalaij/lib-r45arrow/dplyr",TRUE
"dtplyr","Imports","glue","","","1.8.1","/private/tmp/marginplyr-minver-kalaij/lib-r45arrow/glue",TRUE
"dtplyr","Imports","lifecycle","","","1.0.5","/private/tmp/marginplyr-minver-kalaij/lib-r45arrow/lifecycle",TRUE
"dtplyr","Imports","rlang",">=","1.0.4","1.3.0","/private/tmp/marginplyr-minver-kalaij/lib-r45arrow/rlang",TRUE
"dtplyr","Imports","tibble","","","3.3.1","/private/tmp/marginplyr-minver-kalaij/lib-r45arrow/tibble",TRUE
"dtplyr","Imports","tidyselect",">=","1.2.0","1.2.1","/private/tmp/marginplyr-minver-kalaij/lib-r45arrow/tidyselect",TRUE
"dtplyr","Imports","vctrs",">=","0.4.1","0.7.3","/private/tmp/marginplyr-minver-kalaij/lib-r45arrow/vctrs",TRUE
"generics","Depends","R",">=","3.6","4.5.2","/private/tmp/marginplyr-minver-kalaij/r45-home",TRUE
"generics","Imports","methods","","","4.5.2","/private/tmp/marginplyr-minver-kalaij/r45-home/library/methods",TRUE
"glue","Depends","R",">=","4.1","4.5.2","/private/tmp/marginplyr-minver-kalaij/r45-home",TRUE
"glue","Imports","methods","","","4.5.2","/private/tmp/marginplyr-minver-kalaij/r45-home/library/methods",TRUE
"lifecycle","Depends","R",">=","3.6","4.5.2","/private/tmp/marginplyr-minver-kalaij/r45-home",TRUE
"lifecycle","Imports","cli",">=","3.4.0","3.6.6","/private/tmp/marginplyr-minver-kalaij/lib-r45arrow/cli",TRUE
"lifecycle","Imports","rlang",">=","1.1.0","1.3.0","/private/tmp/marginplyr-minver-kalaij/lib-r45arrow/rlang",TRUE
"magrittr","Depends","R",">=","3.4.0","4.5.2","/private/tmp/marginplyr-minver-kalaij/r45-home",TRUE
"marginplyr","Depends","R",">=","4.1.0","4.5.2","/private/tmp/marginplyr-minver-kalaij/r45-home",TRUE
"marginplyr","Imports","cli",">=","3.4.0","3.6.6","/private/tmp/marginplyr-minver-kalaij/lib-r45arrow/cli",TRUE
"marginplyr","Imports","dbplyr",">=","2.6.0","2.6.0","/private/tmp/marginplyr-minver-kalaij/lib-r45arrow/dbplyr",TRUE
"marginplyr","Imports","dplyr",">=","1.1.1","1.2.1","/private/tmp/marginplyr-minver-kalaij/lib-r45arrow/dplyr",TRUE
"marginplyr","Imports","glue","","","1.8.1","/private/tmp/marginplyr-minver-kalaij/lib-r45arrow/glue",TRUE
"marginplyr","Imports","rlang",">=","1.1.0","1.3.0","/private/tmp/marginplyr-minver-kalaij/lib-r45arrow/rlang",TRUE
"marginplyr","Imports","stats","","","4.5.2","/private/tmp/marginplyr-minver-kalaij/r45-home/library/stats",TRUE
"marginplyr","Imports","tidyselect",">=","1.2.0","1.2.1","/private/tmp/marginplyr-minver-kalaij/lib-r45arrow/tidyselect",TRUE
"marginplyr","Imports","utils","","","4.5.2","/private/tmp/marginplyr-minver-kalaij/r45-home/library/utils",TRUE
"memoise","Imports","rlang",">=","0.4.10","1.3.0","/private/tmp/marginplyr-minver-kalaij/lib-r45arrow/rlang",TRUE
"memoise","Imports","cachem","","","1.1.0","/private/tmp/marginplyr-minver-kalaij/lib-r45arrow/cachem",TRUE
"pillar","Imports","cli",">=","2.3.0","3.6.6","/private/tmp/marginplyr-minver-kalaij/lib-r45arrow/cli",TRUE
"pillar","Imports","glue","","","1.8.1","/private/tmp/marginplyr-minver-kalaij/lib-r45arrow/glue",TRUE
"pillar","Imports","lifecycle","","","1.0.5","/private/tmp/marginplyr-minver-kalaij/lib-r45arrow/lifecycle",TRUE
"pillar","Imports","rlang",">=","1.0.2","1.3.0","/private/tmp/marginplyr-minver-kalaij/lib-r45arrow/rlang",TRUE
"pillar","Imports","utf8",">=","1.1.0","1.2.6","/private/tmp/marginplyr-minver-kalaij/lib-r45arrow/utf8",TRUE
"pillar","Imports","utils","","","4.5.2","/private/tmp/marginplyr-minver-kalaij/r45-home/library/utils",TRUE
"pillar","Imports","vctrs",">=","0.5.0","0.7.3","/private/tmp/marginplyr-minver-kalaij/lib-r45arrow/vctrs",TRUE
"pkgconfig","Imports","utils","","","4.5.2","/private/tmp/marginplyr-minver-kalaij/r45-home/library/utils",TRUE
"purrr","Depends","R",">=","4.1","4.5.2","/private/tmp/marginplyr-minver-kalaij/r45-home",TRUE
"purrr","Imports","cli",">=","3.6.1","3.6.6","/private/tmp/marginplyr-minver-kalaij/lib-r45arrow/cli",TRUE
"purrr","Imports","lifecycle",">=","1.0.3","1.0.5","/private/tmp/marginplyr-minver-kalaij/lib-r45arrow/lifecycle",TRUE
"purrr","Imports","magrittr",">=","1.5.0","2.0.5","/private/tmp/marginplyr-minver-kalaij/lib-r45arrow/magrittr",TRUE
"purrr","Imports","rlang",">=","1.1.1","1.3.0","/private/tmp/marginplyr-minver-kalaij/lib-r45arrow/rlang",TRUE
"purrr","Imports","vctrs",">=","0.6.3","0.7.3","/private/tmp/marginplyr-minver-kalaij/lib-r45arrow/vctrs",TRUE
"purrr","LinkingTo","cli","","","3.6.6","/private/tmp/marginplyr-minver-kalaij/lib-r45arrow/cli",TRUE
"R6","Depends","R",">=","3.6","4.5.2","/private/tmp/marginplyr-minver-kalaij/r45-home",TRUE
"rlang","Depends","R",">=","4.0.0","4.5.2","/private/tmp/marginplyr-minver-kalaij/r45-home",TRUE
"rlang","Imports","utils","","","4.5.2","/private/tmp/marginplyr-minver-kalaij/r45-home/library/utils",TRUE
"RSQLite","Depends","R",">=","3.1.0","4.5.2","/private/tmp/marginplyr-minver-kalaij/r45-home",TRUE
"RSQLite","Imports","bit64","","","4.8.6","/private/tmp/marginplyr-minver-kalaij/lib-r45arrow/bit64",TRUE
"RSQLite","Imports","blob",">=","1.2.0","1.3.0","/private/tmp/marginplyr-minver-kalaij/lib-r45arrow/blob",TRUE
"RSQLite","Imports","DBI",">=","1.2.0","1.3.0","/private/tmp/marginplyr-minver-kalaij/lib-r45arrow/DBI",TRUE
"RSQLite","Imports","memoise","","","2.0.1","/private/tmp/marginplyr-minver-kalaij/lib-r45arrow/memoise",TRUE
"RSQLite","Imports","methods","","","4.5.2","/private/tmp/marginplyr-minver-kalaij/r45-home/library/methods",TRUE
"RSQLite","Imports","pkgconfig","","","2.0.3","/private/tmp/marginplyr-minver-kalaij/lib-r45arrow/pkgconfig",TRUE
"RSQLite","Imports","rlang","","","1.3.0","/private/tmp/marginplyr-minver-kalaij/lib-r45arrow/rlang",TRUE
"RSQLite","LinkingTo","cpp11",">=","0.4.0","0.5.5","/private/tmp/marginplyr-minver-kalaij/lib-r45arrow/cpp11",TRUE
"stringi","Depends","R",">=","3.4","4.5.2","/private/tmp/marginplyr-minver-kalaij/r45-home",TRUE
"stringi","Imports","tools","","","4.5.2","/private/tmp/marginplyr-minver-kalaij/r45-home/library/tools",TRUE
"stringi","Imports","utils","","","4.5.2","/private/tmp/marginplyr-minver-kalaij/r45-home/library/utils",TRUE
"stringi","Imports","stats","","","4.5.2","/private/tmp/marginplyr-minver-kalaij/r45-home/library/stats",TRUE
"stringr","Depends","R",">=","4.1.0","4.5.2","/private/tmp/marginplyr-minver-kalaij/r45-home",TRUE
"stringr","Imports","cli","","","3.6.6","/private/tmp/marginplyr-minver-kalaij/lib-r45arrow/cli",TRUE
"stringr","Imports","glue",">=","1.6.1","1.8.1","/private/tmp/marginplyr-minver-kalaij/lib-r45arrow/glue",TRUE
"stringr","Imports","lifecycle",">=","1.0.3","1.0.5","/private/tmp/marginplyr-minver-kalaij/lib-r45arrow/lifecycle",TRUE
"stringr","Imports","magrittr","","","2.0.5","/private/tmp/marginplyr-minver-kalaij/lib-r45arrow/magrittr",TRUE
"stringr","Imports","rlang",">=","1.0.0","1.3.0","/private/tmp/marginplyr-minver-kalaij/lib-r45arrow/rlang",TRUE
"stringr","Imports","stringi",">=","1.5.3","1.8.9","/private/tmp/marginplyr-minver-kalaij/lib-r45arrow/stringi",TRUE
"stringr","Imports","vctrs",">=","0.4.0","0.7.3","/private/tmp/marginplyr-minver-kalaij/lib-r45arrow/vctrs",TRUE
"tibble","Depends","R",">=","3.4.0","4.5.2","/private/tmp/marginplyr-minver-kalaij/r45-home",TRUE
"tibble","Imports","cli","","","3.6.6","/private/tmp/marginplyr-minver-kalaij/lib-r45arrow/cli",TRUE
"tibble","Imports","lifecycle",">=","1.0.0","1.0.5","/private/tmp/marginplyr-minver-kalaij/lib-r45arrow/lifecycle",TRUE
"tibble","Imports","magrittr","","","2.0.5","/private/tmp/marginplyr-minver-kalaij/lib-r45arrow/magrittr",TRUE
"tibble","Imports","methods","","","4.5.2","/private/tmp/marginplyr-minver-kalaij/r45-home/library/methods",TRUE
"tibble","Imports","pillar",">=","1.8.1","1.11.1","/private/tmp/marginplyr-minver-kalaij/lib-r45arrow/pillar",TRUE
"tibble","Imports","pkgconfig","","","2.0.3","/private/tmp/marginplyr-minver-kalaij/lib-r45arrow/pkgconfig",TRUE
"tibble","Imports","rlang",">=","1.0.2","1.3.0","/private/tmp/marginplyr-minver-kalaij/lib-r45arrow/rlang",TRUE
"tibble","Imports","utils","","","4.5.2","/private/tmp/marginplyr-minver-kalaij/r45-home/library/utils",TRUE
"tibble","Imports","vctrs",">=","0.5.0","0.7.3","/private/tmp/marginplyr-minver-kalaij/lib-r45arrow/vctrs",TRUE
"tidyr","Depends","R",">=","4.1.0","4.5.2","/private/tmp/marginplyr-minver-kalaij/r45-home",TRUE
"tidyr","Imports","cli",">=","3.4.1","3.6.6","/private/tmp/marginplyr-minver-kalaij/lib-r45arrow/cli",TRUE
"tidyr","Imports","dplyr",">=","1.1.0","1.2.1","/private/tmp/marginplyr-minver-kalaij/lib-r45arrow/dplyr",TRUE
"tidyr","Imports","glue","","","1.8.1","/private/tmp/marginplyr-minver-kalaij/lib-r45arrow/glue",TRUE
"tidyr","Imports","lifecycle",">=","1.0.3","1.0.5","/private/tmp/marginplyr-minver-kalaij/lib-r45arrow/lifecycle",TRUE
"tidyr","Imports","magrittr","","","2.0.5","/private/tmp/marginplyr-minver-kalaij/lib-r45arrow/magrittr",TRUE
"tidyr","Imports","purrr",">=","1.0.1","1.2.2","/private/tmp/marginplyr-minver-kalaij/lib-r45arrow/purrr",TRUE
"tidyr","Imports","rlang",">=","1.1.1","1.3.0","/private/tmp/marginplyr-minver-kalaij/lib-r45arrow/rlang",TRUE
"tidyr","Imports","stringr",">=","1.5.0","1.6.0","/private/tmp/marginplyr-minver-kalaij/lib-r45arrow/stringr",TRUE
"tidyr","Imports","tibble",">=","2.1.1","3.3.1","/private/tmp/marginplyr-minver-kalaij/lib-r45arrow/tibble",TRUE
"tidyr","Imports","tidyselect",">=","1.2.1","1.2.1","/private/tmp/marginplyr-minver-kalaij/lib-r45arrow/tidyselect",TRUE
"tidyr","Imports","utils","","","4.5.2","/private/tmp/marginplyr-minver-kalaij/r45-home/library/utils",TRUE
"tidyr","Imports","vctrs",">=","0.5.2","0.7.3","/private/tmp/marginplyr-minver-kalaij/lib-r45arrow/vctrs",TRUE
"tidyr","LinkingTo","cpp11",">=","0.4.0","0.5.5","/private/tmp/marginplyr-minver-kalaij/lib-r45arrow/cpp11",TRUE
"tidyselect","Depends","R",">=","3.4","4.5.2","/private/tmp/marginplyr-minver-kalaij/r45-home",TRUE
"tidyselect","Imports","cli",">=","3.3.0","3.6.6","/private/tmp/marginplyr-minver-kalaij/lib-r45arrow/cli",TRUE
"tidyselect","Imports","glue",">=","1.3.0","1.8.1","/private/tmp/marginplyr-minver-kalaij/lib-r45arrow/glue",TRUE
"tidyselect","Imports","lifecycle",">=","1.0.3","1.0.5","/private/tmp/marginplyr-minver-kalaij/lib-r45arrow/lifecycle",TRUE
"tidyselect","Imports","rlang",">=","1.0.4","1.3.0","/private/tmp/marginplyr-minver-kalaij/lib-r45arrow/rlang",TRUE
"tidyselect","Imports","vctrs",">=","0.5.2","0.7.3","/private/tmp/marginplyr-minver-kalaij/lib-r45arrow/vctrs",TRUE
"tidyselect","Imports","withr","","","3.0.3","/private/tmp/marginplyr-minver-kalaij/lib-r45arrow/withr",TRUE
"utf8","Depends","R",">=","2.10","4.5.2","/private/tmp/marginplyr-minver-kalaij/r45-home",TRUE
"vctrs","Depends","R",">=","4.0.0","4.5.2","/private/tmp/marginplyr-minver-kalaij/r45-home",TRUE
"vctrs","Imports","cli",">=","3.4.0","3.6.6","/private/tmp/marginplyr-minver-kalaij/lib-r45arrow/cli",TRUE
"vctrs","Imports","glue","","","1.8.1","/private/tmp/marginplyr-minver-kalaij/lib-r45arrow/glue",TRUE
"vctrs","Imports","lifecycle",">=","1.0.3","1.0.5","/private/tmp/marginplyr-minver-kalaij/lib-r45arrow/lifecycle",TRUE
"vctrs","Imports","rlang",">=","1.1.7","1.3.0","/private/tmp/marginplyr-minver-kalaij/lib-r45arrow/rlang",TRUE
"withr","Depends","R",">=","3.6.0","4.5.2","/private/tmp/marginplyr-minver-kalaij/r45-home",TRUE
"withr","Imports","graphics","","","4.5.2","/private/tmp/marginplyr-minver-kalaij/r45-home/library/graphics",TRUE
"withr","Imports","grDevices","","","4.5.2","/private/tmp/marginplyr-minver-kalaij/r45-home/library/grDevices",TRUE
