configuration,package,version,historical_loaded_path
control,marginplyr,0.1.0,/private/tmp/marginplyr-minver-kalaij/lib-control/marginplyr
control,cli,3.6.6,/private/tmp/marginplyr-minver-kalaij/lib-control/cli
control,dbplyr,2.6.0,/private/tmp/marginplyr-minver-kalaij/lib-control/dbplyr
control,dplyr,1.2.1,/private/tmp/marginplyr-minver-kalaij/lib-control/dplyr
control,glue,1.8.1,/private/tmp/marginplyr-minver-kalaij/lib-control/glue
control,rlang,1.3.0,/private/tmp/marginplyr-minver-kalaij/lib-control/rlang
control,tidyselect,1.2.1,/private/tmp/marginplyr-minver-kalaij/lib-control/tidyselect
control,vctrs,0.7.3,/private/tmp/marginplyr-minver-kalaij/lib-control/vctrs
control,arrow,25.0.1,/private/tmp/marginplyr-minver-kalaij/lib-control/arrow
control,dtplyr,1.3.3,/private/tmp/marginplyr-minver-kalaij/lib-control/dtplyr
control,data.table,1.18.6.1,/private/tmp/marginplyr-minver-kalaij/lib-control/data.table
control,duckdb,1.5.5,/private/tmp/marginplyr-minver-kalaij/lib-control/duckdb
control,RSQLite,3.53.3,/private/tmp/marginplyr-minver-kalaij/lib-control/RSQLite
control,DBI,1.3.0,/private/tmp/marginplyr-minver-kalaij/lib-control/DBI
dtplyr,marginplyr,0.1.0,/private/tmp/marginplyr-minver-kalaij/lib-dtplyr/marginplyr
dtplyr,cli,3.6.6,/private/tmp/marginplyr-minver-kalaij/lib-dtplyr/cli
dtplyr,dbplyr,2.6.0,/private/tmp/marginplyr-minver-kalaij/lib-dtplyr/dbplyr
dtplyr,dplyr,1.2.1,/private/tmp/marginplyr-minver-kalaij/lib-dtplyr/dplyr
dtplyr,glue,1.8.1,/private/tmp/marginplyr-minver-kalaij/lib-dtplyr/glue
dtplyr,rlang,1.3.0,/private/tmp/marginplyr-minver-kalaij/lib-dtplyr/rlang
dtplyr,tidyselect,1.2.1,/private/tmp/marginplyr-minver-kalaij/lib-dtplyr/tidyselect
dtplyr,vctrs,0.7.3,/private/tmp/marginplyr-minver-kalaij/lib-dtplyr/vctrs
dtplyr,arrow,25.0.1,/private/tmp/marginplyr-minver-kalaij/lib-dtplyr/arrow
dtplyr,dtplyr,1.3.2,/private/tmp/marginplyr-minver-kalaij/lib-dtplyr/dtplyr
dtplyr,data.table,1.18.6.1,/private/tmp/marginplyr-minver-kalaij/lib-dtplyr/data.table
dtplyr,duckdb,1.5.5,/private/tmp/marginplyr-minver-kalaij/lib-dtplyr/duckdb
dtplyr,RSQLite,3.53.3,/private/tmp/marginplyr-minver-kalaij/lib-dtplyr/RSQLite
dtplyr,DBI,1.3.0,/private/tmp/marginplyr-minver-kalaij/lib-dtplyr/DBI
r45control,marginplyr,0.1.0,/private/tmp/marginplyr-minver-kalaij/lib-r45/marginplyr
r45control,cli,3.6.6,/private/tmp/marginplyr-minver-kalaij/lib-r45/cli
r45control,dbplyr,2.6.0,/private/tmp/marginplyr-minver-kalaij/lib-r45/dbplyr
r45control,dplyr,1.2.1,/private/tmp/marginplyr-minver-kalaij/lib-r45/dplyr
r45control,glue,1.8.1,/private/tmp/marginplyr-minver-kalaij/lib-r45/glue
r45control,rlang,1.3.0,/private/tmp/marginplyr-minver-kalaij/lib-r45/rlang
r45control,tidyselect,1.2.1,/private/tmp/marginplyr-minver-kalaij/lib-r45/tidyselect
r45control,vctrs,0.7.3,/private/tmp/marginplyr-minver-kalaij/lib-r45/vctrs
r45control,arrow,,
r45control,dtplyr,1.3.3,/private/tmp/marginplyr-minver-kalaij/lib-r45/dtplyr
r45control,data.table,1.18.6.1,/private/tmp/marginplyr-minver-kalaij/lib-r45/data.table
r45control,duckdb,1.5.5,/private/tmp/marginplyr-minver-kalaij/lib-r45/duckdb
r45control,RSQLite,3.53.3,/private/tmp/marginplyr-minver-kalaij/lib-r45/RSQLite
r45control,DBI,1.3.0,/private/tmp/marginplyr-minver-kalaij/lib-r45/DBI
r45glue,marginplyr,0.1.0,/private/tmp/marginplyr-minver-kalaij/lib-r45glue/marginplyr
r45glue,cli,3.6.6,/private/tmp/marginplyr-minver-kalaij/lib-r45glue/cli
r45glue,dbplyr,2.6.0,/private/tmp/marginplyr-minver-kalaij/lib-r45glue/dbplyr
r45glue,dplyr,1.2.1,/private/tmp/marginplyr-minver-kalaij/lib-r45glue/dplyr
r45glue,glue,1.6.2,/private/tmp/marginplyr-minver-kalaij/lib-r45glue/glue
r45glue,rlang,1.3.0,/private/tmp/marginplyr-minver-kalaij/lib-r45glue/rlang
r45glue,tidyselect,1.2.1,/private/tmp/marginplyr-minver-kalaij/lib-r45glue/tidyselect
r45glue,vctrs,0.7.3,/private/tmp/marginplyr-minver-kalaij/lib-r45glue/vctrs
r45glue,arrow,,
r45glue,dtplyr,1.3.3,/private/tmp/marginplyr-minver-kalaij/lib-r45glue/dtplyr
r45glue,data.table,1.18.6.1,/private/tmp/marginplyr-minver-kalaij/lib-r45glue/data.table
r45glue,duckdb,,
r45glue,RSQLite,3.53.3,/private/tmp/marginplyr-minver-kalaij/lib-r45glue/RSQLite
r45glue,DBI,1.3.0,/private/tmp/marginplyr-minver-kalaij/lib-r45glue/DBI
r45dplyr120,marginplyr,0.1.0,/private/tmp/marginplyr-minver-kalaij/lib-r45dplyr120/marginplyr
r45dplyr120,cli,3.6.6,/private/tmp/marginplyr-minver-kalaij/lib-r45dplyr120/cli
r45dplyr120,dbplyr,2.6.0,/private/tmp/marginplyr-minver-kalaij/lib-r45dplyr120/dbplyr
r45dplyr120,dplyr,1.2.0,/private/tmp/marginplyr-minver-kalaij/lib-r45dplyr120/dplyr
r45dplyr120,glue,1.8.1,/private/tmp/marginplyr-minver-kalaij/lib-r45dplyr120/glue
r45dplyr120,rlang,1.3.0,/private/tmp/marginplyr-minver-kalaij/lib-r45dplyr120/rlang
r45dplyr120,tidyselect,1.2.1,/private/tmp/marginplyr-minver-kalaij/lib-r45dplyr120/tidyselect
r45dplyr120,vctrs,0.7.3,/private/tmp/marginplyr-minver-kalaij/lib-r45dplyr120/vctrs
r45dplyr120,arrow,,
r45dplyr120,dtplyr,1.3.3,/private/tmp/marginplyr-minver-kalaij/lib-r45dplyr120/dtplyr
r45dplyr120,data.table,1.18.6.1,/private/tmp/marginplyr-minver-kalaij/lib-r45dplyr120/data.table
r45dplyr120,duckdb,,
r45dplyr120,RSQLite,3.53.3,/private/tmp/marginplyr-minver-kalaij/lib-r45dplyr120/RSQLite
r45dplyr120,DBI,1.3.0,/private/tmp/marginplyr-minver-kalaij/lib-r45dplyr120/DBI
r45near,marginplyr,0.1.0,/private/tmp/marginplyr-minver-kalaij/lib-r45near/marginplyr
r45near,cli,3.6.2,/private/tmp/marginplyr-minver-kalaij/lib-r45near/cli
r45near,dbplyr,2.6.0,/private/tmp/marginplyr-minver-kalaij/lib-r45near/dbplyr
r45near,dplyr,1.2.0,/private/tmp/marginplyr-minver-kalaij/lib-r45near/dplyr
r45near,glue,1.6.2,/private/tmp/marginplyr-minver-kalaij/lib-r45near/glue
r45near,rlang,1.1.7,/private/tmp/marginplyr-minver-kalaij/lib-r45near/rlang
r45near,tidyselect,1.2.1,/private/tmp/marginplyr-minver-kalaij/lib-r45near/tidyselect
r45near,vctrs,0.7.1,/private/tmp/marginplyr-minver-kalaij/lib-r45near/vctrs
r45near,arrow,,
r45near,dtplyr,1.3.3,/private/tmp/marginplyr-minver-kalaij/lib-r45near/dtplyr
r45near,data.table,1.18.6.1,/private/tmp/marginplyr-minver-kalaij/lib-r45near/data.table
r45near,duckdb,1.5.5,/private/tmp/marginplyr-minver-kalaij/lib-r45near/duckdb
r45near,RSQLite,3.53.3,/private/tmp/marginplyr-minver-kalaij/lib-r45near/RSQLite
r45near,DBI,1.3.0,/private/tmp/marginplyr-minver-kalaij/lib-r45near/DBI
r45near-dt,marginplyr,0.1.0,/private/tmp/marginplyr-minver-kalaij/lib-r45near-dt/marginplyr
r45near-dt,cli,3.6.2,/private/tmp/marginplyr-minver-kalaij/lib-r45near-dt/cli
r45near-dt,dbplyr,2.6.0,/private/tmp/marginplyr-minver-kalaij/lib-r45near-dt/dbplyr
r45near-dt,dplyr,1.2.0,/private/tmp/marginplyr-minver-kalaij/lib-r45near-dt/dplyr
r45near-dt,glue,1.6.2,/private/tmp/marginplyr-minver-kalaij/lib-r45near-dt/glue
r45near-dt,rlang,1.1.7,/private/tmp/marginplyr-minver-kalaij/lib-r45near-dt/rlang
r45near-dt,tidyselect,1.2.1,/private/tmp/marginplyr-minver-kalaij/lib-r45near-dt/tidyselect
r45near-dt,vctrs,0.7.1,/private/tmp/marginplyr-minver-kalaij/lib-r45near-dt/vctrs
r45near-dt,arrow,,
r45near-dt,dtplyr,1.3.2,/private/tmp/marginplyr-minver-kalaij/lib-r45near-dt/dtplyr
r45near-dt,data.table,1.18.6.1,/private/tmp/marginplyr-minver-kalaij/lib-r45near-dt/data.table
r45near-dt,duckdb,1.5.5,/private/tmp/marginplyr-minver-kalaij/lib-r45near-dt/duckdb
r45near-dt,RSQLite,3.53.3,/private/tmp/marginplyr-minver-kalaij/lib-r45near-dt/RSQLite
r45near-dt,DBI,1.3.0,/private/tmp/marginplyr-minver-kalaij/lib-r45near-dt/DBI
r45arrow,marginplyr,0.1.0,/private/tmp/marginplyr-minver-kalaij/lib-r45arrow/marginplyr
r45arrow,cli,3.6.6,/private/tmp/marginplyr-minver-kalaij/lib-r45arrow/cli
r45arrow,dbplyr,2.6.0,/private/tmp/marginplyr-minver-kalaij/lib-r45arrow/dbplyr
r45arrow,dplyr,1.2.1,/private/tmp/marginplyr-minver-kalaij/lib-r45arrow/dplyr
r45arrow,glue,1.8.1,/private/tmp/marginplyr-minver-kalaij/lib-r45arrow/glue
r45arrow,rlang,1.3.0,/private/tmp/marginplyr-minver-kalaij/lib-r45arrow/rlang
r45arrow,tidyselect,1.2.1,/private/tmp/marginplyr-minver-kalaij/lib-r45arrow/tidyselect
r45arrow,vctrs,0.7.3,/private/tmp/marginplyr-minver-kalaij/lib-r45arrow/vctrs
r45arrow,arrow,13.0.0,/private/tmp/marginplyr-minver-kalaij/lib-r45arrow/arrow
r45arrow,dtplyr,1.3.3,/private/tmp/marginplyr-minver-kalaij/lib-r45arrow/dtplyr
r45arrow,data.table,1.18.6.1,/private/tmp/marginplyr-minver-kalaij/lib-r45arrow/data.table
r45arrow,duckdb,,
r45arrow,RSQLite,3.53.3,/private/tmp/marginplyr-minver-kalaij/lib-r45arrow/RSQLite
r45arrow,DBI,1.3.0,/private/tmp/marginplyr-minver-kalaij/lib-r45arrow/DBI
