configuration,package,version,historical_install_path
control,arrow,25.0.1,/private/tmp/marginplyr-minver-kalaij/lib-control/arrow
control,assertthat,0.2.1,/private/tmp/marginplyr-minver-kalaij/lib-control/assertthat
control,bit,4.6.0,/private/tmp/marginplyr-minver-kalaij/lib-control/bit
control,bit64,4.8.6,/private/tmp/marginplyr-minver-kalaij/lib-control/bit64
control,blob,1.3.0,/private/tmp/marginplyr-minver-kalaij/lib-control/blob
control,cachem,1.1.0,/private/tmp/marginplyr-minver-kalaij/lib-control/cachem
control,cli,3.6.6,/private/tmp/marginplyr-minver-kalaij/lib-control/cli
control,cpp11,0.5.5,/private/tmp/marginplyr-minver-kalaij/lib-control/cpp11
control,data.table,1.18.6.1,/private/tmp/marginplyr-minver-kalaij/lib-control/data.table
control,DBI,1.3.0,/private/tmp/marginplyr-minver-kalaij/lib-control/DBI
control,dbplyr,2.6.0,/private/tmp/marginplyr-minver-kalaij/lib-control/dbplyr
control,dplyr,1.2.1,/private/tmp/marginplyr-minver-kalaij/lib-control/dplyr
control,dtplyr,1.3.3,/private/tmp/marginplyr-minver-kalaij/lib-control/dtplyr
control,duckdb,1.5.5,/private/tmp/marginplyr-minver-kalaij/lib-control/duckdb
control,fastmap,1.2.0,/private/tmp/marginplyr-minver-kalaij/lib-control/fastmap
control,generics,0.1.4,/private/tmp/marginplyr-minver-kalaij/lib-control/generics
control,glue,1.8.1,/private/tmp/marginplyr-minver-kalaij/lib-control/glue
control,lifecycle,1.0.5,/private/tmp/marginplyr-minver-kalaij/lib-control/lifecycle
control,magrittr,2.0.5,/private/tmp/marginplyr-minver-kalaij/lib-control/magrittr
control,marginplyr,0.1.0,/private/tmp/marginplyr-minver-kalaij/lib-control/marginplyr
control,memoise,2.0.1,/private/tmp/marginplyr-minver-kalaij/lib-control/memoise
control,pillar,1.11.1,/private/tmp/marginplyr-minver-kalaij/lib-control/pillar
control,pkgconfig,2.0.3,/private/tmp/marginplyr-minver-kalaij/lib-control/pkgconfig
control,purrr,1.2.2,/private/tmp/marginplyr-minver-kalaij/lib-control/purrr
control,R6,2.6.1,/private/tmp/marginplyr-minver-kalaij/lib-control/R6
control,rlang,1.3.0,/private/tmp/marginplyr-minver-kalaij/lib-control/rlang
control,RSQLite,3.53.3,/private/tmp/marginplyr-minver-kalaij/lib-control/RSQLite
control,stringi,1.8.9,/private/tmp/marginplyr-minver-kalaij/lib-control/stringi
control,stringr,1.6.0,/private/tmp/marginplyr-minver-kalaij/lib-control/stringr
control,tibble,3.3.1,/private/tmp/marginplyr-minver-kalaij/lib-control/tibble
control,tidyr,1.3.2,/private/tmp/marginplyr-minver-kalaij/lib-control/tidyr
control,tidyselect,1.2.1,/private/tmp/marginplyr-minver-kalaij/lib-control/tidyselect
control,utf8,1.2.6,/private/tmp/marginplyr-minver-kalaij/lib-control/utf8
control,vctrs,0.7.3,/private/tmp/marginplyr-minver-kalaij/lib-control/vctrs
control,withr,3.0.3,/private/tmp/marginplyr-minver-kalaij/lib-control/withr
dtplyr,arrow,25.0.1,/private/tmp/marginplyr-minver-kalaij/lib-dtplyr/arrow
dtplyr,assertthat,0.2.1,/private/tmp/marginplyr-minver-kalaij/lib-dtplyr/assertthat
dtplyr,bit,4.6.0,/private/tmp/marginplyr-minver-kalaij/lib-dtplyr/bit
dtplyr,bit64,4.8.6,/private/tmp/marginplyr-minver-kalaij/lib-dtplyr/bit64
dtplyr,blob,1.3.0,/private/tmp/marginplyr-minver-kalaij/lib-dtplyr/blob
dtplyr,cachem,1.1.0,/private/tmp/marginplyr-minver-kalaij/lib-dtplyr/cachem
dtplyr,cli,3.6.6,/private/tmp/marginplyr-minver-kalaij/lib-dtplyr/cli
dtplyr,cpp11,0.5.5,/private/tmp/marginplyr-minver-kalaij/lib-dtplyr/cpp11
dtplyr,data.table,1.18.6.1,/private/tmp/marginplyr-minver-kalaij/lib-dtplyr/data.table
dtplyr,DBI,1.3.0,/private/tmp/marginplyr-minver-kalaij/lib-dtplyr/DBI
dtplyr,dbplyr,2.6.0,/private/tmp/marginplyr-minver-kalaij/lib-dtplyr/dbplyr
dtplyr,dplyr,1.2.1,/private/tmp/marginplyr-minver-kalaij/lib-dtplyr/dplyr
dtplyr,dtplyr,1.3.2,/private/tmp/marginplyr-minver-kalaij/lib-dtplyr/dtplyr
dtplyr,duckdb,1.5.5,/private/tmp/marginplyr-minver-kalaij/lib-dtplyr/duckdb
dtplyr,fastmap,1.2.0,/private/tmp/marginplyr-minver-kalaij/lib-dtplyr/fastmap
dtplyr,generics,0.1.4,/private/tmp/marginplyr-minver-kalaij/lib-dtplyr/generics
dtplyr,glue,1.8.1,/private/tmp/marginplyr-minver-kalaij/lib-dtplyr/glue
dtplyr,lifecycle,1.0.5,/private/tmp/marginplyr-minver-kalaij/lib-dtplyr/lifecycle
dtplyr,magrittr,2.0.5,/private/tmp/marginplyr-minver-kalaij/lib-dtplyr/magrittr
dtplyr,marginplyr,0.1.0,/private/tmp/marginplyr-minver-kalaij/lib-dtplyr/marginplyr
dtplyr,memoise,2.0.1,/private/tmp/marginplyr-minver-kalaij/lib-dtplyr/memoise
dtplyr,pillar,1.11.1,/private/tmp/marginplyr-minver-kalaij/lib-dtplyr/pillar
dtplyr,pkgconfig,2.0.3,/private/tmp/marginplyr-minver-kalaij/lib-dtplyr/pkgconfig
dtplyr,purrr,1.2.2,/private/tmp/marginplyr-minver-kalaij/lib-dtplyr/purrr
dtplyr,R6,2.6.1,/private/tmp/marginplyr-minver-kalaij/lib-dtplyr/R6
dtplyr,rlang,1.3.0,/private/tmp/marginplyr-minver-kalaij/lib-dtplyr/rlang
dtplyr,RSQLite,3.53.3,/private/tmp/marginplyr-minver-kalaij/lib-dtplyr/RSQLite
dtplyr,stringi,1.8.9,/private/tmp/marginplyr-minver-kalaij/lib-dtplyr/stringi
dtplyr,stringr,1.6.0,/private/tmp/marginplyr-minver-kalaij/lib-dtplyr/stringr
dtplyr,tibble,3.3.1,/private/tmp/marginplyr-minver-kalaij/lib-dtplyr/tibble
dtplyr,tidyr,1.3.2,/private/tmp/marginplyr-minver-kalaij/lib-dtplyr/tidyr
dtplyr,tidyselect,1.2.1,/private/tmp/marginplyr-minver-kalaij/lib-dtplyr/tidyselect
dtplyr,utf8,1.2.6,/private/tmp/marginplyr-minver-kalaij/lib-dtplyr/utf8
dtplyr,vctrs,0.7.3,/private/tmp/marginplyr-minver-kalaij/lib-dtplyr/vctrs
dtplyr,withr,3.0.3,/private/tmp/marginplyr-minver-kalaij/lib-dtplyr/withr
r45control,bit,4.6.0,/private/tmp/marginplyr-minver-kalaij/lib-r45/bit
r45control,bit64,4.8.6,/private/tmp/marginplyr-minver-kalaij/lib-r45/bit64
r45control,blob,1.3.0,/private/tmp/marginplyr-minver-kalaij/lib-r45/blob
r45control,cachem,1.1.0,/private/tmp/marginplyr-minver-kalaij/lib-r45/cachem
r45control,cli,3.6.6,/private/tmp/marginplyr-minver-kalaij/lib-r45/cli
r45control,cpp11,0.5.5,/private/tmp/marginplyr-minver-kalaij/lib-r45/cpp11
r45control,data.table,1.18.6.1,/private/tmp/marginplyr-minver-kalaij/lib-r45/data.table
r45control,DBI,1.3.0,/private/tmp/marginplyr-minver-kalaij/lib-r45/DBI
r45control,dbplyr,2.6.0,/private/tmp/marginplyr-minver-kalaij/lib-r45/dbplyr
r45control,dplyr,1.2.1,/private/tmp/marginplyr-minver-kalaij/lib-r45/dplyr
r45control,dtplyr,1.3.3,/private/tmp/marginplyr-minver-kalaij/lib-r45/dtplyr
r45control,duckdb,1.5.5,/private/tmp/marginplyr-minver-kalaij/lib-r45/duckdb
r45control,fastmap,1.2.0,/private/tmp/marginplyr-minver-kalaij/lib-r45/fastmap
r45control,generics,0.1.4,/private/tmp/marginplyr-minver-kalaij/lib-r45/generics
r45control,glue,1.8.1,/private/tmp/marginplyr-minver-kalaij/lib-r45/glue
r45control,lifecycle,1.0.5,/private/tmp/marginplyr-minver-kalaij/lib-r45/lifecycle
r45control,magrittr,2.0.5,/private/tmp/marginplyr-minver-kalaij/lib-r45/magrittr
r45control,marginplyr,0.1.0,/private/tmp/marginplyr-minver-kalaij/lib-r45/marginplyr
r45control,memoise,2.0.1,/private/tmp/marginplyr-minver-kalaij/lib-r45/memoise
r45control,pillar,1.11.1,/private/tmp/marginplyr-minver-kalaij/lib-r45/pillar
r45control,pkgconfig,2.0.3,/private/tmp/marginplyr-minver-kalaij/lib-r45/pkgconfig
r45control,purrr,1.2.2,/private/tmp/marginplyr-minver-kalaij/lib-r45/purrr
r45control,R6,2.6.1,/private/tmp/marginplyr-minver-kalaij/lib-r45/R6
r45control,rlang,1.3.0,/private/tmp/marginplyr-minver-kalaij/lib-r45/rlang
r45control,RSQLite,3.53.3,/private/tmp/marginplyr-minver-kalaij/lib-r45/RSQLite
r45control,stringi,1.8.9,/private/tmp/marginplyr-minver-kalaij/lib-r45/stringi
r45control,stringr,1.6.0,/private/tmp/marginplyr-minver-kalaij/lib-r45/stringr
r45control,tibble,3.3.1,/private/tmp/marginplyr-minver-kalaij/lib-r45/tibble
r45control,tidyr,1.3.2,/private/tmp/marginplyr-minver-kalaij/lib-r45/tidyr
r45control,tidyselect,1.2.1,/private/tmp/marginplyr-minver-kalaij/lib-r45/tidyselect
r45control,utf8,1.2.6,/private/tmp/marginplyr-minver-kalaij/lib-r45/utf8
r45control,vctrs,0.7.3,/private/tmp/marginplyr-minver-kalaij/lib-r45/vctrs
r45control,withr,3.0.3,/private/tmp/marginplyr-minver-kalaij/lib-r45/withr
r45glue,bit,4.6.0,/private/tmp/marginplyr-minver-kalaij/lib-r45glue/bit
r45glue,bit64,4.8.6,/private/tmp/marginplyr-minver-kalaij/lib-r45glue/bit64
r45glue,blob,1.3.0,/private/tmp/marginplyr-minver-kalaij/lib-r45glue/blob
r45glue,cachem,1.1.0,/private/tmp/marginplyr-minver-kalaij/lib-r45glue/cachem
r45glue,cli,3.6.6,/private/tmp/marginplyr-minver-kalaij/lib-r45glue/cli
r45glue,cpp11,0.5.5,/private/tmp/marginplyr-minver-kalaij/lib-r45glue/cpp11
r45glue,data.table,1.18.6.1,/private/tmp/marginplyr-minver-kalaij/lib-r45glue/data.table
r45glue,DBI,1.3.0,/private/tmp/marginplyr-minver-kalaij/lib-r45glue/DBI
r45glue,dbplyr,2.6.0,/private/tmp/marginplyr-minver-kalaij/lib-r45glue/dbplyr
r45glue,dplyr,1.2.1,/private/tmp/marginplyr-minver-kalaij/lib-r45glue/dplyr
r45glue,dtplyr,1.3.3,/private/tmp/marginplyr-minver-kalaij/lib-r45glue/dtplyr
r45glue,fastmap,1.2.0,/private/tmp/marginplyr-minver-kalaij/lib-r45glue/fastmap
r45glue,generics,0.1.4,/private/tmp/marginplyr-minver-kalaij/lib-r45glue/generics
r45glue,glue,1.6.2,/private/tmp/marginplyr-minver-kalaij/lib-r45glue/glue
r45glue,lifecycle,1.0.5,/private/tmp/marginplyr-minver-kalaij/lib-r45glue/lifecycle
r45glue,magrittr,2.0.5,/private/tmp/marginplyr-minver-kalaij/lib-r45glue/magrittr
r45glue,marginplyr,0.1.0,/private/tmp/marginplyr-minver-kalaij/lib-r45glue/marginplyr
r45glue,memoise,2.0.1,/private/tmp/marginplyr-minver-kalaij/lib-r45glue/memoise
r45glue,pillar,1.11.1,/private/tmp/marginplyr-minver-kalaij/lib-r45glue/pillar
r45glue,pkgconfig,2.0.3,/private/tmp/marginplyr-minver-kalaij/lib-r45glue/pkgconfig
r45glue,purrr,1.2.2,/private/tmp/marginplyr-minver-kalaij/lib-r45glue/purrr
r45glue,R6,2.6.1,/private/tmp/marginplyr-minver-kalaij/lib-r45glue/R6
r45glue,rlang,1.3.0,/private/tmp/marginplyr-minver-kalaij/lib-r45glue/rlang
r45glue,RSQLite,3.53.3,/private/tmp/marginplyr-minver-kalaij/lib-r45glue/RSQLite
r45glue,stringi,1.8.9,/private/tmp/marginplyr-minver-kalaij/lib-r45glue/stringi
r45glue,stringr,1.6.0,/private/tmp/marginplyr-minver-kalaij/lib-r45glue/stringr
r45glue,tibble,3.3.1,/private/tmp/marginplyr-minver-kalaij/lib-r45glue/tibble
r45glue,tidyr,1.3.2,/private/tmp/marginplyr-minver-kalaij/lib-r45glue/tidyr
r45glue,tidyselect,1.2.1,/private/tmp/marginplyr-minver-kalaij/lib-r45glue/tidyselect
r45glue,utf8,1.2.6,/private/tmp/marginplyr-minver-kalaij/lib-r45glue/utf8
r45glue,vctrs,0.7.3,/private/tmp/marginplyr-minver-kalaij/lib-r45glue/vctrs
r45glue,withr,3.0.3,/private/tmp/marginplyr-minver-kalaij/lib-r45glue/withr
r45dplyr120,bit,4.6.0,/private/tmp/marginplyr-minver-kalaij/lib-r45dplyr120/bit
r45dplyr120,bit64,4.8.6,/private/tmp/marginplyr-minver-kalaij/lib-r45dplyr120/bit64
r45dplyr120,blob,1.3.0,/private/tmp/marginplyr-minver-kalaij/lib-r45dplyr120/blob
r45dplyr120,cachem,1.1.0,/private/tmp/marginplyr-minver-kalaij/lib-r45dplyr120/cachem
r45dplyr120,cli,3.6.6,/private/tmp/marginplyr-minver-kalaij/lib-r45dplyr120/cli
r45dplyr120,cpp11,0.5.5,/private/tmp/marginplyr-minver-kalaij/lib-r45dplyr120/cpp11
r45dplyr120,data.table,1.18.6.1,/private/tmp/marginplyr-minver-kalaij/lib-r45dplyr120/data.table
r45dplyr120,DBI,1.3.0,/private/tmp/marginplyr-minver-kalaij/lib-r45dplyr120/DBI
r45dplyr120,dbplyr,2.6.0,/private/tmp/marginplyr-minver-kalaij/lib-r45dplyr120/dbplyr
r45dplyr120,dplyr,1.2.0,/private/tmp/marginplyr-minver-kalaij/lib-r45dplyr120/dplyr
r45dplyr120,dtplyr,1.3.3,/private/tmp/marginplyr-minver-kalaij/lib-r45dplyr120/dtplyr
r45dplyr120,fastmap,1.2.0,/private/tmp/marginplyr-minver-kalaij/lib-r45dplyr120/fastmap
r45dplyr120,generics,0.1.4,/private/tmp/marginplyr-minver-kalaij/lib-r45dplyr120/generics
r45dplyr120,glue,1.8.1,/private/tmp/marginplyr-minver-kalaij/lib-r45dplyr120/glue
r45dplyr120,lifecycle,1.0.5,/private/tmp/marginplyr-minver-kalaij/lib-r45dplyr120/lifecycle
r45dplyr120,magrittr,2.0.5,/private/tmp/marginplyr-minver-kalaij/lib-r45dplyr120/magrittr
r45dplyr120,marginplyr,0.1.0,/private/tmp/marginplyr-minver-kalaij/lib-r45dplyr120/marginplyr
r45dplyr120,memoise,2.0.1,/private/tmp/marginplyr-minver-kalaij/lib-r45dplyr120/memoise
r45dplyr120,pillar,1.11.1,/private/tmp/marginplyr-minver-kalaij/lib-r45dplyr120/pillar
r45dplyr120,pkgconfig,2.0.3,/private/tmp/marginplyr-minver-kalaij/lib-r45dplyr120/pkgconfig
r45dplyr120,purrr,1.2.2,/private/tmp/marginplyr-minver-kalaij/lib-r45dplyr120/purrr
r45dplyr120,R6,2.6.1,/private/tmp/marginplyr-minver-kalaij/lib-r45dplyr120/R6
r45dplyr120,rlang,1.3.0,/private/tmp/marginplyr-minver-kalaij/lib-r45dplyr120/rlang
r45dplyr120,RSQLite,3.53.3,/private/tmp/marginplyr-minver-kalaij/lib-r45dplyr120/RSQLite
r45dplyr120,stringi,1.8.9,/private/tmp/marginplyr-minver-kalaij/lib-r45dplyr120/stringi
r45dplyr120,stringr,1.6.0,/private/tmp/marginplyr-minver-kalaij/lib-r45dplyr120/stringr
r45dplyr120,tibble,3.3.1,/private/tmp/marginplyr-minver-kalaij/lib-r45dplyr120/tibble
r45dplyr120,tidyr,1.3.2,/private/tmp/marginplyr-minver-kalaij/lib-r45dplyr120/tidyr
r45dplyr120,tidyselect,1.2.1,/private/tmp/marginplyr-minver-kalaij/lib-r45dplyr120/tidyselect
r45dplyr120,utf8,1.2.6,/private/tmp/marginplyr-minver-kalaij/lib-r45dplyr120/utf8
r45dplyr120,vctrs,0.7.3,/private/tmp/marginplyr-minver-kalaij/lib-r45dplyr120/vctrs
r45dplyr120,withr,3.0.3,/private/tmp/marginplyr-minver-kalaij/lib-r45dplyr120/withr
r45near,bit,4.6.0,/private/tmp/marginplyr-minver-kalaij/lib-r45near/bit
r45near,bit64,4.8.6,/private/tmp/marginplyr-minver-kalaij/lib-r45near/bit64
r45near,blob,1.3.0,/private/tmp/marginplyr-minver-kalaij/lib-r45near/blob
r45near,cachem,1.1.0,/private/tmp/marginplyr-minver-kalaij/lib-r45near/cachem
r45near,cli,3.6.2,/private/tmp/marginplyr-minver-kalaij/lib-r45near/cli
r45near,cpp11,0.5.5,/private/tmp/marginplyr-minver-kalaij/lib-r45near/cpp11
r45near,data.table,1.18.6.1,/private/tmp/marginplyr-minver-kalaij/lib-r45near/data.table
r45near,DBI,1.3.0,/private/tmp/marginplyr-minver-kalaij/lib-r45near/DBI
r45near,dbplyr,2.6.0,/private/tmp/marginplyr-minver-kalaij/lib-r45near/dbplyr
r45near,dplyr,1.2.0,/private/tmp/marginplyr-minver-kalaij/lib-r45near/dplyr
r45near,dtplyr,1.3.3,/private/tmp/marginplyr-minver-kalaij/lib-r45near/dtplyr
r45near,duckdb,1.5.5,/private/tmp/marginplyr-minver-kalaij/lib-r45near/duckdb
r45near,fastmap,1.2.0,/private/tmp/marginplyr-minver-kalaij/lib-r45near/fastmap
r45near,generics,0.1.4,/private/tmp/marginplyr-minver-kalaij/lib-r45near/generics
r45near,glue,1.6.2,/private/tmp/marginplyr-minver-kalaij/lib-r45near/glue
r45near,lifecycle,1.0.5,/private/tmp/marginplyr-minver-kalaij/lib-r45near/lifecycle
r45near,magrittr,2.0.5,/private/tmp/marginplyr-minver-kalaij/lib-r45near/magrittr
r45near,marginplyr,0.1.0,/private/tmp/marginplyr-minver-kalaij/lib-r45near/marginplyr
r45near,memoise,2.0.1,/private/tmp/marginplyr-minver-kalaij/lib-r45near/memoise
r45near,pillar,1.11.1,/private/tmp/marginplyr-minver-kalaij/lib-r45near/pillar
r45near,pkgconfig,2.0.3,/private/tmp/marginplyr-minver-kalaij/lib-r45near/pkgconfig
r45near,purrr,1.2.2,/private/tmp/marginplyr-minver-kalaij/lib-r45near/purrr
r45near,R6,2.6.1,/private/tmp/marginplyr-minver-kalaij/lib-r45near/R6
r45near,rlang,1.1.7,/private/tmp/marginplyr-minver-kalaij/lib-r45near/rlang
r45near,RSQLite,3.53.3,/private/tmp/marginplyr-minver-kalaij/lib-r45near/RSQLite
r45near,stringi,1.8.9,/private/tmp/marginplyr-minver-kalaij/lib-r45near/stringi
r45near,stringr,1.6.0,/private/tmp/marginplyr-minver-kalaij/lib-r45near/stringr
r45near,tibble,3.3.1,/private/tmp/marginplyr-minver-kalaij/lib-r45near/tibble
r45near,tidyr,1.3.2,/private/tmp/marginplyr-minver-kalaij/lib-r45near/tidyr
r45near,tidyselect,1.2.1,/private/tmp/marginplyr-minver-kalaij/lib-r45near/tidyselect
r45near,utf8,1.2.6,/private/tmp/marginplyr-minver-kalaij/lib-r45near/utf8
r45near,vctrs,0.7.1,/private/tmp/marginplyr-minver-kalaij/lib-r45near/vctrs
r45near,withr,3.0.3,/private/tmp/marginplyr-minver-kalaij/lib-r45near/withr
r45near-dt,bit,4.6.0,/private/tmp/marginplyr-minver-kalaij/lib-r45near-dt/bit
r45near-dt,bit64,4.8.6,/private/tmp/marginplyr-minver-kalaij/lib-r45near-dt/bit64
r45near-dt,blob,1.3.0,/private/tmp/marginplyr-minver-kalaij/lib-r45near-dt/blob
r45near-dt,cachem,1.1.0,/private/tmp/marginplyr-minver-kalaij/lib-r45near-dt/cachem
r45near-dt,cli,3.6.2,/private/tmp/marginplyr-minver-kalaij/lib-r45near-dt/cli
r45near-dt,cpp11,0.5.5,/private/tmp/marginplyr-minver-kalaij/lib-r45near-dt/cpp11
r45near-dt,data.table,1.18.6.1,/private/tmp/marginplyr-minver-kalaij/lib-r45near-dt/data.table
r45near-dt,DBI,1.3.0,/private/tmp/marginplyr-minver-kalaij/lib-r45near-dt/DBI
r45near-dt,dbplyr,2.6.0,/private/tmp/marginplyr-minver-kalaij/lib-r45near-dt/dbplyr
r45near-dt,dplyr,1.2.0,/private/tmp/marginplyr-minver-kalaij/lib-r45near-dt/dplyr
r45near-dt,dtplyr,1.3.2,/private/tmp/marginplyr-minver-kalaij/lib-r45near-dt/dtplyr
r45near-dt,duckdb,1.5.5,/private/tmp/marginplyr-minver-kalaij/lib-r45near-dt/duckdb
r45near-dt,fastmap,1.2.0,/private/tmp/marginplyr-minver-kalaij/lib-r45near-dt/fastmap
r45near-dt,generics,0.1.4,/private/tmp/marginplyr-minver-kalaij/lib-r45near-dt/generics
r45near-dt,glue,1.6.2,/private/tmp/marginplyr-minver-kalaij/lib-r45near-dt/glue
r45near-dt,lifecycle,1.0.5,/private/tmp/marginplyr-minver-kalaij/lib-r45near-dt/lifecycle
r45near-dt,magrittr,2.0.5,/private/tmp/marginplyr-minver-kalaij/lib-r45near-dt/magrittr
r45near-dt,marginplyr,0.1.0,/private/tmp/marginplyr-minver-kalaij/lib-r45near-dt/marginplyr
r45near-dt,memoise,2.0.1,/private/tmp/marginplyr-minver-kalaij/lib-r45near-dt/memoise
r45near-dt,pillar,1.11.1,/private/tmp/marginplyr-minver-kalaij/lib-r45near-dt/pillar
r45near-dt,pkgconfig,2.0.3,/private/tmp/marginplyr-minver-kalaij/lib-r45near-dt/pkgconfig
r45near-dt,purrr,1.2.2,/private/tmp/marginplyr-minver-kalaij/lib-r45near-dt/purrr
r45near-dt,R6,2.6.1,/private/tmp/marginplyr-minver-kalaij/lib-r45near-dt/R6
r45near-dt,rlang,1.1.7,/private/tmp/marginplyr-minver-kalaij/lib-r45near-dt/rlang
r45near-dt,RSQLite,3.53.3,/private/tmp/marginplyr-minver-kalaij/lib-r45near-dt/RSQLite
r45near-dt,stringi,1.8.9,/private/tmp/marginplyr-minver-kalaij/lib-r45near-dt/stringi
r45near-dt,stringr,1.6.0,/private/tmp/marginplyr-minver-kalaij/lib-r45near-dt/stringr
r45near-dt,tibble,3.3.1,/private/tmp/marginplyr-minver-kalaij/lib-r45near-dt/tibble
r45near-dt,tidyr,1.3.2,/private/tmp/marginplyr-minver-kalaij/lib-r45near-dt/tidyr
r45near-dt,tidyselect,1.2.1,/private/tmp/marginplyr-minver-kalaij/lib-r45near-dt/tidyselect
r45near-dt,utf8,1.2.6,/private/tmp/marginplyr-minver-kalaij/lib-r45near-dt/utf8
r45near-dt,vctrs,0.7.1,/private/tmp/marginplyr-minver-kalaij/lib-r45near-dt/vctrs
r45near-dt,withr,3.0.3,/private/tmp/marginplyr-minver-kalaij/lib-r45near-dt/withr
r45arrow,arrow,13.0.0,/private/tmp/marginplyr-minver-kalaij/lib-r45arrow/arrow
r45arrow,assertthat,0.2.1,/private/tmp/marginplyr-minver-kalaij/lib-r45arrow/assertthat
r45arrow,bit,4.6.0,/private/tmp/marginplyr-minver-kalaij/lib-r45arrow/bit
r45arrow,bit64,4.8.6,/private/tmp/marginplyr-minver-kalaij/lib-r45arrow/bit64
r45arrow,blob,1.3.0,/private/tmp/marginplyr-minver-kalaij/lib-r45arrow/blob
r45arrow,cachem,1.1.0,/private/tmp/marginplyr-minver-kalaij/lib-r45arrow/cachem
r45arrow,cli,3.6.6,/private/tmp/marginplyr-minver-kalaij/lib-r45arrow/cli
r45arrow,cpp11,0.5.5,/private/tmp/marginplyr-minver-kalaij/lib-r45arrow/cpp11
r45arrow,data.table,1.18.6.1,/private/tmp/marginplyr-minver-kalaij/lib-r45arrow/data.table
r45arrow,DBI,1.3.0,/private/tmp/marginplyr-minver-kalaij/lib-r45arrow/DBI
r45arrow,dbplyr,2.6.0,/private/tmp/marginplyr-minver-kalaij/lib-r45arrow/dbplyr
r45arrow,dplyr,1.2.1,/private/tmp/marginplyr-minver-kalaij/lib-r45arrow/dplyr
r45arrow,dtplyr,1.3.3,/private/tmp/marginplyr-minver-kalaij/lib-r45arrow/dtplyr
r45arrow,fastmap,1.2.0,/private/tmp/marginplyr-minver-kalaij/lib-r45arrow/fastmap
r45arrow,generics,0.1.4,/private/tmp/marginplyr-minver-kalaij/lib-r45arrow/generics
r45arrow,glue,1.8.1,/private/tmp/marginplyr-minver-kalaij/lib-r45arrow/glue
r45arrow,lifecycle,1.0.5,/private/tmp/marginplyr-minver-kalaij/lib-r45arrow/lifecycle
r45arrow,magrittr,2.0.5,/private/tmp/marginplyr-minver-kalaij/lib-r45arrow/magrittr
r45arrow,marginplyr,0.1.0,/private/tmp/marginplyr-minver-kalaij/lib-r45arrow/marginplyr
r45arrow,memoise,2.0.1,/private/tmp/marginplyr-minver-kalaij/lib-r45arrow/memoise
r45arrow,pillar,1.11.1,/private/tmp/marginplyr-minver-kalaij/lib-r45arrow/pillar
r45arrow,pkgconfig,2.0.3,/private/tmp/marginplyr-minver-kalaij/lib-r45arrow/pkgconfig
r45arrow,purrr,1.2.2,/private/tmp/marginplyr-minver-kalaij/lib-r45arrow/purrr
r45arrow,R6,2.6.1,/private/tmp/marginplyr-minver-kalaij/lib-r45arrow/R6
r45arrow,rlang,1.3.0,/private/tmp/marginplyr-minver-kalaij/lib-r45arrow/rlang
r45arrow,RSQLite,3.53.3,/private/tmp/marginplyr-minver-kalaij/lib-r45arrow/RSQLite
r45arrow,stringi,1.8.9,/private/tmp/marginplyr-minver-kalaij/lib-r45arrow/stringi
r45arrow,stringr,1.6.0,/private/tmp/marginplyr-minver-kalaij/lib-r45arrow/stringr
r45arrow,tibble,3.3.1,/private/tmp/marginplyr-minver-kalaij/lib-r45arrow/tibble
r45arrow,tidyr,1.3.2,/private/tmp/marginplyr-minver-kalaij/lib-r45arrow/tidyr
r45arrow,tidyselect,1.2.1,/private/tmp/marginplyr-minver-kalaij/lib-r45arrow/tidyselect
r45arrow,utf8,1.2.6,/private/tmp/marginplyr-minver-kalaij/lib-r45arrow/utf8
r45arrow,vctrs,0.7.3,/private/tmp/marginplyr-minver-kalaij/lib-r45arrow/vctrs
r45arrow,withr,3.0.3,/private/tmp/marginplyr-minver-kalaij/lib-r45arrow/withr
r45stack,bit,4.6.0,/private/tmp/marginplyr-minver-kalaij/lib-r45stack/bit
r45stack,bit64,4.8.6,/private/tmp/marginplyr-minver-kalaij/lib-r45stack/bit64
r45stack,blob,1.3.0,/private/tmp/marginplyr-minver-kalaij/lib-r45stack/blob
r45stack,cachem,1.1.0,/private/tmp/marginplyr-minver-kalaij/lib-r45stack/cachem
r45stack,cli,3.6.1,/private/tmp/marginplyr-minver-kalaij/lib-r45stack/cli
r45stack,cpp11,0.5.5,/private/tmp/marginplyr-minver-kalaij/lib-r45stack/cpp11
r45stack,data.table,1.18.6.1,/private/tmp/marginplyr-minver-kalaij/lib-r45stack/data.table
r45stack,DBI,1.3.0,/private/tmp/marginplyr-minver-kalaij/lib-r45stack/DBI
r45stack,dbplyr,2.6.0,/private/tmp/marginplyr-minver-kalaij/lib-r45stack/dbplyr
r45stack,dplyr,1.1.2,/private/tmp/marginplyr-minver-kalaij/lib-r45stack/dplyr
r45stack,dtplyr,1.3.3,/private/tmp/marginplyr-minver-kalaij/lib-r45stack/dtplyr
r45stack,fastmap,1.2.0,/private/tmp/marginplyr-minver-kalaij/lib-r45stack/fastmap
r45stack,generics,0.1.4,/private/tmp/marginplyr-minver-kalaij/lib-r45stack/generics
r45stack,glue,1.6.2,/private/tmp/marginplyr-minver-kalaij/lib-r45stack/glue
r45stack,lifecycle,1.0.5,/private/tmp/marginplyr-minver-kalaij/lib-r45stack/lifecycle
r45stack,magrittr,2.0.5,/private/tmp/marginplyr-minver-kalaij/lib-r45stack/magrittr
r45stack,marginplyr,0.1.0,/private/tmp/marginplyr-minver-kalaij/lib-r45stack/marginplyr
r45stack,memoise,2.0.1,/private/tmp/marginplyr-minver-kalaij/lib-r45stack/memoise
r45stack,pillar,1.11.1,/private/tmp/marginplyr-minver-kalaij/lib-r45stack/pillar
r45stack,pkgconfig,2.0.3,/private/tmp/marginplyr-minver-kalaij/lib-r45stack/pkgconfig
r45stack,purrr,1.2.2,/private/tmp/marginplyr-minver-kalaij/lib-r45stack/purrr
r45stack,R6,2.6.1,/private/tmp/marginplyr-minver-kalaij/lib-r45stack/R6
r45stack,rlang,1.1.1,/private/tmp/marginplyr-minver-kalaij/lib-r45stack/rlang
r45stack,RSQLite,3.53.3,/private/tmp/marginplyr-minver-kalaij/lib-r45stack/RSQLite
r45stack,stringi,1.8.9,/private/tmp/marginplyr-minver-kalaij/lib-r45stack/stringi
r45stack,stringr,1.6.0,/private/tmp/marginplyr-minver-kalaij/lib-r45stack/stringr
r45stack,tibble,3.3.1,/private/tmp/marginplyr-minver-kalaij/lib-r45stack/tibble
r45stack,tidyr,1.3.2,/private/tmp/marginplyr-minver-kalaij/lib-r45stack/tidyr
r45stack,tidyselect,1.2.1,/private/tmp/marginplyr-minver-kalaij/lib-r45stack/tidyselect
r45stack,utf8,1.2.6,/private/tmp/marginplyr-minver-kalaij/lib-r45stack/utf8
r45stack,vctrs,0.6.3,/private/tmp/marginplyr-minver-kalaij/lib-r45stack/vctrs
r45stack,withr,3.0.3,/private/tmp/marginplyr-minver-kalaij/lib-r45stack/withr
