run,case,condition,variant,valid_evidence,exclusion_reason,classification,hit,B_kind,source_rows_preserved,sentinel_rows_preserved,options_equal,audit_equal,handles_valid,destination_before,destination_after,owned_savepoint_probe_succeeded,A_after,retry,outer_finish,disposed,path
analyze_after--error--overwrite--1,analyze_after,error,overwrite,True,,No issue within verified scope,1,error,True,True,True,True,[],"{""main"": [{""old"": 42}], ""temp"": null}","{""main"": [{""old"": 42}], ""temp"": null}",False,success,success,null,True,results/analyze_after--error--overwrite--1/result.json
analyze_after--error--overwrite--2,analyze_after,error,overwrite,True,,No issue within verified scope,1,error,True,True,True,True,[],"{""main"": [{""old"": 42}], ""temp"": null}","{""main"": [{""old"": 42}], ""temp"": null}",False,success,success,null,True,results/analyze_after--error--overwrite--2/result.json
analyze_after--error--overwrite--3,analyze_after,error,overwrite,True,,No issue within verified scope,1,error,True,True,True,True,[],"{""main"": [{""old"": 42}], ""temp"": null}","{""main"": [{""old"": 42}], ""temp"": null}",False,success,success,null,True,results/analyze_after--error--overwrite--3/result.json
analyze_after--interrupt--overwrite--1,analyze_after,interrupt,overwrite,True,,Safety concern requiring interrupt restoration decision,1,interrupt,True,True,True,True,[],"{""main"": [{""old"": 42}], ""temp"": null}","{""main"": [{""g"": ""a"", ""sid"": 1, ""z"": 2}, {""g"": ""b"", ""sid"": 1, ""z"": 5}, {""g"": ""Total"", ""sid"": 2, ""z"": 7}], ""temp"": null}",True,success,success,null,True,results/analyze_after--interrupt--overwrite--1/result.json
analyze_after--interrupt--overwrite--2,analyze_after,interrupt,overwrite,True,,Safety concern requiring interrupt restoration decision,1,interrupt,True,True,True,True,[],"{""main"": [{""old"": 42}], ""temp"": null}","{""main"": [{""g"": ""a"", ""sid"": 1, ""z"": 2}, {""g"": ""b"", ""sid"": 1, ""z"": 5}, {""g"": ""Total"", ""sid"": 2, ""z"": 7}], ""temp"": null}",True,success,success,null,True,results/analyze_after--interrupt--overwrite--2/result.json
analyze_after--interrupt--overwrite--3,analyze_after,interrupt,overwrite,True,,Safety concern requiring interrupt restoration decision,1,interrupt,True,True,True,True,[],"{""main"": [{""old"": 42}], ""temp"": null}","{""main"": [{""g"": ""a"", ""sid"": 1, ""z"": 2}, {""g"": ""b"", ""sid"": 1, ""z"": 5}, {""g"": ""Total"", ""sid"": 2, ""z"": 7}], ""temp"": null}",True,success,success,null,True,results/analyze_after--interrupt--overwrite--3/result.json
audit_autoname--error--new--1,audit_autoname,error,new,True,,No issue within verified scope,1,error,,,True,False,[],{},{},False,success,success,null,True,results/audit_autoname--error--new--1/result.json
audit_autoname--error--new--2,audit_autoname,error,new,True,,No issue within verified scope,1,error,,,True,False,[],{},{},False,success,success,null,True,results/audit_autoname--error--new--2/result.json
audit_autoname--error--new--3,audit_autoname,error,new,True,,No issue within verified scope,1,error,,,True,False,[],{},{},False,success,success,null,True,results/audit_autoname--error--new--3/result.json
audit_autoname--interrupt--new--1,audit_autoname,interrupt,new,True,,No issue within verified scope,1,interrupt,,,True,False,[],{},{},False,success,success,null,True,results/audit_autoname--interrupt--new--1/result.json
audit_autoname--interrupt--new--2,audit_autoname,interrupt,new,True,,No issue within verified scope,1,interrupt,,,True,False,[],{},{},False,success,success,null,True,results/audit_autoname--interrupt--new--2/result.json
audit_autoname--interrupt--new--3,audit_autoname,interrupt,new,True,,No issue within verified scope,1,interrupt,,,True,False,[],{},{},False,success,success,null,True,results/audit_autoname--interrupt--new--3/result.json
audit_autoname--sigint--new--1,audit_autoname,sigint,new,True,,No issue within verified scope,1,interrupt,,,True,False,[],{},{},False,success,success,null,True,results/audit_autoname--sigint--new--1/result.json
audit_autoname--sigint--new--2,audit_autoname,sigint,new,True,,No issue within verified scope,1,interrupt,,,True,False,[],{},{},False,success,success,null,True,results/audit_autoname--sigint--new--2/result.json
audit_autoname--sigint--new--3,audit_autoname,sigint,new,True,,No issue within verified scope,1,interrupt,,,True,False,[],{},{},False,success,success,null,True,results/audit_autoname--sigint--new--3/result.json
audit_lifecycle--error--new--1,audit_lifecycle,error,new,True,,No issue within verified scope,1,error,,,True,False,[],{},{},False,success,success,null,True,results/audit_lifecycle--error--new--1/result.json
audit_lifecycle--error--new--2,audit_lifecycle,error,new,True,,No issue within verified scope,1,error,,,True,False,[],{},{},False,success,success,null,True,results/audit_lifecycle--error--new--2/result.json
audit_lifecycle--error--new--3,audit_lifecycle,error,new,True,,No issue within verified scope,1,error,,,True,False,[],{},{},False,success,success,null,True,results/audit_lifecycle--error--new--3/result.json
audit_lifecycle--interrupt--new--1,audit_lifecycle,interrupt,new,True,,No issue within verified scope,1,interrupt,,,True,False,[],{},{},False,success,success,null,True,results/audit_lifecycle--interrupt--new--1/result.json
audit_lifecycle--interrupt--new--2,audit_lifecycle,interrupt,new,True,,No issue within verified scope,1,interrupt,,,True,False,[],{},{},False,success,success,null,True,results/audit_lifecycle--interrupt--new--2/result.json
audit_lifecycle--interrupt--new--3,audit_lifecycle,interrupt,new,True,,No issue within verified scope,1,interrupt,,,True,False,[],{},{},False,success,success,null,True,results/audit_lifecycle--interrupt--new--3/result.json
audit_lifecycle--sigint--new--1,audit_lifecycle,sigint,new,True,,No issue within verified scope,1,interrupt,,,True,False,[],{},{},False,success,success,null,True,results/audit_lifecycle--sigint--new--1/result.json
audit_lifecycle--sigint--new--2,audit_lifecycle,sigint,new,True,,No issue within verified scope,1,interrupt,,,True,False,[],{},{},False,success,success,null,True,results/audit_lifecycle--sigint--new--2/result.json
audit_lifecycle--sigint--new--3,audit_lifecycle,sigint,new,True,,No issue within verified scope,1,interrupt,,,True,False,[],{},{},False,success,success,null,True,results/audit_lifecycle--sigint--new--3/result.json
audit_option--error--new--1,audit_option,error,new,True,,No issue within verified scope,1,success,,,True,False,[],{},{},False,success,success,null,True,results/audit_option--error--new--1/result.json
audit_option--error--new--2,audit_option,error,new,True,,No issue within verified scope,1,success,,,True,False,[],{},{},False,success,success,null,True,results/audit_option--error--new--2/result.json
audit_option--error--new--3,audit_option,error,new,True,,No issue within verified scope,1,success,,,True,False,[],{},{},False,success,success,null,True,results/audit_option--error--new--3/result.json
audit_option--interrupt--new--1,audit_option,interrupt,new,True,,No issue within verified scope,1,interrupt,,,True,False,[],{},{},False,success,success,null,True,results/audit_option--interrupt--new--1/result.json
audit_option--interrupt--new--2,audit_option,interrupt,new,True,,No issue within verified scope,1,interrupt,,,True,False,[],{},{},False,success,success,null,True,results/audit_option--interrupt--new--2/result.json
audit_option--interrupt--new--3,audit_option,interrupt,new,True,,No issue within verified scope,1,interrupt,,,True,False,[],{},{},False,success,success,null,True,results/audit_option--interrupt--new--3/result.json
audit_option--sigint--new--1,audit_option,sigint,new,True,,No issue within verified scope,1,interrupt,,,True,False,[],{},{},False,success,success,null,True,results/audit_option--sigint--new--1/result.json
audit_option--sigint--new--2,audit_option,sigint,new,True,,No issue within verified scope,1,interrupt,,,True,False,[],{},{},False,success,success,null,True,results/audit_option--sigint--new--2/result.json
audit_option--sigint--new--3,audit_option,sigint,new,True,,No issue within verified scope,1,interrupt,,,True,False,[],{},{},False,success,success,null,True,results/audit_option--sigint--new--3/result.json
audit_sent--error--new--1,audit_sent,error,new,True,,No issue within verified scope,1,error,,,True,False,[false],{},{},False,success,success,null,True,results/audit_sent--error--new--1/result.json
audit_sent--error--new--2,audit_sent,error,new,True,,No issue within verified scope,1,error,,,True,False,[false],{},{},False,success,success,null,True,results/audit_sent--error--new--2/result.json
audit_sent--error--new--3,audit_sent,error,new,True,,No issue within verified scope,1,error,,,True,False,[false],{},{},False,success,success,null,True,results/audit_sent--error--new--3/result.json
audit_sent--interrupt--new--1,audit_sent,interrupt,new,True,,No issue within verified scope,1,interrupt,,,True,False,[false],{},{},False,success,success,null,True,results/audit_sent--interrupt--new--1/result.json
audit_sent--interrupt--new--2,audit_sent,interrupt,new,True,,No issue within verified scope,1,interrupt,,,True,False,[false],{},{},False,success,success,null,True,results/audit_sent--interrupt--new--2/result.json
audit_sent--interrupt--new--3,audit_sent,interrupt,new,True,,No issue within verified scope,1,interrupt,,,True,False,[false],{},{},False,success,success,null,True,results/audit_sent--interrupt--new--3/result.json
audit_sent--sigint--new--1,audit_sent,sigint,new,True,,No issue within verified scope,1,interrupt,,,True,False,[false],{},{},False,success,success,null,True,results/audit_sent--sigint--new--1/result.json
audit_sent--sigint--new--2,audit_sent,sigint,new,True,,No issue within verified scope,1,interrupt,,,True,False,[false],{},{},False,success,success,null,True,results/audit_sent--sigint--new--2/result.json
audit_sent--sigint--new--3,audit_sent,sigint,new,True,,No issue within verified scope,1,interrupt,,,True,False,[false],{},{},False,success,success,null,True,results/audit_sent--sigint--new--3/result.json
begin_after--error--overwrite--1,begin_after,error,overwrite,True,,Confirmed contract violation: ordinary acquisition failure leaves owned savepoint,1,error,True,True,True,True,[],"{""main"": [{""old"": 42}], ""temp"": null}","{""main"": [{""old"": 42}], ""temp"": null}",True,success,success,null,True,results/begin_after--error--overwrite--1/result.json
begin_after--error--overwrite--2,begin_after,error,overwrite,True,,Confirmed contract violation: ordinary acquisition failure leaves owned savepoint,1,error,True,True,True,True,[],"{""main"": [{""old"": 42}], ""temp"": null}","{""main"": [{""old"": 42}], ""temp"": null}",True,success,success,null,True,results/begin_after--error--overwrite--2/result.json
begin_after--error--overwrite--3,begin_after,error,overwrite,True,,Confirmed contract violation: ordinary acquisition failure leaves owned savepoint,1,error,True,True,True,True,[],"{""main"": [{""old"": 42}], ""temp"": null}","{""main"": [{""old"": 42}], ""temp"": null}",True,success,success,null,True,results/begin_after--error--overwrite--3/result.json
begin_after--interrupt--overwrite--1,begin_after,interrupt,overwrite,True,,Safety concern requiring interrupt restoration decision,1,interrupt,True,True,True,True,[],"{""main"": [{""old"": 42}], ""temp"": null}","{""main"": [{""old"": 42}], ""temp"": null}",True,success,success,null,True,results/begin_after--interrupt--overwrite--1/result.json
begin_after--interrupt--overwrite--2,begin_after,interrupt,overwrite,True,,Safety concern requiring interrupt restoration decision,1,interrupt,True,True,True,True,[],"{""main"": [{""old"": 42}], ""temp"": null}","{""main"": [{""old"": 42}], ""temp"": null}",True,success,success,null,True,results/begin_after--interrupt--overwrite--2/result.json
begin_after--interrupt--overwrite--3,begin_after,interrupt,overwrite,True,,Safety concern requiring interrupt restoration decision,1,interrupt,True,True,True,True,[],"{""main"": [{""old"": 42}], ""temp"": null}","{""main"": [{""old"": 42}], ""temp"": null}",True,success,success,null,True,results/begin_after--interrupt--overwrite--3/result.json
begin_before--error--overwrite--1,begin_before,error,overwrite,True,,No issue within verified scope,1,error,True,True,True,True,[],"{""main"": [{""old"": 42}], ""temp"": null}","{""main"": [{""old"": 42}], ""temp"": null}",False,success,success,null,True,results/begin_before--error--overwrite--1/result.json
begin_before--error--overwrite--2,begin_before,error,overwrite,True,,No issue within verified scope,1,error,True,True,True,True,[],"{""main"": [{""old"": 42}], ""temp"": null}","{""main"": [{""old"": 42}], ""temp"": null}",False,success,success,null,True,results/begin_before--error--overwrite--2/result.json
begin_before--error--overwrite--3,begin_before,error,overwrite,True,,No issue within verified scope,1,error,True,True,True,True,[],"{""main"": [{""old"": 42}], ""temp"": null}","{""main"": [{""old"": 42}], ""temp"": null}",False,success,success,null,True,results/begin_before--error--overwrite--3/result.json
begin_before--interrupt--overwrite--1,begin_before,interrupt,overwrite,True,,No issue within verified scope,1,interrupt,True,True,True,True,[],"{""main"": [{""old"": 42}], ""temp"": null}","{""main"": [{""old"": 42}], ""temp"": null}",False,success,success,null,True,results/begin_before--interrupt--overwrite--1/result.json
begin_before--interrupt--overwrite--2,begin_before,interrupt,overwrite,True,,No issue within verified scope,1,interrupt,True,True,True,True,[],"{""main"": [{""old"": 42}], ""temp"": null}","{""main"": [{""old"": 42}], ""temp"": null}",False,success,success,null,True,results/begin_before--interrupt--overwrite--2/result.json
begin_before--interrupt--overwrite--3,begin_before,interrupt,overwrite,True,,No issue within verified scope,1,interrupt,True,True,True,True,[],"{""main"": [{""old"": 42}], ""temp"": null}","{""main"": [{""old"": 42}], ""temp"": null}",False,success,success,null,True,results/begin_before--interrupt--overwrite--3/result.json
cleanup_between--interrupt--overwrite--2,cleanup_between,interrupt,overwrite,True,,Safety concern requiring interrupt restoration decision,1,interrupt,True,True,True,True,[],"{""main"": [{""old"": 42}], ""temp"": null}","{""main"": [{""old"": 42}], ""temp"": null}",True,success,success,null,True,results/cleanup_between--interrupt--overwrite--2/result.json
cleanup_between--interrupt--overwrite--3,cleanup_between,interrupt,overwrite,True,,Safety concern requiring interrupt restoration decision,1,interrupt,True,True,True,True,[],"{""main"": [{""old"": 42}], ""temp"": null}","{""main"": [{""old"": 42}], ""temp"": null}",True,success,success,null,True,results/cleanup_between--interrupt--overwrite--3/result.json
cleanup_between--interrupt--overwrite--4,cleanup_between,interrupt,overwrite,True,,Safety concern requiring interrupt restoration decision,1,interrupt,True,True,True,True,[],"{""main"": [{""old"": 42}], ""temp"": null}","{""main"": [{""old"": 42}], ""temp"": null}",True,success,success,null,True,results/cleanup_between--interrupt--overwrite--4/result.json
cleanup_between--sigint--overwrite--2,cleanup_between,sigint,overwrite,True,,Safety concern requiring interrupt restoration decision,1,interrupt,True,True,True,True,[],"{""main"": [{""old"": 42}], ""temp"": null}","{""main"": [{""old"": 42}], ""temp"": null}",True,success,success,null,True,results/cleanup_between--sigint--overwrite--2/result.json
cleanup_between--sigint--overwrite--3,cleanup_between,sigint,overwrite,True,,Safety concern requiring interrupt restoration decision,1,interrupt,True,True,True,True,[],"{""main"": [{""old"": 42}], ""temp"": null}","{""main"": [{""old"": 42}], ""temp"": null}",True,success,success,null,True,results/cleanup_between--sigint--overwrite--3/result.json
cleanup_between--sigint--overwrite--4,cleanup_between,sigint,overwrite,True,,Safety concern requiring interrupt restoration decision,1,interrupt,True,True,True,True,[],"{""main"": [{""old"": 42}], ""temp"": null}","{""main"": [{""old"": 42}], ""temp"": null}",True,success,success,null,True,results/cleanup_between--sigint--overwrite--4/result.json
collect_acquired--error--new--1,collect_acquired,error,new,True,,Expected failure or upstream behavior,1,error,,,True,True,[true],"{""main"": null, ""temp"": null}",{},False,success,success,null,True,results/collect_acquired--error--new--1/result.json
collect_acquired--error--new--2,collect_acquired,error,new,True,,Expected failure or upstream behavior,1,error,,,True,True,[true],"{""main"": null, ""temp"": null}",{},False,success,success,null,True,results/collect_acquired--error--new--2/result.json
collect_acquired--error--new--3,collect_acquired,error,new,True,,Expected failure or upstream behavior,1,error,,,True,True,[true],"{""main"": null, ""temp"": null}",{},False,success,success,null,True,results/collect_acquired--error--new--3/result.json
collect_acquired--interrupt--new--1,collect_acquired,interrupt,new,True,,Expected failure or upstream behavior,1,interrupt,,,True,True,[true],"{""main"": null, ""temp"": null}",{},False,success,success,null,True,results/collect_acquired--interrupt--new--1/result.json
collect_acquired--interrupt--new--2,collect_acquired,interrupt,new,True,,Expected failure or upstream behavior,1,interrupt,,,True,True,[true],"{""main"": null, ""temp"": null}",{},False,success,success,null,True,results/collect_acquired--interrupt--new--2/result.json
collect_acquired--interrupt--new--3,collect_acquired,interrupt,new,True,,Expected failure or upstream behavior,1,interrupt,,,True,True,[true],"{""main"": null, ""temp"": null}",{},False,success,success,null,True,results/collect_acquired--interrupt--new--3/result.json
collect_acquired--interrupt--new--4,collect_acquired,interrupt,new,True,,Expected failure or upstream behavior,1,interrupt,,,True,True,[true],"{""main"": null, ""temp"": null}",{},False,success,success,null,True,results/collect_acquired--interrupt--new--4/result.json
collect_acquired--interrupt--new--5,collect_acquired,interrupt,new,True,,Expected failure or upstream behavior,1,interrupt,,,True,True,[true],"{""main"": null, ""temp"": null}",{},False,success,success,null,True,results/collect_acquired--interrupt--new--5/result.json
collect_acquired--sigint--new--1,collect_acquired,sigint,new,True,,Expected failure or upstream behavior,1,interrupt,,,True,True,[true],"{""main"": null, ""temp"": null}",{},False,success,success,null,True,results/collect_acquired--sigint--new--1/result.json
collect_acquired--sigint--new--2,collect_acquired,sigint,new,True,,Expected failure or upstream behavior,1,interrupt,,,True,True,[true],"{""main"": null, ""temp"": null}",{},False,success,success,null,True,results/collect_acquired--sigint--new--2/result.json
collect_acquired--sigint--new--3,collect_acquired,sigint,new,True,,Expected failure or upstream behavior,1,interrupt,,,True,True,[true],"{""main"": null, ""temp"": null}",{},False,success,success,null,True,results/collect_acquired--sigint--new--3/result.json
collect_fetched--error--new--1,collect_fetched,error,new,True,,No issue within verified scope,1,error,True,True,True,True,[false],"{""main"": null, ""temp"": null}","{""main"": null, ""temp"": null}",False,success,success,null,True,results/collect_fetched--error--new--1/result.json
collect_fetched--error--new--2,collect_fetched,error,new,True,,No issue within verified scope,1,error,True,True,True,True,[false],"{""main"": null, ""temp"": null}","{""main"": null, ""temp"": null}",False,success,success,null,True,results/collect_fetched--error--new--2/result.json
collect_fetched--error--new--3,collect_fetched,error,new,True,,No issue within verified scope,1,error,True,True,True,True,[false],"{""main"": null, ""temp"": null}","{""main"": null, ""temp"": null}",False,success,success,null,True,results/collect_fetched--error--new--3/result.json
collect_fetched--interrupt--new--1,collect_fetched,interrupt,new,True,,No issue within verified scope,1,interrupt,True,True,True,True,[false],"{""main"": null, ""temp"": null}","{""main"": null, ""temp"": null}",False,success,success,null,True,results/collect_fetched--interrupt--new--1/result.json
collect_fetched--interrupt--new--2,collect_fetched,interrupt,new,True,,No issue within verified scope,1,interrupt,True,True,True,True,[false],"{""main"": null, ""temp"": null}","{""main"": null, ""temp"": null}",False,success,success,null,True,results/collect_fetched--interrupt--new--2/result.json
collect_fetched--interrupt--new--3,collect_fetched,interrupt,new,True,,No issue within verified scope,1,interrupt,True,True,True,True,[false],"{""main"": null, ""temp"": null}","{""main"": null, ""temp"": null}",False,success,success,null,True,results/collect_fetched--interrupt--new--3/result.json
collect_fetched--sigint--new--1,collect_fetched,sigint,new,True,,No issue within verified scope,1,interrupt,True,True,True,True,[false],"{""main"": null, ""temp"": null}","{""main"": null, ""temp"": null}",False,success,success,null,True,results/collect_fetched--sigint--new--1/result.json
collect_fetched--sigint--new--2,collect_fetched,sigint,new,True,,No issue within verified scope,1,interrupt,True,True,True,True,[false],"{""main"": null, ""temp"": null}","{""main"": null, ""temp"": null}",False,success,success,null,True,results/collect_fetched--sigint--new--2/result.json
collect_fetched--sigint--new--3,collect_fetched,sigint,new,True,,No issue within verified scope,1,interrupt,True,True,True,True,[false],"{""main"": null, ""temp"": null}","{""main"": null, ""temp"": null}",False,success,success,null,True,results/collect_fetched--sigint--new--3/result.json
collect_repair--error--new--1,collect_repair,error,new,False,Injector did not reach type-repair path,"Injector, observer, or environment problem",0,success,True,True,True,True,[false],"{""main"": null, ""temp"": null}","{""main"": null, ""temp"": null}",False,success,success,null,True,results/collect_repair--error--new--1/result.json
collect_repair--error--new--2,collect_repair,error,new,False,Injector did not reach type-repair path,"Injector, observer, or environment problem",0,success,True,True,True,True,[false],"{""main"": null, ""temp"": null}","{""main"": null, ""temp"": null}",False,success,success,null,True,results/collect_repair--error--new--2/result.json
collect_repair--error--new--3,collect_repair,error,new,False,Injector did not reach type-repair path,"Injector, observer, or environment problem",0,success,True,True,True,True,[false],"{""main"": null, ""temp"": null}","{""main"": null, ""temp"": null}",False,success,success,null,True,results/collect_repair--error--new--3/result.json
collect_repair--error--new--7,collect_repair,error,new,True,,No issue within verified scope,1,error,True,True,True,True,[false],"{""main"": null, ""temp"": null}","{""main"": null, ""temp"": null}",False,success,success,null,True,results/collect_repair--error--new--7/result.json
collect_repair--error--new--8,collect_repair,error,new,True,,No issue within verified scope,1,error,True,True,True,True,[false],"{""main"": null, ""temp"": null}","{""main"": null, ""temp"": null}",False,success,success,null,True,results/collect_repair--error--new--8/result.json
collect_repair--error--new--9,collect_repair,error,new,True,,No issue within verified scope,1,error,True,True,True,True,[false],"{""main"": null, ""temp"": null}","{""main"": null, ""temp"": null}",False,success,success,null,True,results/collect_repair--error--new--9/result.json
collect_repair--interrupt--new--1,collect_repair,interrupt,new,False,Injector did not reach type-repair path,"Injector, observer, or environment problem",0,success,True,True,True,True,[false],"{""main"": null, ""temp"": null}","{""main"": null, ""temp"": null}",False,success,success,null,True,results/collect_repair--interrupt--new--1/result.json
collect_repair--interrupt--new--2,collect_repair,interrupt,new,False,Injector did not reach type-repair path,"Injector, observer, or environment problem",0,success,True,True,True,True,[false],"{""main"": null, ""temp"": null}","{""main"": null, ""temp"": null}",False,success,success,null,True,results/collect_repair--interrupt--new--2/result.json
collect_repair--interrupt--new--3,collect_repair,interrupt,new,False,Injector did not reach type-repair path,"Injector, observer, or environment problem",0,success,True,True,True,True,[false],"{""main"": null, ""temp"": null}","{""main"": null, ""temp"": null}",False,success,success,null,True,results/collect_repair--interrupt--new--3/result.json
collect_repair--interrupt--new--4,collect_repair,interrupt,new,False,Injector did not reach type-repair path,"Injector, observer, or environment problem",0,success,True,True,True,True,[false],"{""main"": null, ""temp"": null}","{""main"": null, ""temp"": null}",False,success,success,null,True,results/collect_repair--interrupt--new--4/result.json
collect_repair--interrupt--new--5,collect_repair,interrupt,new,False,Injector did not reach type-repair path,"Injector, observer, or environment problem",0,success,True,True,True,True,[false],"{""main"": null, ""temp"": null}","{""main"": null, ""temp"": null}",False,success,success,null,True,results/collect_repair--interrupt--new--5/result.json
collect_repair--interrupt--new--6,collect_repair,interrupt,new,True,,No issue within verified scope,1,interrupt,True,True,True,True,[false],"{""main"": null, ""temp"": null}","{""main"": null, ""temp"": null}",False,success,success,null,True,results/collect_repair--interrupt--new--6/result.json
collect_repair--interrupt--new--7,collect_repair,interrupt,new,True,,No issue within verified scope,1,interrupt,True,True,True,True,[false],"{""main"": null, ""temp"": null}","{""main"": null, ""temp"": null}",False,success,success,null,True,results/collect_repair--interrupt--new--7/result.json
collect_repair--interrupt--new--8,collect_repair,interrupt,new,True,,No issue within verified scope,1,interrupt,True,True,True,True,[false],"{""main"": null, ""temp"": null}","{""main"": null, ""temp"": null}",False,success,success,null,True,results/collect_repair--interrupt--new--8/result.json
collect_repair--interrupt--new--9,collect_repair,interrupt,new,True,,No issue within verified scope,1,interrupt,True,True,True,True,[false],"{""main"": null, ""temp"": null}","{""main"": null, ""temp"": null}",False,success,success,null,True,results/collect_repair--interrupt--new--9/result.json
collect_repair--sigint--new--1,collect_repair,sigint,new,False,Injector did not reach type-repair path,"Injector, observer, or environment problem",0,success,True,True,True,True,[false],"{""main"": null, ""temp"": null}","{""main"": null, ""temp"": null}",False,success,success,null,True,results/collect_repair--sigint--new--1/result.json
collect_repair--sigint--new--2,collect_repair,sigint,new,False,Injector did not reach type-repair path,"Injector, observer, or environment problem",0,success,True,True,True,True,[false],"{""main"": null, ""temp"": null}","{""main"": null, ""temp"": null}",False,success,success,null,True,results/collect_repair--sigint--new--2/result.json
collect_repair--sigint--new--3,collect_repair,sigint,new,False,Injector did not reach type-repair path,"Injector, observer, or environment problem",0,success,True,True,True,True,[false],"{""main"": null, ""temp"": null}","{""main"": null, ""temp"": null}",False,success,success,null,True,results/collect_repair--sigint--new--3/result.json
collect_repair--sigint--new--7,collect_repair,sigint,new,True,,No issue within verified scope,1,interrupt,True,True,True,True,[false],"{""main"": null, ""temp"": null}","{""main"": null, ""temp"": null}",False,success,success,null,True,results/collect_repair--sigint--new--7/result.json
collect_repair--sigint--new--8,collect_repair,sigint,new,True,,No issue within verified scope,1,interrupt,True,True,True,True,[false],"{""main"": null, ""temp"": null}","{""main"": null, ""temp"": null}",False,success,success,null,True,results/collect_repair--sigint--new--8/result.json
collect_repair--sigint--new--9,collect_repair,sigint,new,True,,No issue within verified scope,1,interrupt,True,True,True,True,[false],"{""main"": null, ""temp"": null}","{""main"": null, ""temp"": null}",False,success,success,null,True,results/collect_repair--sigint--new--9/result.json
create_after--error--attached--2,create_after,error,attached,True,,No issue within verified scope,1,error,True,True,True,True,[],"{""main"": null, ""temp"": null, ""other"": [{""old"": 42}]}","{""main"": null, ""temp"": null, ""other"": [{""old"": 42}]}",False,success,success,null,True,results/create_after--error--attached--2/result.json
create_after--error--commit--2,create_after,error,commit,True,,No issue within verified scope,1,error,True,True,True,True,[],"{""main"": [{""old"": 42}], ""temp"": null}","{""main"": [{""old"": 42}], ""temp"": null}",False,success,success,"{""kind"": ""success"", ""value"": true}",True,results/create_after--error--commit--2/result.json
create_after--error--commit_only--1,create_after,error,commit_only,True,,No issue within verified scope,1,error,True,True,True,True,[],"{""main"": [{""old"": 42}], ""temp"": null}","{""main"": [{""old"": 42}], ""temp"": null}",False,success,not-requested-ownership-control,"{""kind"": ""success"", ""value"": true}",True,results/create_after--error--commit_only--1/result.json
create_after--error--commit_only--2,create_after,error,commit_only,True,,No issue within verified scope,1,error,True,True,True,True,[],"{""main"": [{""old"": 42}], ""temp"": null}","{""main"": [{""old"": 42}], ""temp"": null}",False,success,not-requested-ownership-control,"{""kind"": ""success"", ""value"": true}",True,results/create_after--error--commit_only--2/result.json
create_after--error--commit_only--3,create_after,error,commit_only,True,,No issue within verified scope,1,error,True,True,True,True,[],"{""main"": [{""old"": 42}], ""temp"": null}","{""main"": [{""old"": 42}], ""temp"": null}",False,success,not-requested-ownership-control,"{""kind"": ""success"", ""value"": true}",True,results/create_after--error--commit_only--3/result.json
create_after--error--env--2,create_after,error,env,True,,No issue within verified scope,1,error,True,True,True,True,[],"{""main"": [{""old"": 42}], ""temp"": null}","{""main"": [{""old"": 42}], ""temp"": null}",False,success,success,null,True,results/create_after--error--env--2/result.json
create_after--error--flag--2,create_after,error,flag,True,,No issue within verified scope,1,error,True,True,True,True,[],"{""main"": [{""old"": 42}], ""temp"": null}","{""main"": [{""old"": 42}], ""temp"": null}",False,success,success,null,True,results/create_after--error--flag--2/result.json
create_after--error--overwrite--1,create_after,error,overwrite,True,,No issue within verified scope,1,error,True,True,True,True,[],"{""main"": [{""old"": 42}], ""temp"": null}","{""main"": [{""old"": 42}], ""temp"": null}",False,success,success,null,True,results/create_after--error--overwrite--1/result.json
create_after--error--overwrite--2,create_after,error,overwrite,True,,No issue within verified scope,1,error,True,True,True,True,[],"{""main"": [{""old"": 42}], ""temp"": null}","{""main"": [{""old"": 42}], ""temp"": null}",False,success,success,null,True,results/create_after--error--overwrite--2/result.json
create_after--error--overwrite--3,create_after,error,overwrite,True,,No issue within verified scope,1,error,True,True,True,True,[],"{""main"": [{""old"": 42}], ""temp"": null}","{""main"": [{""old"": 42}], ""temp"": null}",False,success,success,null,True,results/create_after--error--overwrite--3/result.json
create_after--error--rollback--2,create_after,error,rollback,True,,No issue within verified scope,1,error,True,True,True,True,[],"{""main"": [{""old"": 42}], ""temp"": null}","{""main"": [{""old"": 42}], ""temp"": null}",False,success,success,"{""kind"": ""success"", ""value"": true}",True,results/create_after--error--rollback--2/result.json
create_after--error--rollback_only--1,create_after,error,rollback_only,True,,No issue within verified scope,1,error,True,True,True,True,[],"{""main"": [{""old"": 42}], ""temp"": null}","{""main"": [{""old"": 42}], ""temp"": null}",False,success,not-requested-ownership-control,"{""kind"": ""success"", ""value"": true}",True,results/create_after--error--rollback_only--1/result.json
create_after--error--rollback_only--2,create_after,error,rollback_only,True,,No issue within verified scope,1,error,True,True,True,True,[],"{""main"": [{""old"": 42}], ""temp"": null}","{""main"": [{""old"": 42}], ""temp"": null}",False,success,not-requested-ownership-control,"{""kind"": ""success"", ""value"": true}",True,results/create_after--error--rollback_only--2/result.json
create_after--error--rollback_only--3,create_after,error,rollback_only,True,,No issue within verified scope,1,error,True,True,True,True,[],"{""main"": [{""old"": 42}], ""temp"": null}","{""main"": [{""old"": 42}], ""temp"": null}",False,success,not-requested-ownership-control,"{""kind"": ""success"", ""value"": true}",True,results/create_after--error--rollback_only--3/result.json
create_after--error--temp--2,create_after,error,temp,True,,No issue within verified scope,1,error,True,True,True,True,[],"{""main"": null, ""temp"": [{""old"": 42}]}","{""main"": null, ""temp"": [{""old"": 42}]}",False,success,success,null,True,results/create_after--error--temp--2/result.json
create_after--interrupt--attached--2,create_after,interrupt,attached,True,,Safety concern requiring interrupt restoration decision,1,interrupt,True,True,True,True,[],"{""main"": null, ""temp"": null, ""other"": [{""old"": 42}]}","{""main"": null, ""temp"": null, ""other"": []}",True,success,success,null,True,results/create_after--interrupt--attached--2/result.json
create_after--interrupt--commit--2,create_after,interrupt,commit,True,,Safety concern requiring interrupt restoration decision,1,interrupt,True,True,True,True,[],"{""main"": [{""old"": 42}], ""temp"": null}","{""main"": [], ""temp"": null}",False,success,success,"{""kind"": ""success"", ""value"": true}",True,results/create_after--interrupt--commit--2/result.json
create_after--interrupt--commit_only--1,create_after,interrupt,commit_only,True,,Safety concern requiring interrupt restoration decision,1,interrupt,True,True,True,True,[],"{""main"": [{""old"": 42}], ""temp"": null}","{""main"": [], ""temp"": null}",False,success,not-requested-ownership-control,"{""kind"": ""success"", ""value"": true}",True,results/create_after--interrupt--commit_only--1/result.json
create_after--interrupt--commit_only--2,create_after,interrupt,commit_only,True,,Safety concern requiring interrupt restoration decision,1,interrupt,True,True,True,True,[],"{""main"": [{""old"": 42}], ""temp"": null}","{""main"": [], ""temp"": null}",False,success,not-requested-ownership-control,"{""kind"": ""success"", ""value"": true}",True,results/create_after--interrupt--commit_only--2/result.json
create_after--interrupt--commit_only--3,create_after,interrupt,commit_only,True,,Safety concern requiring interrupt restoration decision,1,interrupt,True,True,True,True,[],"{""main"": [{""old"": 42}], ""temp"": null}","{""main"": [], ""temp"": null}",False,success,not-requested-ownership-control,"{""kind"": ""success"", ""value"": true}",True,results/create_after--interrupt--commit_only--3/result.json
create_after--interrupt--env--2,create_after,interrupt,env,True,,Safety concern requiring interrupt restoration decision,1,interrupt,True,True,True,True,[],"{""main"": [{""old"": 42}], ""temp"": null}","{""main"": [], ""temp"": null}",True,success,success,null,True,results/create_after--interrupt--env--2/result.json
create_after--interrupt--flag--2,create_after,interrupt,flag,True,,Safety concern requiring interrupt restoration decision,1,interrupt,True,True,True,True,[],"{""main"": [{""old"": 42}], ""temp"": null}","{""main"": [], ""temp"": null}",True,success,success,null,True,results/create_after--interrupt--flag--2/result.json
create_after--interrupt--overwrite--1,create_after,interrupt,overwrite,True,,Safety concern requiring interrupt restoration decision,1,interrupt,True,True,True,True,[],"{""main"": [{""old"": 42}], ""temp"": null}","{""main"": [], ""temp"": null}",True,success,success,null,True,results/create_after--interrupt--overwrite--1/result.json
create_after--interrupt--overwrite--2,create_after,interrupt,overwrite,True,,Safety concern requiring interrupt restoration decision,1,interrupt,True,True,True,True,[],"{""main"": [{""old"": 42}], ""temp"": null}","{""main"": [], ""temp"": null}",True,success,success,null,True,results/create_after--interrupt--overwrite--2/result.json
create_after--interrupt--overwrite--3,create_after,interrupt,overwrite,True,,Safety concern requiring interrupt restoration decision,1,interrupt,True,True,True,True,[],"{""main"": [{""old"": 42}], ""temp"": null}","{""main"": [], ""temp"": null}",True,success,success,null,True,results/create_after--interrupt--overwrite--3/result.json
create_after--interrupt--rollback--2,create_after,interrupt,rollback,True,,Safety concern requiring interrupt restoration decision,1,interrupt,True,True,True,True,[],"{""main"": [{""old"": 42}], ""temp"": null}","{""main"": [], ""temp"": null}",False,success,success,"{""kind"": ""success"", ""value"": true}",True,results/create_after--interrupt--rollback--2/result.json
create_after--interrupt--rollback_only--1,create_after,interrupt,rollback_only,True,,Safety concern requiring interrupt restoration decision,1,interrupt,True,True,True,True,[],"{""main"": [{""old"": 42}], ""temp"": null}","{""main"": [], ""temp"": null}",False,success,not-requested-ownership-control,"{""kind"": ""success"", ""value"": true}",True,results/create_after--interrupt--rollback_only--1/result.json
create_after--interrupt--rollback_only--2,create_after,interrupt,rollback_only,True,,Safety concern requiring interrupt restoration decision,1,interrupt,True,True,True,True,[],"{""main"": [{""old"": 42}], ""temp"": null}","{""main"": [], ""temp"": null}",False,success,not-requested-ownership-control,"{""kind"": ""success"", ""value"": true}",True,results/create_after--interrupt--rollback_only--2/result.json
create_after--interrupt--rollback_only--3,create_after,interrupt,rollback_only,True,,Safety concern requiring interrupt restoration decision,1,interrupt,True,True,True,True,[],"{""main"": [{""old"": 42}], ""temp"": null}","{""main"": [], ""temp"": null}",False,success,not-requested-ownership-control,"{""kind"": ""success"", ""value"": true}",True,results/create_after--interrupt--rollback_only--3/result.json
create_after--interrupt--temp--2,create_after,interrupt,temp,True,,Safety concern requiring interrupt restoration decision,1,interrupt,True,True,True,True,[],"{""main"": null, ""temp"": [{""old"": 42}]}","{""main"": null, ""temp"": []}",True,success,success,null,True,results/create_after--interrupt--temp--2/result.json
create_after--sigint--commit_only--1,create_after,sigint,commit_only,True,,Safety concern requiring interrupt restoration decision,1,interrupt,True,True,True,True,[],"{""main"": [{""old"": 42}], ""temp"": null}","{""main"": [], ""temp"": null}",False,success,not-requested-ownership-control,"{""kind"": ""success"", ""value"": true}",True,results/create_after--sigint--commit_only--1/result.json
create_after--sigint--commit_only--2,create_after,sigint,commit_only,True,,Safety concern requiring interrupt restoration decision,1,interrupt,True,True,True,True,[],"{""main"": [{""old"": 42}], ""temp"": null}","{""main"": [], ""temp"": null}",False,success,not-requested-ownership-control,"{""kind"": ""success"", ""value"": true}",True,results/create_after--sigint--commit_only--2/result.json
create_after--sigint--commit_only--3,create_after,sigint,commit_only,True,,Safety concern requiring interrupt restoration decision,1,interrupt,True,True,True,True,[],"{""main"": [{""old"": 42}], ""temp"": null}","{""main"": [], ""temp"": null}",False,success,not-requested-ownership-control,"{""kind"": ""success"", ""value"": true}",True,results/create_after--sigint--commit_only--3/result.json
create_after--sigint--rollback_only--1,create_after,sigint,rollback_only,True,,Safety concern requiring interrupt restoration decision,1,interrupt,True,True,True,True,[],"{""main"": [{""old"": 42}], ""temp"": null}","{""main"": [], ""temp"": null}",False,success,not-requested-ownership-control,"{""kind"": ""success"", ""value"": true}",True,results/create_after--sigint--rollback_only--1/result.json
create_after--sigint--rollback_only--2,create_after,sigint,rollback_only,True,,Safety concern requiring interrupt restoration decision,1,interrupt,True,True,True,True,[],"{""main"": [{""old"": 42}], ""temp"": null}","{""main"": [], ""temp"": null}",False,success,not-requested-ownership-control,"{""kind"": ""success"", ""value"": true}",True,results/create_after--sigint--rollback_only--2/result.json
create_after--sigint--rollback_only--3,create_after,sigint,rollback_only,True,,Safety concern requiring interrupt restoration decision,1,interrupt,True,True,True,True,[],"{""main"": [{""old"": 42}], ""temp"": null}","{""main"": [], ""temp"": null}",False,success,not-requested-ownership-control,"{""kind"": ""success"", ""value"": true}",True,results/create_after--sigint--rollback_only--3/result.json
cte_warning--none--env--1,cte_warning,none,env,True,,No issue within verified scope,0,error,True,True,False,True,[],"{""main"": [{""old"": 42}], ""temp"": null}","{""main"": [{""old"": 42}], ""temp"": null}",False,success,success,null,True,results/cte_warning--none--env--1/result.json
cte_warning--none--env--2,cte_warning,none,env,True,,No issue within verified scope,0,error,True,True,False,True,[],"{""main"": [{""old"": 42}], ""temp"": null}","{""main"": [{""old"": 42}], ""temp"": null}",False,success,success,null,True,results/cte_warning--none--env--2/result.json
cte_warning--none--env--3,cte_warning,none,env,True,,No issue within verified scope,0,error,True,True,False,True,[],"{""main"": [{""old"": 42}], ""temp"": null}","{""main"": [{""old"": 42}], ""temp"": null}",False,success,success,null,True,results/cte_warning--none--env--3/result.json
dialect_cached--error--new--1,dialect_cached,error,new,True,,No issue within verified scope,1,error,,,True,False,"[false, false]",{},{},False,success,success,null,True,results/dialect_cached--error--new--1/result.json
dialect_cached--error--new--2,dialect_cached,error,new,True,,No issue within verified scope,1,error,,,True,False,"[false, false]",{},{},False,success,success,null,True,results/dialect_cached--error--new--2/result.json
dialect_cached--error--new--3,dialect_cached,error,new,True,,No issue within verified scope,1,error,,,True,False,"[false, false]",{},{},False,success,success,null,True,results/dialect_cached--error--new--3/result.json
dialect_cached--interrupt--new--1,dialect_cached,interrupt,new,True,,No issue within verified scope,1,interrupt,,,True,False,"[false, false]",{},{},False,success,success,null,True,results/dialect_cached--interrupt--new--1/result.json
dialect_cached--interrupt--new--2,dialect_cached,interrupt,new,True,,No issue within verified scope,1,interrupt,,,True,False,"[false, false]",{},{},False,success,success,null,True,results/dialect_cached--interrupt--new--2/result.json
dialect_cached--interrupt--new--3,dialect_cached,interrupt,new,True,,No issue within verified scope,1,interrupt,,,True,False,"[false, false]",{},{},False,success,success,null,True,results/dialect_cached--interrupt--new--3/result.json
dialect_cached--sigint--new--1,dialect_cached,sigint,new,True,,No issue within verified scope,1,interrupt,,,True,False,"[false, false]",{},{},False,success,success,null,True,results/dialect_cached--sigint--new--1/result.json
dialect_cached--sigint--new--2,dialect_cached,sigint,new,True,,No issue within verified scope,1,interrupt,,,True,False,"[false, false]",{},{},False,success,success,null,True,results/dialect_cached--sigint--new--2/result.json
dialect_cached--sigint--new--3,dialect_cached,sigint,new,True,,No issue within verified scope,1,interrupt,,,True,False,"[false, false]",{},{},False,success,success,null,True,results/dialect_cached--sigint--new--3/result.json
dialect_control--error--new--1,dialect_control,error,new,True,,No issue within verified scope,1,error,,,True,False,"[false, false]",{},{},False,success,success,null,True,results/dialect_control--error--new--1/result.json
dialect_control--error--new--2,dialect_control,error,new,True,,No issue within verified scope,1,error,,,True,False,"[false, false]",{},{},False,success,success,null,True,results/dialect_control--error--new--2/result.json
dialect_control--error--new--3,dialect_control,error,new,True,,No issue within verified scope,1,error,,,True,False,"[false, false]",{},{},False,success,success,null,True,results/dialect_control--error--new--3/result.json
dialect_control--interrupt--new--1,dialect_control,interrupt,new,True,,No issue within verified scope,1,interrupt,,,True,False,"[false, false]",{},{},False,success,success,null,True,results/dialect_control--interrupt--new--1/result.json
dialect_control--interrupt--new--2,dialect_control,interrupt,new,True,,No issue within verified scope,1,interrupt,,,True,False,"[false, false]",{},{},False,success,success,null,True,results/dialect_control--interrupt--new--2/result.json
dialect_control--interrupt--new--3,dialect_control,interrupt,new,True,,No issue within verified scope,1,interrupt,,,True,False,"[false, false]",{},{},False,success,success,null,True,results/dialect_control--interrupt--new--3/result.json
dialect_control--sigint--new--1,dialect_control,sigint,new,True,,No issue within verified scope,1,interrupt,,,True,False,"[false, false]",{},{},False,success,success,null,True,results/dialect_control--sigint--new--1/result.json
dialect_control--sigint--new--2,dialect_control,sigint,new,True,,No issue within verified scope,1,interrupt,,,True,False,"[false, false]",{},{},False,success,success,null,True,results/dialect_control--sigint--new--2/result.json
dialect_control--sigint--new--3,dialect_control,sigint,new,True,,No issue within verified scope,1,interrupt,,,True,False,"[false, false]",{},{},False,success,success,null,True,results/dialect_control--sigint--new--3/result.json
drop_after--error--overwrite--1,drop_after,error,overwrite,True,,No issue within verified scope,1,error,True,True,True,True,[],"{""main"": [{""old"": 42}], ""temp"": null}","{""main"": [{""old"": 42}], ""temp"": null}",False,success,success,null,True,results/drop_after--error--overwrite--1/result.json
drop_after--error--overwrite--2,drop_after,error,overwrite,True,,No issue within verified scope,1,error,True,True,True,True,[],"{""main"": [{""old"": 42}], ""temp"": null}","{""main"": [{""old"": 42}], ""temp"": null}",False,success,success,null,True,results/drop_after--error--overwrite--2/result.json
drop_after--error--overwrite--3,drop_after,error,overwrite,True,,No issue within verified scope,1,error,True,True,True,True,[],"{""main"": [{""old"": 42}], ""temp"": null}","{""main"": [{""old"": 42}], ""temp"": null}",False,success,success,null,True,results/drop_after--error--overwrite--3/result.json
drop_after--interrupt--overwrite--1,drop_after,interrupt,overwrite,True,,Safety concern requiring interrupt restoration decision,1,interrupt,True,True,True,True,[],"{""main"": [{""old"": 42}], ""temp"": null}","{""main"": null, ""temp"": null}",True,success,success,null,True,results/drop_after--interrupt--overwrite--1/result.json
drop_after--interrupt--overwrite--2,drop_after,interrupt,overwrite,True,,Safety concern requiring interrupt restoration decision,1,interrupt,True,True,True,True,[],"{""main"": [{""old"": 42}], ""temp"": null}","{""main"": null, ""temp"": null}",True,success,success,null,True,results/drop_after--interrupt--overwrite--2/result.json
drop_after--interrupt--overwrite--3,drop_after,interrupt,overwrite,True,,Safety concern requiring interrupt restoration decision,1,interrupt,True,True,True,True,[],"{""main"": [{""old"": 42}], ""temp"": null}","{""main"": null, ""temp"": null}",True,success,success,null,True,results/drop_after--interrupt--overwrite--3/result.json
index_after--error--overwrite--1,index_after,error,overwrite,True,,No issue within verified scope,1,error,True,True,True,True,[],"{""main"": [{""old"": 42}], ""temp"": null}","{""main"": [{""old"": 42}], ""temp"": null}",False,success,success,null,True,results/index_after--error--overwrite--1/result.json
index_after--error--overwrite--2,index_after,error,overwrite,True,,No issue within verified scope,1,error,True,True,True,True,[],"{""main"": [{""old"": 42}], ""temp"": null}","{""main"": [{""old"": 42}], ""temp"": null}",False,success,success,null,True,results/index_after--error--overwrite--2/result.json
index_after--error--overwrite--3,index_after,error,overwrite,True,,No issue within verified scope,1,error,True,True,True,True,[],"{""main"": [{""old"": 42}], ""temp"": null}","{""main"": [{""old"": 42}], ""temp"": null}",False,success,success,null,True,results/index_after--error--overwrite--3/result.json
index_after--interrupt--overwrite--1,index_after,interrupt,overwrite,True,,Safety concern requiring interrupt restoration decision,1,interrupt,True,True,True,True,[],"{""main"": [{""old"": 42}], ""temp"": null}","{""main"": [], ""temp"": null}",True,success,success,null,True,results/index_after--interrupt--overwrite--1/result.json
index_after--interrupt--overwrite--2,index_after,interrupt,overwrite,True,,Safety concern requiring interrupt restoration decision,1,interrupt,True,True,True,True,[],"{""main"": [{""old"": 42}], ""temp"": null}","{""main"": [], ""temp"": null}",True,success,success,null,True,results/index_after--interrupt--overwrite--2/result.json
index_after--interrupt--overwrite--3,index_after,interrupt,overwrite,True,,Safety concern requiring interrupt restoration decision,1,interrupt,True,True,True,True,[],"{""main"": [{""old"": 42}], ""temp"": null}","{""main"": [], ""temp"": null}",True,success,success,null,True,results/index_after--interrupt--overwrite--3/result.json
insert_after--error--attached--2,insert_after,error,attached,True,,No issue within verified scope,1,error,True,True,True,True,[],"{""main"": null, ""temp"": null, ""other"": [{""old"": 42}]}","{""main"": null, ""temp"": null, ""other"": [{""old"": 42}]}",False,success,success,null,True,results/insert_after--error--attached--2/result.json
insert_after--error--commit--1,insert_after,error,commit,True,,No issue within verified scope,1,error,True,True,True,True,[],"{""main"": [{""old"": 42}], ""temp"": null}","{""main"": [{""old"": 42}], ""temp"": null}",False,success,success,"{""kind"": ""success"", ""value"": true}",True,results/insert_after--error--commit--1/result.json
insert_after--error--commit--2,insert_after,error,commit,True,,No issue within verified scope,1,error,True,True,True,True,[],"{""main"": [{""old"": 42}], ""temp"": null}","{""main"": [{""old"": 42}], ""temp"": null}",False,success,success,"{""kind"": ""success"", ""value"": true}",True,results/insert_after--error--commit--2/result.json
insert_after--error--commit_only--1,insert_after,error,commit_only,True,,No issue within verified scope,1,error,True,True,True,True,[],"{""main"": [{""old"": 42}], ""temp"": null}","{""main"": [{""old"": 42}], ""temp"": null}",False,success,not-requested-ownership-control,"{""kind"": ""success"", ""value"": true}",True,results/insert_after--error--commit_only--1/result.json
insert_after--error--commit_only--2,insert_after,error,commit_only,True,,No issue within verified scope,1,error,True,True,True,True,[],"{""main"": [{""old"": 42}], ""temp"": null}","{""main"": [{""old"": 42}], ""temp"": null}",False,success,not-requested-ownership-control,"{""kind"": ""success"", ""value"": true}",True,results/insert_after--error--commit_only--2/result.json
insert_after--error--commit_only--3,insert_after,error,commit_only,True,,No issue within verified scope,1,error,True,True,True,True,[],"{""main"": [{""old"": 42}], ""temp"": null}","{""main"": [{""old"": 42}], ""temp"": null}",False,success,not-requested-ownership-control,"{""kind"": ""success"", ""value"": true}",True,results/insert_after--error--commit_only--3/result.json
insert_after--error--env--2,insert_after,error,env,True,,No issue within verified scope,1,error,True,True,True,True,[],"{""main"": [{""old"": 42}], ""temp"": null}","{""main"": [{""old"": 42}], ""temp"": null}",False,success,success,null,True,results/insert_after--error--env--2/result.json
insert_after--error--flag--2,insert_after,error,flag,True,,No issue within verified scope,1,error,True,True,True,True,[],"{""main"": [{""old"": 42}], ""temp"": null}","{""main"": [{""old"": 42}], ""temp"": null}",False,success,success,null,True,results/insert_after--error--flag--2/result.json
insert_after--error--new--1,insert_after,error,new,False,Pilot manager reporting revision; excluded in favor of repetitions 2-4,"Injector, observer, or environment problem",1,error,True,True,True,True,[],"{""main"": null, ""temp"": null}","{""main"": null, ""temp"": null}",False,success,success,null,True,results/insert_after--error--new--1/result.json
insert_after--error--new--2,insert_after,error,new,True,,No issue within verified scope,1,error,True,True,True,True,[],"{""main"": null, ""temp"": null}","{""main"": null, ""temp"": null}",False,success,success,null,True,results/insert_after--error--new--2/result.json
insert_after--error--new--3,insert_after,error,new,True,,No issue within verified scope,1,error,True,True,True,True,[],"{""main"": null, ""temp"": null}","{""main"": null, ""temp"": null}",False,success,success,null,True,results/insert_after--error--new--3/result.json
insert_after--error--new--4,insert_after,error,new,True,,No issue within verified scope,1,error,True,True,True,True,[],"{""main"": null, ""temp"": null}","{""main"": null, ""temp"": null}",False,success,success,null,True,results/insert_after--error--new--4/result.json
insert_after--error--rollback--2,insert_after,error,rollback,True,,No issue within verified scope,1,error,True,True,True,True,[],"{""main"": [{""old"": 42}], ""temp"": null}","{""main"": [{""old"": 42}], ""temp"": null}",False,success,success,"{""kind"": ""success"", ""value"": true}",True,results/insert_after--error--rollback--2/result.json
insert_after--error--rollback_only--1,insert_after,error,rollback_only,True,,No issue within verified scope,1,error,True,True,True,True,[],"{""main"": [{""old"": 42}], ""temp"": null}","{""main"": [{""old"": 42}], ""temp"": null}",False,success,not-requested-ownership-control,"{""kind"": ""success"", ""value"": true}",True,results/insert_after--error--rollback_only--1/result.json
insert_after--error--rollback_only--2,insert_after,error,rollback_only,True,,No issue within verified scope,1,error,True,True,True,True,[],"{""main"": [{""old"": 42}], ""temp"": null}","{""main"": [{""old"": 42}], ""temp"": null}",False,success,not-requested-ownership-control,"{""kind"": ""success"", ""value"": true}",True,results/insert_after--error--rollback_only--2/result.json
insert_after--error--rollback_only--3,insert_after,error,rollback_only,True,,No issue within verified scope,1,error,True,True,True,True,[],"{""main"": [{""old"": 42}], ""temp"": null}","{""main"": [{""old"": 42}], ""temp"": null}",False,success,not-requested-ownership-control,"{""kind"": ""success"", ""value"": true}",True,results/insert_after--error--rollback_only--3/result.json
insert_after--error--temp--2,insert_after,error,temp,True,,No issue within verified scope,1,error,True,True,True,True,[],"{""main"": null, ""temp"": [{""old"": 42}]}","{""main"": null, ""temp"": [{""old"": 42}]}",False,success,success,null,True,results/insert_after--error--temp--2/result.json
insert_after--interrupt--attached--2,insert_after,interrupt,attached,True,,Safety concern requiring interrupt restoration decision,1,interrupt,True,True,True,True,[],"{""main"": null, ""temp"": null, ""other"": [{""old"": 42}]}","{""main"": null, ""temp"": null, ""other"": [{""g"": ""a"", ""sid"": 1, ""z"": 2}, {""g"": ""b"", ""sid"": 1, ""z"": 5}, {""g"": ""Total"", ""sid"": 2, ""z"": 7}]}",True,success,success,null,True,results/insert_after--interrupt--attached--2/result.json
insert_after--interrupt--commit--1,insert_after,interrupt,commit,True,,Safety concern requiring interrupt restoration decision,1,interrupt,True,True,True,True,[],"{""main"": [{""old"": 42}], ""temp"": null}","{""main"": [{""g"": ""a"", ""sid"": 1, ""z"": 2}, {""g"": ""b"", ""sid"": 1, ""z"": 5}, {""g"": ""Total"", ""sid"": 2, ""z"": 7}], ""temp"": null}",False,success,success,"{""kind"": ""success"", ""value"": true}",True,results/insert_after--interrupt--commit--1/result.json
insert_after--interrupt--commit--2,insert_after,interrupt,commit,True,,Safety concern requiring interrupt restoration decision,1,interrupt,True,True,True,True,[],"{""main"": [{""old"": 42}], ""temp"": null}","{""main"": [{""g"": ""a"", ""sid"": 1, ""z"": 2}, {""g"": ""b"", ""sid"": 1, ""z"": 5}, {""g"": ""Total"", ""sid"": 2, ""z"": 7}], ""temp"": null}",False,success,success,"{""kind"": ""success"", ""value"": true}",True,results/insert_after--interrupt--commit--2/result.json
insert_after--interrupt--commit_only--1,insert_after,interrupt,commit_only,True,,Safety concern requiring interrupt restoration decision,1,interrupt,True,True,True,True,[],"{""main"": [{""old"": 42}], ""temp"": null}","{""main"": [{""g"": ""a"", ""sid"": 1, ""z"": 2}, {""g"": ""b"", ""sid"": 1, ""z"": 5}, {""g"": ""Total"", ""sid"": 2, ""z"": 7}], ""temp"": null}",False,success,not-requested-ownership-control,"{""kind"": ""success"", ""value"": true}",True,results/insert_after--interrupt--commit_only--1/result.json
insert_after--interrupt--commit_only--2,insert_after,interrupt,commit_only,True,,Safety concern requiring interrupt restoration decision,1,interrupt,True,True,True,True,[],"{""main"": [{""old"": 42}], ""temp"": null}","{""main"": [{""g"": ""a"", ""sid"": 1, ""z"": 2}, {""g"": ""b"", ""sid"": 1, ""z"": 5}, {""g"": ""Total"", ""sid"": 2, ""z"": 7}], ""temp"": null}",False,success,not-requested-ownership-control,"{""kind"": ""success"", ""value"": true}",True,results/insert_after--interrupt--commit_only--2/result.json
insert_after--interrupt--commit_only--3,insert_after,interrupt,commit_only,True,,Safety concern requiring interrupt restoration decision,1,interrupt,True,True,True,True,[],"{""main"": [{""old"": 42}], ""temp"": null}","{""main"": [{""g"": ""a"", ""sid"": 1, ""z"": 2}, {""g"": ""b"", ""sid"": 1, ""z"": 5}, {""g"": ""Total"", ""sid"": 2, ""z"": 7}], ""temp"": null}",False,success,not-requested-ownership-control,"{""kind"": ""success"", ""value"": true}",True,results/insert_after--interrupt--commit_only--3/result.json
insert_after--interrupt--env--2,insert_after,interrupt,env,True,,Safety concern requiring interrupt restoration decision,1,interrupt,True,True,True,True,[],"{""main"": [{""old"": 42}], ""temp"": null}","{""main"": [{""g"": ""a"", ""sid"": 1, "".env"": 2}, {""g"": ""b"", ""sid"": 1, "".env"": 5}, {""g"": ""Total"", ""sid"": 2, "".env"": 7}], ""temp"": null}",True,success,success,null,True,results/insert_after--interrupt--env--2/result.json
insert_after--interrupt--flag--2,insert_after,interrupt,flag,True,,Safety concern requiring interrupt restoration decision,1,interrupt,True,True,True,True,[],"{""main"": [{""old"": 42}], ""temp"": null}","{""main"": [{""g"": ""a"", ""sid"": 1, ""z"": 2}, {""g"": ""b"", ""sid"": 1, ""z"": 5}, {""g"": ""Total"", ""sid"": 2, ""z"": 7}], ""temp"": null}",True,success,success,null,True,results/insert_after--interrupt--flag--2/result.json
insert_after--interrupt--new--1,insert_after,interrupt,new,False,Pilot manager reporting revision; excluded in favor of repetitions 2-4,"Injector, observer, or environment problem",1,interrupt,True,True,True,True,[],"{""main"": null, ""temp"": null}","{""main"": [{""g"": ""a"", ""sid"": 1, ""z"": 2}, {""g"": ""b"", ""sid"": 1, ""z"": 5}, {""g"": ""Total"", ""sid"": 2, ""z"": 7}], ""temp"": null}",True,success,success,null,True,results/insert_after--interrupt--new--1/result.json
insert_after--interrupt--new--2,insert_after,interrupt,new,True,,Safety concern requiring interrupt restoration decision,1,interrupt,True,True,True,True,[],"{""main"": null, ""temp"": null}","{""main"": [{""g"": ""a"", ""sid"": 1, ""z"": 2}, {""g"": ""b"", ""sid"": 1, ""z"": 5}, {""g"": ""Total"", ""sid"": 2, ""z"": 7}], ""temp"": null}",True,success,success,null,True,results/insert_after--interrupt--new--2/result.json
insert_after--interrupt--new--3,insert_after,interrupt,new,True,,Safety concern requiring interrupt restoration decision,1,interrupt,True,True,True,True,[],"{""main"": null, ""temp"": null}","{""main"": [{""g"": ""a"", ""sid"": 1, ""z"": 2}, {""g"": ""b"", ""sid"": 1, ""z"": 5}, {""g"": ""Total"", ""sid"": 2, ""z"": 7}], ""temp"": null}",True,success,success,null,True,results/insert_after--interrupt--new--3/result.json
insert_after--interrupt--new--4,insert_after,interrupt,new,True,,Safety concern requiring interrupt restoration decision,1,interrupt,True,True,True,True,[],"{""main"": null, ""temp"": null}","{""main"": [{""g"": ""a"", ""sid"": 1, ""z"": 2}, {""g"": ""b"", ""sid"": 1, ""z"": 5}, {""g"": ""Total"", ""sid"": 2, ""z"": 7}], ""temp"": null}",True,success,success,null,True,results/insert_after--interrupt--new--4/result.json
insert_after--interrupt--rollback--2,insert_after,interrupt,rollback,True,,Safety concern requiring interrupt restoration decision,1,interrupt,True,True,True,True,[],"{""main"": [{""old"": 42}], ""temp"": null}","{""main"": [{""g"": ""a"", ""sid"": 1, ""z"": 2}, {""g"": ""b"", ""sid"": 1, ""z"": 5}, {""g"": ""Total"", ""sid"": 2, ""z"": 7}], ""temp"": null}",False,success,success,"{""kind"": ""success"", ""value"": true}",True,results/insert_after--interrupt--rollback--2/result.json
insert_after--interrupt--rollback_only--1,insert_after,interrupt,rollback_only,True,,Safety concern requiring interrupt restoration decision,1,interrupt,True,True,True,True,[],"{""main"": [{""old"": 42}], ""temp"": null}","{""main"": [{""g"": ""a"", ""sid"": 1, ""z"": 2}, {""g"": ""b"", ""sid"": 1, ""z"": 5}, {""g"": ""Total"", ""sid"": 2, ""z"": 7}], ""temp"": null}",False,success,not-requested-ownership-control,"{""kind"": ""success"", ""value"": true}",True,results/insert_after--interrupt--rollback_only--1/result.json
insert_after--interrupt--rollback_only--2,insert_after,interrupt,rollback_only,True,,Safety concern requiring interrupt restoration decision,1,interrupt,True,True,True,True,[],"{""main"": [{""old"": 42}], ""temp"": null}","{""main"": [{""g"": ""a"", ""sid"": 1, ""z"": 2}, {""g"": ""b"", ""sid"": 1, ""z"": 5}, {""g"": ""Total"", ""sid"": 2, ""z"": 7}], ""temp"": null}",False,success,not-requested-ownership-control,"{""kind"": ""success"", ""value"": true}",True,results/insert_after--interrupt--rollback_only--2/result.json
insert_after--interrupt--rollback_only--3,insert_after,interrupt,rollback_only,True,,Safety concern requiring interrupt restoration decision,1,interrupt,True,True,True,True,[],"{""main"": [{""old"": 42}], ""temp"": null}","{""main"": [{""g"": ""a"", ""sid"": 1, ""z"": 2}, {""g"": ""b"", ""sid"": 1, ""z"": 5}, {""g"": ""Total"", ""sid"": 2, ""z"": 7}], ""temp"": null}",False,success,not-requested-ownership-control,"{""kind"": ""success"", ""value"": true}",True,results/insert_after--interrupt--rollback_only--3/result.json
insert_after--interrupt--temp--2,insert_after,interrupt,temp,True,,Safety concern requiring interrupt restoration decision,1,interrupt,True,True,True,True,[],"{""main"": null, ""temp"": [{""old"": 42}]}","{""main"": null, ""temp"": [{""g"": ""a"", ""sid"": 1, ""z"": 2}, {""g"": ""b"", ""sid"": 1, ""z"": 5}, {""g"": ""Total"", ""sid"": 2, ""z"": 7}]}",True,success,success,null,True,results/insert_after--interrupt--temp--2/result.json
insert_after--sigint--commit--1,insert_after,sigint,commit,True,,Safety concern requiring interrupt restoration decision,1,interrupt,True,True,True,True,[],"{""main"": [{""old"": 42}], ""temp"": null}","{""main"": [{""g"": ""a"", ""sid"": 1, ""z"": 2}, {""g"": ""b"", ""sid"": 1, ""z"": 5}, {""g"": ""Total"", ""sid"": 2, ""z"": 7}], ""temp"": null}",False,success,success,"{""kind"": ""success"", ""value"": true}",True,results/insert_after--sigint--commit--1/result.json
insert_after--sigint--commit_only--1,insert_after,sigint,commit_only,True,,Safety concern requiring interrupt restoration decision,1,interrupt,True,True,True,True,[],"{""main"": [{""old"": 42}], ""temp"": null}","{""main"": [{""g"": ""a"", ""sid"": 1, ""z"": 2}, {""g"": ""b"", ""sid"": 1, ""z"": 5}, {""g"": ""Total"", ""sid"": 2, ""z"": 7}], ""temp"": null}",False,success,not-requested-ownership-control,"{""kind"": ""success"", ""value"": true}",True,results/insert_after--sigint--commit_only--1/result.json
insert_after--sigint--commit_only--2,insert_after,sigint,commit_only,True,,Safety concern requiring interrupt restoration decision,1,interrupt,True,True,True,True,[],"{""main"": [{""old"": 42}], ""temp"": null}","{""main"": [{""g"": ""a"", ""sid"": 1, ""z"": 2}, {""g"": ""b"", ""sid"": 1, ""z"": 5}, {""g"": ""Total"", ""sid"": 2, ""z"": 7}], ""temp"": null}",False,success,not-requested-ownership-control,"{""kind"": ""success"", ""value"": true}",True,results/insert_after--sigint--commit_only--2/result.json
insert_after--sigint--commit_only--3,insert_after,sigint,commit_only,True,,Safety concern requiring interrupt restoration decision,1,interrupt,True,True,True,True,[],"{""main"": [{""old"": 42}], ""temp"": null}","{""main"": [{""g"": ""a"", ""sid"": 1, ""z"": 2}, {""g"": ""b"", ""sid"": 1, ""z"": 5}, {""g"": ""Total"", ""sid"": 2, ""z"": 7}], ""temp"": null}",False,success,not-requested-ownership-control,"{""kind"": ""success"", ""value"": true}",True,results/insert_after--sigint--commit_only--3/result.json
insert_after--sigint--new--1,insert_after,sigint,new,False,Pilot manager reporting revision; excluded in favor of repetitions 2-4,"Injector, observer, or environment problem",1,interrupt,True,True,True,True,[],"{""main"": null, ""temp"": null}","{""main"": [{""g"": ""a"", ""sid"": 1, ""z"": 2}, {""g"": ""b"", ""sid"": 1, ""z"": 5}, {""g"": ""Total"", ""sid"": 2, ""z"": 7}], ""temp"": null}",True,success,success,null,True,results/insert_after--sigint--new--1/result.json
insert_after--sigint--new--2,insert_after,sigint,new,True,,Safety concern requiring interrupt restoration decision,1,interrupt,True,True,True,True,[],"{""main"": null, ""temp"": null}","{""main"": [{""g"": ""a"", ""sid"": 1, ""z"": 2}, {""g"": ""b"", ""sid"": 1, ""z"": 5}, {""g"": ""Total"", ""sid"": 2, ""z"": 7}], ""temp"": null}",True,success,success,null,True,results/insert_after--sigint--new--2/result.json
insert_after--sigint--new--3,insert_after,sigint,new,True,,Safety concern requiring interrupt restoration decision,1,interrupt,True,True,True,True,[],"{""main"": null, ""temp"": null}","{""main"": [{""g"": ""a"", ""sid"": 1, ""z"": 2}, {""g"": ""b"", ""sid"": 1, ""z"": 5}, {""g"": ""Total"", ""sid"": 2, ""z"": 7}], ""temp"": null}",True,success,success,null,True,results/insert_after--sigint--new--3/result.json
insert_after--sigint--new--4,insert_after,sigint,new,True,,Safety concern requiring interrupt restoration decision,1,interrupt,True,True,True,True,[],"{""main"": null, ""temp"": null}","{""main"": [{""g"": ""a"", ""sid"": 1, ""z"": 2}, {""g"": ""b"", ""sid"": 1, ""z"": 5}, {""g"": ""Total"", ""sid"": 2, ""z"": 7}], ""temp"": null}",True,success,success,null,True,results/insert_after--sigint--new--4/result.json
insert_after--sigint--rollback_only--1,insert_after,sigint,rollback_only,True,,Safety concern requiring interrupt restoration decision,1,interrupt,True,True,True,True,[],"{""main"": [{""old"": 42}], ""temp"": null}","{""main"": [{""g"": ""a"", ""sid"": 1, ""z"": 2}, {""g"": ""b"", ""sid"": 1, ""z"": 5}, {""g"": ""Total"", ""sid"": 2, ""z"": 7}], ""temp"": null}",False,success,not-requested-ownership-control,"{""kind"": ""success"", ""value"": true}",True,results/insert_after--sigint--rollback_only--1/result.json
insert_after--sigint--rollback_only--2,insert_after,sigint,rollback_only,True,,Safety concern requiring interrupt restoration decision,1,interrupt,True,True,True,True,[],"{""main"": [{""old"": 42}], ""temp"": null}","{""main"": [{""g"": ""a"", ""sid"": 1, ""z"": 2}, {""g"": ""b"", ""sid"": 1, ""z"": 5}, {""g"": ""Total"", ""sid"": 2, ""z"": 7}], ""temp"": null}",False,success,not-requested-ownership-control,"{""kind"": ""success"", ""value"": true}",True,results/insert_after--sigint--rollback_only--2/result.json
insert_after--sigint--rollback_only--3,insert_after,sigint,rollback_only,True,,Safety concern requiring interrupt restoration decision,1,interrupt,True,True,True,True,[],"{""main"": [{""old"": 42}], ""temp"": null}","{""main"": [{""g"": ""a"", ""sid"": 1, ""z"": 2}, {""g"": ""b"", ""sid"": 1, ""z"": 5}, {""g"": ""Total"", ""sid"": 2, ""z"": 7}], ""temp"": null}",False,success,not-requested-ownership-control,"{""kind"": ""success"", ""value"": true}",True,results/insert_after--sigint--rollback_only--3/result.json
invalid_cleanup--none--overwrite--2,invalid_cleanup,none,overwrite,True,,Expected failure or upstream behavior,0,error,,,True,True,[],"{""main"": [{""old"": 42}], ""temp"": null}",{},False,unavailable-invalid-connection,unavailable-invalid-connection,null,True,results/invalid_cleanup--none--overwrite--2/result.json
invalid_cleanup--none--overwrite--3,invalid_cleanup,none,overwrite,True,,Expected failure or upstream behavior,0,error,,,True,True,[],"{""main"": [{""old"": 42}], ""temp"": null}",{},False,unavailable-invalid-connection,unavailable-invalid-connection,null,True,results/invalid_cleanup--none--overwrite--3/result.json
invalid_cleanup--none--overwrite--4,invalid_cleanup,none,overwrite,True,,Expected failure or upstream behavior,0,error,,,True,True,[],"{""main"": [{""old"": 42}], ""temp"": null}",{},False,unavailable-invalid-connection,unavailable-invalid-connection,null,True,results/invalid_cleanup--none--overwrite--4/result.json
local_branch--error--new--1,local_branch,error,new,True,,No issue within verified scope,1,error,,,True,True,[],{},{},False,success,success,null,True,results/local_branch--error--new--1/result.json
local_branch--error--new--2,local_branch,error,new,True,,No issue within verified scope,1,error,,,True,True,[],{},{},False,success,success,null,True,results/local_branch--error--new--2/result.json
local_branch--error--new--3,local_branch,error,new,True,,No issue within verified scope,1,error,,,True,True,[],{},{},False,success,success,null,True,results/local_branch--error--new--3/result.json
local_branch--interrupt--new--1,local_branch,interrupt,new,True,,No issue within verified scope,1,interrupt,,,True,True,[],{},{},False,success,success,null,True,results/local_branch--interrupt--new--1/result.json
local_branch--interrupt--new--2,local_branch,interrupt,new,True,,No issue within verified scope,1,interrupt,,,True,True,[],{},{},False,success,success,null,True,results/local_branch--interrupt--new--2/result.json
local_branch--interrupt--new--3,local_branch,interrupt,new,True,,No issue within verified scope,1,interrupt,,,True,True,[],{},{},False,success,success,null,True,results/local_branch--interrupt--new--3/result.json
local_branch--sigint--new--1,local_branch,sigint,new,True,,No issue within verified scope,1,interrupt,,,True,True,[],{},{},False,success,success,null,True,results/local_branch--sigint--new--1/result.json
local_branch--sigint--new--2,local_branch,sigint,new,True,,No issue within verified scope,1,interrupt,,,True,True,[],{},{},False,success,success,null,True,results/local_branch--sigint--new--2/result.json
local_branch--sigint--new--3,local_branch,sigint,new,True,,No issue within verified scope,1,interrupt,,,True,True,[],{},{},False,success,success,null,True,results/local_branch--sigint--new--3/result.json
local_replay--error--new--1,local_replay,error,new,True,,Confirmed contract violation: warning replay masks original External error,1,error,,,True,True,[],{},{},False,success,success,null,True,results/local_replay--error--new--1/result.json
local_replay--error--new--2,local_replay,error,new,True,,Confirmed contract violation: warning replay masks original External error,1,error,,,True,True,[],{},{},False,success,success,null,True,results/local_replay--error--new--2/result.json
local_replay--error--new--3,local_replay,error,new,True,,Confirmed contract violation: warning replay masks original External error,1,error,,,True,True,[],{},{},False,success,success,null,True,results/local_replay--error--new--3/result.json
local_replay--interrupt--new--1,local_replay,interrupt,new,True,,Safety concern requiring interrupt/cleanup precedence decision,1,error,,,True,True,[],{},{},False,success,success,null,True,results/local_replay--interrupt--new--1/result.json
local_replay--interrupt--new--2,local_replay,interrupt,new,True,,Safety concern requiring interrupt/cleanup precedence decision,1,error,,,True,True,[],{},{},False,success,success,null,True,results/local_replay--interrupt--new--2/result.json
local_replay--interrupt--new--3,local_replay,interrupt,new,True,,Safety concern requiring interrupt/cleanup precedence decision,1,error,,,True,True,[],{},{},False,success,success,null,True,results/local_replay--interrupt--new--3/result.json
local_replay--sigint--new--1,local_replay,sigint,new,True,,Safety concern requiring interrupt/cleanup precedence decision,1,error,,,True,True,[],{},{},False,success,success,null,True,results/local_replay--sigint--new--1/result.json
local_replay--sigint--new--2,local_replay,sigint,new,True,,Safety concern requiring interrupt/cleanup precedence decision,1,error,,,True,True,[],{},{},False,success,success,null,True,results/local_replay--sigint--new--2/result.json
local_replay--sigint--new--3,local_replay,sigint,new,True,,Safety concern requiring interrupt/cleanup precedence decision,1,error,,,True,True,[],{},{},False,success,success,null,True,results/local_replay--sigint--new--3/result.json
release_after--error--overwrite--1,release_after,error,overwrite,True,,Expected failure or upstream behavior,1,error,True,True,True,True,[],"{""main"": [{""old"": 42}], ""temp"": null}","{""main"": [{""g"": ""a"", ""sid"": 1, ""z"": 2}, {""g"": ""b"", ""sid"": 1, ""z"": 5}, {""g"": ""Total"", ""sid"": 2, ""z"": 7}], ""temp"": null}",False,success,success,null,True,results/release_after--error--overwrite--1/result.json
release_after--error--overwrite--2,release_after,error,overwrite,True,,Expected failure or upstream behavior,1,error,True,True,True,True,[],"{""main"": [{""old"": 42}], ""temp"": null}","{""main"": [{""g"": ""a"", ""sid"": 1, ""z"": 2}, {""g"": ""b"", ""sid"": 1, ""z"": 5}, {""g"": ""Total"", ""sid"": 2, ""z"": 7}], ""temp"": null}",False,success,success,null,True,results/release_after--error--overwrite--2/result.json
release_after--error--overwrite--3,release_after,error,overwrite,True,,Expected failure or upstream behavior,1,error,True,True,True,True,[],"{""main"": [{""old"": 42}], ""temp"": null}","{""main"": [{""g"": ""a"", ""sid"": 1, ""z"": 2}, {""g"": ""b"", ""sid"": 1, ""z"": 5}, {""g"": ""Total"", ""sid"": 2, ""z"": 7}], ""temp"": null}",False,success,success,null,True,results/release_after--error--overwrite--3/result.json
release_after--interrupt--commit--1,release_after,interrupt,commit,True,,Expected failure or upstream behavior,1,interrupt,True,True,True,True,[],"{""main"": [{""old"": 42}], ""temp"": null}","{""main"": [{""g"": ""a"", ""sid"": 1, ""z"": 2}, {""g"": ""b"", ""sid"": 1, ""z"": 5}, {""g"": ""Total"", ""sid"": 2, ""z"": 7}], ""temp"": null}",False,success,success,"{""kind"": ""success"", ""value"": true}",True,results/release_after--interrupt--commit--1/result.json
release_after--interrupt--overwrite--1,release_after,interrupt,overwrite,True,,Expected failure or upstream behavior,1,interrupt,True,True,True,True,[],"{""main"": [{""old"": 42}], ""temp"": null}","{""main"": [{""g"": ""a"", ""sid"": 1, ""z"": 2}, {""g"": ""b"", ""sid"": 1, ""z"": 5}, {""g"": ""Total"", ""sid"": 2, ""z"": 7}], ""temp"": null}",False,success,success,null,True,results/release_after--interrupt--overwrite--1/result.json
release_after--interrupt--overwrite--2,release_after,interrupt,overwrite,True,,Expected failure or upstream behavior,1,interrupt,True,True,True,True,[],"{""main"": [{""old"": 42}], ""temp"": null}","{""main"": [{""g"": ""a"", ""sid"": 1, ""z"": 2}, {""g"": ""b"", ""sid"": 1, ""z"": 5}, {""g"": ""Total"", ""sid"": 2, ""z"": 7}], ""temp"": null}",False,success,success,null,True,results/release_after--interrupt--overwrite--2/result.json
release_after--interrupt--overwrite--3,release_after,interrupt,overwrite,True,,Expected failure or upstream behavior,1,interrupt,True,True,True,True,[],"{""main"": [{""old"": 42}], ""temp"": null}","{""main"": [{""g"": ""a"", ""sid"": 1, ""z"": 2}, {""g"": ""b"", ""sid"": 1, ""z"": 5}, {""g"": ""Total"", ""sid"": 2, ""z"": 7}], ""temp"": null}",False,success,success,null,True,results/release_after--interrupt--overwrite--3/result.json
release_after--interrupt--rollback--1,release_after,interrupt,rollback,True,,Expected failure or upstream behavior,1,interrupt,True,True,True,True,[],"{""main"": [{""old"": 42}], ""temp"": null}","{""main"": [{""g"": ""a"", ""sid"": 1, ""z"": 2}, {""g"": ""b"", ""sid"": 1, ""z"": 5}, {""g"": ""Total"", ""sid"": 2, ""z"": 7}], ""temp"": null}",False,success,success,"{""kind"": ""success"", ""value"": true}",True,results/release_after--interrupt--rollback--1/result.json
release_after--sigint--commit--1,release_after,sigint,commit,True,,Expected failure or upstream behavior,1,interrupt,True,True,True,True,[],"{""main"": [{""old"": 42}], ""temp"": null}","{""main"": [{""g"": ""a"", ""sid"": 1, ""z"": 2}, {""g"": ""b"", ""sid"": 1, ""z"": 5}, {""g"": ""Total"", ""sid"": 2, ""z"": 7}], ""temp"": null}",False,success,success,"{""kind"": ""success"", ""value"": true}",True,results/release_after--sigint--commit--1/result.json
release_after--sigint--rollback--1,release_after,sigint,rollback,True,,Expected failure or upstream behavior,1,interrupt,True,True,True,True,[],"{""main"": [{""old"": 42}], ""temp"": null}","{""main"": [{""g"": ""a"", ""sid"": 1, ""z"": 2}, {""g"": ""b"", ""sid"": 1, ""z"": 5}, {""g"": ""Total"", ""sid"": 2, ""z"": 7}], ""temp"": null}",False,success,success,"{""kind"": ""success"", ""value"": true}",True,results/release_after--sigint--rollback--1/result.json
release_busy--none--overwrite--2,release_busy,none,overwrite,True,,Expected failure or upstream behavior,0,error,True,True,True,True,[],"{""main"": [{""old"": 42}], ""temp"": null}","{""main"": [{""old"": 42}], ""temp"": null}",True,success,success,null,True,results/release_busy--none--overwrite--2/result.json
release_busy--none--overwrite--3,release_busy,none,overwrite,True,,Expected failure or upstream behavior,0,error,True,True,True,True,[],"{""main"": [{""old"": 42}], ""temp"": null}","{""main"": [{""old"": 42}], ""temp"": null}",True,success,success,null,True,results/release_busy--none--overwrite--3/result.json
release_busy--none--overwrite--4,release_busy,none,overwrite,True,,Expected failure or upstream behavior,0,error,True,True,True,True,[],"{""main"": [{""old"": 42}], ""temp"": null}","{""main"": [{""old"": 42}], ""temp"": null}",True,success,success,null,True,results/release_busy--none--overwrite--4/result.json
return_after--error--overwrite--1,return_after,error,overwrite,True,,No issue within verified scope,1,error,True,True,True,True,[],"{""main"": [{""old"": 42}], ""temp"": null}","{""main"": [{""old"": 42}], ""temp"": null}",False,success,success,null,True,results/return_after--error--overwrite--1/result.json
return_after--error--overwrite--2,return_after,error,overwrite,True,,No issue within verified scope,1,error,True,True,True,True,[],"{""main"": [{""old"": 42}], ""temp"": null}","{""main"": [{""old"": 42}], ""temp"": null}",False,success,success,null,True,results/return_after--error--overwrite--2/result.json
return_after--error--overwrite--3,return_after,error,overwrite,True,,No issue within verified scope,1,error,True,True,True,True,[],"{""main"": [{""old"": 42}], ""temp"": null}","{""main"": [{""old"": 42}], ""temp"": null}",False,success,success,null,True,results/return_after--error--overwrite--3/result.json
return_after--interrupt--overwrite--1,return_after,interrupt,overwrite,True,,Safety concern requiring interrupt restoration decision,1,interrupt,True,True,True,True,[],"{""main"": [{""old"": 42}], ""temp"": null}","{""main"": [{""g"": ""a"", ""sid"": 1, ""z"": 2}, {""g"": ""b"", ""sid"": 1, ""z"": 5}, {""g"": ""Total"", ""sid"": 2, ""z"": 7}], ""temp"": null}",True,success,success,null,True,results/return_after--interrupt--overwrite--1/result.json
return_after--interrupt--overwrite--2,return_after,interrupt,overwrite,True,,Safety concern requiring interrupt restoration decision,1,interrupt,True,True,True,True,[],"{""main"": [{""old"": 42}], ""temp"": null}","{""main"": [{""g"": ""a"", ""sid"": 1, ""z"": 2}, {""g"": ""b"", ""sid"": 1, ""z"": 5}, {""g"": ""Total"", ""sid"": 2, ""z"": 7}], ""temp"": null}",True,success,success,null,True,results/return_after--interrupt--overwrite--2/result.json
return_after--interrupt--overwrite--3,return_after,interrupt,overwrite,True,,Safety concern requiring interrupt restoration decision,1,interrupt,True,True,True,True,[],"{""main"": [{""old"": 42}], ""temp"": null}","{""main"": [{""g"": ""a"", ""sid"": 1, ""z"": 2}, {""g"": ""b"", ""sid"": 1, ""z"": 5}, {""g"": ""Total"", ""sid"": 2, ""z"": 7}], ""temp"": null}",True,success,success,null,True,results/return_after--interrupt--overwrite--3/result.json
unique_backend--none--overwrite--2,unique_backend,none,overwrite,True,,Expected failure or upstream behavior,0,error,True,True,True,True,[],"{""main"": [{""old"": 42}], ""temp"": null}","{""main"": [{""old"": 42}], ""temp"": null}",False,success,success,null,True,results/unique_backend--none--overwrite--2/result.json
unique_backend--none--overwrite--3,unique_backend,none,overwrite,True,,Expected failure or upstream behavior,0,error,True,True,True,True,[],"{""main"": [{""old"": 42}], ""temp"": null}","{""main"": [{""old"": 42}], ""temp"": null}",False,success,success,null,True,results/unique_backend--none--overwrite--3/result.json
unique_backend--none--overwrite--4,unique_backend,none,overwrite,True,,Expected failure or upstream behavior,0,error,True,True,True,True,[],"{""main"": [{""old"": 42}], ""temp"": null}","{""main"": [{""old"": 42}], ""temp"": null}",False,success,success,null,True,results/unique_backend--none--overwrite--4/result.json
warning_proxy--none--new--1,warning_proxy,none,new,True,,No issue within verified scope,0,error,,,True,False,[],{},{},False,success,success,null,True,results/warning_proxy--none--new--1/result.json
warning_proxy--none--new--2,warning_proxy,none,new,True,,No issue within verified scope,0,error,,,True,False,[],{},{},False,success,success,null,True,results/warning_proxy--none--new--2/result.json
warning_proxy--none--new--3,warning_proxy,none,new,True,,No issue within verified scope,0,error,,,True,False,[],{},{},False,success,success,null,True,results/warning_proxy--none--new--3/result.json
warning_proxy--none--off--1,warning_proxy,none,off,True,,No issue within verified scope,0,error,,,True,True,[],{},{},False,success,success,null,True,results/warning_proxy--none--off--1/result.json
warning_proxy--none--off--2,warning_proxy,none,off,True,,No issue within verified scope,0,error,,,True,True,[],{},{},False,success,success,null,True,results/warning_proxy--none--off--2/result.json
warning_proxy--none--off--3,warning_proxy,none,off,True,,No issue within verified scope,0,error,,,True,True,[],{},{},False,success,success,null,True,results/warning_proxy--none--off--3/result.json
warning_sql--none--new--1,warning_sql,none,new,False,Harness constructed deferred result without executing it,"Injector, observer, or environment problem",0,success,,,True,False,[],{},{},False,success,success,null,True,results/warning_sql--none--new--1/result.json
warning_sql--none--new--2,warning_sql,none,new,False,Harness constructed deferred result without executing it,"Injector, observer, or environment problem",0,success,,,True,False,[],{},{},False,success,success,null,True,results/warning_sql--none--new--2/result.json
warning_sql--none--new--3,warning_sql,none,new,False,Harness constructed deferred result without executing it,"Injector, observer, or environment problem",0,success,,,True,False,[],{},{},False,success,success,null,True,results/warning_sql--none--new--3/result.json
warning_sql--none--new--4,warning_sql,none,new,True,,No issue within verified scope,0,error,,,True,False,[],{},{},False,success,success,null,True,results/warning_sql--none--new--4/result.json
warning_sql--none--new--5,warning_sql,none,new,True,,No issue within verified scope,0,error,,,True,False,[],{},{},False,success,success,null,True,results/warning_sql--none--new--5/result.json
warning_sql--none--new--6,warning_sql,none,new,True,,No issue within verified scope,0,error,,,True,False,[],{},{},False,success,success,null,True,results/warning_sql--none--new--6/result.json
warning_sql--none--off--1,warning_sql,none,off,False,Harness constructed deferred result without executing it,"Injector, observer, or environment problem",0,success,,,True,True,[],{},{},False,success,success,null,True,results/warning_sql--none--off--1/result.json
warning_sql--none--off--2,warning_sql,none,off,False,Harness constructed deferred result without executing it,"Injector, observer, or environment problem",0,success,,,True,True,[],{},{},False,success,success,null,True,results/warning_sql--none--off--2/result.json
warning_sql--none--off--3,warning_sql,none,off,False,Harness constructed deferred result without executing it,"Injector, observer, or environment problem",0,success,,,True,True,[],{},{},False,success,success,null,True,results/warning_sql--none--off--3/result.json
warning_sql--none--off--4,warning_sql,none,off,True,,No issue within verified scope,0,error,,,True,True,[],{},{},False,success,success,null,True,results/warning_sql--none--off--4/result.json
warning_sql--none--off--5,warning_sql,none,off,True,,No issue within verified scope,0,error,,,True,True,[],{},{},False,success,success,null,True,results/warning_sql--none--off--5/result.json
warning_sql--none--off--6,warning_sql,none,off,True,,No issue within verified scope,0,error,,,True,True,[],{},{},False,success,success,null,True,results/warning_sql--none--off--6/result.json
