"package","version"
"arrow","25.0.1"
"marginplyr","0.1.0"
"testthat","3.3.2"
"assertthat","0.2.1"
"bit64","4.8.6"
"glue","1.8.1"
"methods","4.6.1"
"purrr","1.2.2"
"R6","2.6.1"
"rlang","1.3.0"
"stats","4.6.1"
"tidyselect","1.2.1"
"utils","4.6.1"
"vctrs","0.7.3"
"cpp11","0.5.5"
"tools","4.6.1"
"bit","4.6.0"
"graphics","4.6.1"
"cli","3.6.6"
"lifecycle","1.0.5"
"magrittr","2.0.5"
"grDevices","4.6.1"
"withr","3.0.3"
"dbplyr","2.6.0"
"dplyr","1.2.1"
"blob","1.3.0"
"DBI","1.3.0"
"pillar","1.11.1"
"tibble","3.3.1"
"tidyr","1.3.2"
"generics","0.1.4"
"utf8","1.2.6"
"pkgconfig","2.0.3"
"stringr","1.6.0"
"stringi","1.8.9"
"brio","1.1.5"
"callr","3.8.0"
"desc","1.4.3"
"evaluate","1.0.5"
"jsonlite","2.0.0"
"pkgload","1.5.3"
"praise","1.0.0"
"processx","3.9.0"
"ps","1.9.3"
"waldo","0.6.2"
"otel","0.2.0"
"fs","2.1.0"
"pkgbuild","1.4.8"
"rprojroot","2.1.1"
"diffobj","0.3.8"
"crayon","1.5.3"
