"reference","id","operation","equal"
"A-mixed-base-composite-none-none-t1","RB-mixed-base-composite-none-none-t1","summary",TRUE
"A-mixed-base-composite-none-none-t1","RB-mixed-base-composite-none-none-t1","summary_compute",TRUE
"A-mixed-base-composite-none-none-t1","RB-mixed-base-composite-none-none-t1","alias",TRUE
"A-mixed-base-composite-none-none-t1","RB-mixed-base-composite-none-none-t1","expansion",TRUE
"A-mixed-base-composite-none-none-t1","RB-mixed-base-composite-none-none-t1","expansion_compute",TRUE
"A-mixed-base-cube-none-none-t1","RB-mixed-base-cube-none-none-t1","summary",TRUE
"A-mixed-base-cube-none-none-t1","RB-mixed-base-cube-none-none-t1","summary_compute",TRUE
"A-mixed-base-cube-none-none-t1","RB-mixed-base-cube-none-none-t1","alias",TRUE
"A-mixed-base-cube-none-none-t1","RB-mixed-base-cube-none-none-t1","expansion",TRUE
"A-mixed-base-cube-none-none-t1","RB-mixed-base-cube-none-none-t1","expansion_compute",TRUE
"A-mixed-base-duplicate-none-none-t1","RB-mixed-base-duplicate-none-none-t1","summary",TRUE
"A-mixed-base-duplicate-none-none-t1","RB-mixed-base-duplicate-none-none-t1","summary_compute",TRUE
"A-mixed-base-duplicate-none-none-t1","RB-mixed-base-duplicate-none-none-t1","alias",TRUE
"A-mixed-base-duplicate-none-none-t1","RB-mixed-base-duplicate-none-none-t1","expansion",TRUE
"A-mixed-base-duplicate-none-none-t1","RB-mixed-base-duplicate-none-none-t1","expansion_compute",TRUE
"A-mixed-base-grand-zero-none-t1","RB-mixed-base-grand-zero-none-t1","summary",TRUE
"A-mixed-base-grand-zero-none-t1","RB-mixed-base-grand-zero-none-t1","summary_compute",TRUE
"A-mixed-base-grand-zero-none-t1","RB-mixed-base-grand-zero-none-t1","alias",TRUE
"A-mixed-base-grand-zero-none-t1","RB-mixed-base-grand-zero-none-t1","expansion",TRUE
"A-mixed-base-grand-zero-none-t1","RB-mixed-base-grand-zero-none-t1","expansion_compute",TRUE
"A-mixed-base-one-none-none-t1","RB-mixed-base-one-none-none-t1","summary",TRUE
"A-mixed-base-one-none-none-t1","RB-mixed-base-one-none-none-t1","summary_compute",TRUE
"A-mixed-base-one-none-none-t1","RB-mixed-base-one-none-none-t1","alias",TRUE
"A-mixed-base-one-none-none-t1","RB-mixed-base-one-none-none-t1","expansion",TRUE
"A-mixed-base-one-none-none-t1","RB-mixed-base-one-none-none-t1","expansion_compute",TRUE
"A-mixed-base-rollup-none-none-t1","A-two-base-rollup-none-none-t1","summary",TRUE
"A-mixed-base-rollup-none-none-t1","A-two-base-rollup-none-none-t1","summary_compute",TRUE
"A-mixed-base-rollup-none-none-t1","A-two-base-rollup-none-none-t1","alias",TRUE
"A-mixed-base-rollup-none-none-t1","A-two-base-rollup-none-none-t1","expansion",TRUE
"A-mixed-base-rollup-none-none-t1","A-two-base-rollup-none-none-t1","expansion_compute",TRUE
"A-mixed-base-rollup-none-none-t1","RB-mixed-base-rollup-none-none-t1","summary",TRUE
"A-mixed-base-rollup-none-none-t1","RB-mixed-base-rollup-none-none-t1","summary_compute",TRUE
"A-mixed-base-rollup-none-none-t1","RB-mixed-base-rollup-none-none-t1","alias",TRUE
"A-mixed-base-rollup-none-none-t1","RB-mixed-base-rollup-none-none-t1","expansion",TRUE
"A-mixed-base-rollup-none-none-t1","RB-mixed-base-rollup-none-none-t1","expansion_compute",TRUE
"A-mixed-base-rollup-none-none-t1","RB-two-base-rollup-none-none-t1","summary",TRUE
"A-mixed-base-rollup-none-none-t1","RB-two-base-rollup-none-none-t1","summary_compute",TRUE
"A-mixed-base-rollup-none-none-t1","RB-two-base-rollup-none-none-t1","alias",TRUE
"A-mixed-base-rollup-none-none-t1","RB-two-base-rollup-none-none-t1","expansion",TRUE
"A-mixed-base-rollup-none-none-t1","RB-two-base-rollup-none-none-t1","expansion_compute",TRUE
"A-mixed-base-rollup-part-none-t1","RB-mixed-base-rollup-part-none-t1","summary",TRUE
"A-mixed-base-rollup-part-none-t1","RB-mixed-base-rollup-part-none-t1","summary_compute",TRUE
"A-mixed-base-rollup-part-none-t1","RB-mixed-base-rollup-part-none-t1","alias",TRUE
"A-mixed-base-rollup-part-none-t1","RB-mixed-base-rollup-part-none-t1","expansion",TRUE
"A-mixed-base-rollup-part-none-t1","RB-mixed-base-rollup-part-none-t1","expansion_compute",TRUE
"A-mixed-base-rollup-zero-none-t1","RB-mixed-base-rollup-zero-none-t1","summary",TRUE
"A-mixed-base-rollup-zero-none-t1","RB-mixed-base-rollup-zero-none-t1","summary_compute",TRUE
"A-mixed-base-rollup-zero-none-t1","RB-mixed-base-rollup-zero-none-t1","alias",TRUE
"A-mixed-base-rollup-zero-none-t1","RB-mixed-base-rollup-zero-none-t1","expansion",TRUE
"A-mixed-base-rollup-zero-none-t1","RB-mixed-base-rollup-zero-none-t1","expansion_compute",TRUE
"B_shift-mixed-base-composite-none-none-t1","B-mixed-base-composite-none-none-t1","summary",TRUE
"B_shift-mixed-base-composite-none-none-t1","B-mixed-base-composite-none-none-t1","summary_compute",TRUE
"B_shift-mixed-base-composite-none-none-t1","B-mixed-base-composite-none-none-t1","alias",TRUE
"B_shift-mixed-base-composite-none-none-t1","B-mixed-base-composite-none-none-t1","expansion",TRUE
"B_shift-mixed-base-composite-none-none-t1","B-mixed-base-composite-none-none-t1","expansion_compute",TRUE
"B_shift-mixed-base-composite-none-none-t1","B-mixed-base-composite-none-none-t2","summary",TRUE
"B_shift-mixed-base-composite-none-none-t1","B-mixed-base-composite-none-none-t2","summary_compute",TRUE
"B_shift-mixed-base-composite-none-none-t1","B-mixed-base-composite-none-none-t2","alias",TRUE
"B_shift-mixed-base-composite-none-none-t1","B-mixed-base-composite-none-none-t2","expansion",TRUE
"B_shift-mixed-base-composite-none-none-t1","B-mixed-base-composite-none-none-t2","expansion_compute",TRUE
"B_shift-mixed-base-composite-none-none-t1","C_rg-mixed-base-composite-none-none-t1","summary",TRUE
"B_shift-mixed-base-composite-none-none-t1","C_rg-mixed-base-composite-none-none-t1","summary_compute",TRUE
"B_shift-mixed-base-composite-none-none-t1","C_rg-mixed-base-composite-none-none-t1","alias",TRUE
"B_shift-mixed-base-composite-none-none-t1","C_rg-mixed-base-composite-none-none-t1","expansion",TRUE
"B_shift-mixed-base-composite-none-none-t1","C_rg-mixed-base-composite-none-none-t1","expansion_compute",TRUE
"B_shift-mixed-base-composite-none-none-t1","C-mixed-base-composite-none-none-t1","summary",TRUE
"B_shift-mixed-base-composite-none-none-t1","C-mixed-base-composite-none-none-t1","summary_compute",TRUE
"B_shift-mixed-base-composite-none-none-t1","C-mixed-base-composite-none-none-t1","alias",TRUE
"B_shift-mixed-base-composite-none-none-t1","C-mixed-base-composite-none-none-t1","expansion",TRUE
"B_shift-mixed-base-composite-none-none-t1","C-mixed-base-composite-none-none-t1","expansion_compute",TRUE
"B_shift-mixed-base-composite-none-none-t1","D_rg-mixed-base-composite-none-none-t1","summary",TRUE
"B_shift-mixed-base-composite-none-none-t1","D_rg-mixed-base-composite-none-none-t1","summary_compute",TRUE
"B_shift-mixed-base-composite-none-none-t1","D_rg-mixed-base-composite-none-none-t1","alias",TRUE
"B_shift-mixed-base-composite-none-none-t1","D_rg-mixed-base-composite-none-none-t1","expansion",TRUE
"B_shift-mixed-base-composite-none-none-t1","D_rg-mixed-base-composite-none-none-t1","expansion_compute",TRUE
"B_shift-mixed-base-composite-none-none-t1","D-mixed-base-composite-none-none-t1","summary",TRUE
"B_shift-mixed-base-composite-none-none-t1","D-mixed-base-composite-none-none-t1","summary_compute",TRUE
"B_shift-mixed-base-composite-none-none-t1","D-mixed-base-composite-none-none-t1","alias",TRUE
"B_shift-mixed-base-composite-none-none-t1","D-mixed-base-composite-none-none-t1","expansion",TRUE
"B_shift-mixed-base-composite-none-none-t1","D-mixed-base-composite-none-none-t1","expansion_compute",TRUE
"B_shift-mixed-base-composite-none-none-t1","D-mixed-base-composite-none-none-t2","summary",TRUE
"B_shift-mixed-base-composite-none-none-t1","D-mixed-base-composite-none-none-t2","summary_compute",TRUE
"B_shift-mixed-base-composite-none-none-t1","D-mixed-base-composite-none-none-t2","alias",TRUE
"B_shift-mixed-base-composite-none-none-t1","D-mixed-base-composite-none-none-t2","expansion",TRUE
"B_shift-mixed-base-composite-none-none-t1","D-mixed-base-composite-none-none-t2","expansion_compute",TRUE
"B_shift-mixed-base-composite-none-none-t1","E-mixed-base-composite-none-none-t1","summary",TRUE
"B_shift-mixed-base-composite-none-none-t1","E-mixed-base-composite-none-none-t1","summary_compute",TRUE
"B_shift-mixed-base-composite-none-none-t1","E-mixed-base-composite-none-none-t1","alias",TRUE
"B_shift-mixed-base-composite-none-none-t1","E-mixed-base-composite-none-none-t1","expansion",TRUE
"B_shift-mixed-base-composite-none-none-t1","E-mixed-base-composite-none-none-t1","expansion_compute",TRUE
"B_shift-mixed-base-composite-none-none-t1","E-mixed-base-composite-none-none-t2","summary",TRUE
"B_shift-mixed-base-composite-none-none-t1","E-mixed-base-composite-none-none-t2","summary_compute",TRUE
"B_shift-mixed-base-composite-none-none-t1","E-mixed-base-composite-none-none-t2","alias",TRUE
"B_shift-mixed-base-composite-none-none-t1","E-mixed-base-composite-none-none-t2","expansion",TRUE
"B_shift-mixed-base-composite-none-none-t1","E-mixed-base-composite-none-none-t2","expansion_compute",TRUE
"B_shift-mixed-base-composite-none-none-t1","IM-mixed-base-composite-none-none-t1","summary",TRUE
"B_shift-mixed-base-composite-none-none-t1","IM-mixed-base-composite-none-none-t1","summary_compute",TRUE
"B_shift-mixed-base-composite-none-none-t1","IM-mixed-base-composite-none-none-t1","alias",TRUE
"B_shift-mixed-base-composite-none-none-t1","IM-mixed-base-composite-none-none-t1","expansion",TRUE
"B_shift-mixed-base-composite-none-none-t1","IM-mixed-base-composite-none-none-t1","expansion_compute",TRUE
"B_shift-mixed-base-cube-none-none-t1","B-mixed-base-cube-none-none-t1","summary",TRUE
"B_shift-mixed-base-cube-none-none-t1","B-mixed-base-cube-none-none-t1","summary_compute",TRUE
"B_shift-mixed-base-cube-none-none-t1","B-mixed-base-cube-none-none-t1","alias",TRUE
"B_shift-mixed-base-cube-none-none-t1","B-mixed-base-cube-none-none-t1","expansion",TRUE
"B_shift-mixed-base-cube-none-none-t1","B-mixed-base-cube-none-none-t1","expansion_compute",TRUE
"B_shift-mixed-base-cube-none-none-t1","B-mixed-base-cube-none-none-t2","summary",TRUE
"B_shift-mixed-base-cube-none-none-t1","B-mixed-base-cube-none-none-t2","summary_compute",TRUE
"B_shift-mixed-base-cube-none-none-t1","B-mixed-base-cube-none-none-t2","alias",TRUE
"B_shift-mixed-base-cube-none-none-t1","B-mixed-base-cube-none-none-t2","expansion",TRUE
"B_shift-mixed-base-cube-none-none-t1","B-mixed-base-cube-none-none-t2","expansion_compute",TRUE
"B_shift-mixed-base-cube-none-none-t1","C_rg-mixed-base-cube-none-none-t1","summary",TRUE
"B_shift-mixed-base-cube-none-none-t1","C_rg-mixed-base-cube-none-none-t1","summary_compute",TRUE
"B_shift-mixed-base-cube-none-none-t1","C_rg-mixed-base-cube-none-none-t1","alias",TRUE
"B_shift-mixed-base-cube-none-none-t1","C_rg-mixed-base-cube-none-none-t1","expansion",TRUE
"B_shift-mixed-base-cube-none-none-t1","C_rg-mixed-base-cube-none-none-t1","expansion_compute",TRUE
"B_shift-mixed-base-cube-none-none-t1","C-mixed-base-cube-none-none-t1","summary",TRUE
"B_shift-mixed-base-cube-none-none-t1","C-mixed-base-cube-none-none-t1","summary_compute",TRUE
"B_shift-mixed-base-cube-none-none-t1","C-mixed-base-cube-none-none-t1","alias",TRUE
"B_shift-mixed-base-cube-none-none-t1","C-mixed-base-cube-none-none-t1","expansion",TRUE
"B_shift-mixed-base-cube-none-none-t1","C-mixed-base-cube-none-none-t1","expansion_compute",TRUE
"B_shift-mixed-base-cube-none-none-t1","D_rg-mixed-base-cube-none-none-t1","summary",TRUE
"B_shift-mixed-base-cube-none-none-t1","D_rg-mixed-base-cube-none-none-t1","summary_compute",TRUE
"B_shift-mixed-base-cube-none-none-t1","D_rg-mixed-base-cube-none-none-t1","alias",TRUE
"B_shift-mixed-base-cube-none-none-t1","D_rg-mixed-base-cube-none-none-t1","expansion",TRUE
"B_shift-mixed-base-cube-none-none-t1","D_rg-mixed-base-cube-none-none-t1","expansion_compute",TRUE
"B_shift-mixed-base-cube-none-none-t1","D-mixed-base-cube-none-none-t1","summary",TRUE
"B_shift-mixed-base-cube-none-none-t1","D-mixed-base-cube-none-none-t1","summary_compute",TRUE
"B_shift-mixed-base-cube-none-none-t1","D-mixed-base-cube-none-none-t1","alias",TRUE
"B_shift-mixed-base-cube-none-none-t1","D-mixed-base-cube-none-none-t1","expansion",TRUE
"B_shift-mixed-base-cube-none-none-t1","D-mixed-base-cube-none-none-t1","expansion_compute",TRUE
"B_shift-mixed-base-cube-none-none-t1","D-mixed-base-cube-none-none-t2","summary",TRUE
"B_shift-mixed-base-cube-none-none-t1","D-mixed-base-cube-none-none-t2","summary_compute",TRUE
"B_shift-mixed-base-cube-none-none-t1","D-mixed-base-cube-none-none-t2","alias",TRUE
"B_shift-mixed-base-cube-none-none-t1","D-mixed-base-cube-none-none-t2","expansion",TRUE
"B_shift-mixed-base-cube-none-none-t1","D-mixed-base-cube-none-none-t2","expansion_compute",TRUE
"B_shift-mixed-base-cube-none-none-t1","E-mixed-base-cube-none-none-t1","summary",TRUE
"B_shift-mixed-base-cube-none-none-t1","E-mixed-base-cube-none-none-t1","summary_compute",TRUE
"B_shift-mixed-base-cube-none-none-t1","E-mixed-base-cube-none-none-t1","alias",TRUE
"B_shift-mixed-base-cube-none-none-t1","E-mixed-base-cube-none-none-t1","expansion",TRUE
"B_shift-mixed-base-cube-none-none-t1","E-mixed-base-cube-none-none-t1","expansion_compute",TRUE
"B_shift-mixed-base-cube-none-none-t1","E-mixed-base-cube-none-none-t2","summary",TRUE
"B_shift-mixed-base-cube-none-none-t1","E-mixed-base-cube-none-none-t2","summary_compute",TRUE
"B_shift-mixed-base-cube-none-none-t1","E-mixed-base-cube-none-none-t2","alias",TRUE
"B_shift-mixed-base-cube-none-none-t1","E-mixed-base-cube-none-none-t2","expansion",TRUE
"B_shift-mixed-base-cube-none-none-t1","E-mixed-base-cube-none-none-t2","expansion_compute",TRUE
"B_shift-mixed-base-cube-none-none-t1","IM-mixed-base-cube-none-none-t1","summary",TRUE
"B_shift-mixed-base-cube-none-none-t1","IM-mixed-base-cube-none-none-t1","summary_compute",TRUE
"B_shift-mixed-base-cube-none-none-t1","IM-mixed-base-cube-none-none-t1","alias",TRUE
"B_shift-mixed-base-cube-none-none-t1","IM-mixed-base-cube-none-none-t1","expansion",TRUE
"B_shift-mixed-base-cube-none-none-t1","IM-mixed-base-cube-none-none-t1","expansion_compute",TRUE
"B_shift-mixed-base-duplicate-none-none-t1","B-mixed-base-duplicate-none-first-t1","summary",TRUE
"B_shift-mixed-base-duplicate-none-none-t1","B-mixed-base-duplicate-none-first-t1","summary_compute",TRUE
"B_shift-mixed-base-duplicate-none-none-t1","B-mixed-base-duplicate-none-first-t1","alias",TRUE
"B_shift-mixed-base-duplicate-none-none-t1","B-mixed-base-duplicate-none-first-t1","expansion",TRUE
"B_shift-mixed-base-duplicate-none-none-t1","B-mixed-base-duplicate-none-first-t1","expansion_compute",TRUE
"B_shift-mixed-base-duplicate-none-none-t1","B-mixed-base-duplicate-none-last-t1","summary",TRUE
"B_shift-mixed-base-duplicate-none-none-t1","B-mixed-base-duplicate-none-last-t1","summary_compute",TRUE
"B_shift-mixed-base-duplicate-none-none-t1","B-mixed-base-duplicate-none-last-t1","alias",TRUE
"B_shift-mixed-base-duplicate-none-none-t1","B-mixed-base-duplicate-none-last-t1","expansion",TRUE
"B_shift-mixed-base-duplicate-none-none-t1","B-mixed-base-duplicate-none-last-t1","expansion_compute",TRUE
"B_shift-mixed-base-duplicate-none-none-t1","B-mixed-base-duplicate-none-none-t1","summary",TRUE
"B_shift-mixed-base-duplicate-none-none-t1","B-mixed-base-duplicate-none-none-t1","summary_compute",TRUE
"B_shift-mixed-base-duplicate-none-none-t1","B-mixed-base-duplicate-none-none-t1","alias",TRUE
"B_shift-mixed-base-duplicate-none-none-t1","B-mixed-base-duplicate-none-none-t1","expansion",TRUE
"B_shift-mixed-base-duplicate-none-none-t1","B-mixed-base-duplicate-none-none-t1","expansion_compute",TRUE
"B_shift-mixed-base-duplicate-none-none-t1","B-mixed-base-duplicate-none-none-t2","summary",TRUE
"B_shift-mixed-base-duplicate-none-none-t1","B-mixed-base-duplicate-none-none-t2","summary_compute",TRUE
"B_shift-mixed-base-duplicate-none-none-t1","B-mixed-base-duplicate-none-none-t2","alias",TRUE
"B_shift-mixed-base-duplicate-none-none-t1","B-mixed-base-duplicate-none-none-t2","expansion",TRUE
"B_shift-mixed-base-duplicate-none-none-t1","B-mixed-base-duplicate-none-none-t2","expansion_compute",TRUE
"B_shift-mixed-base-duplicate-none-none-t1","C_rg-mixed-base-duplicate-none-none-t1","summary",TRUE
"B_shift-mixed-base-duplicate-none-none-t1","C_rg-mixed-base-duplicate-none-none-t1","summary_compute",TRUE
"B_shift-mixed-base-duplicate-none-none-t1","C_rg-mixed-base-duplicate-none-none-t1","alias",TRUE
"B_shift-mixed-base-duplicate-none-none-t1","C_rg-mixed-base-duplicate-none-none-t1","expansion",TRUE
"B_shift-mixed-base-duplicate-none-none-t1","C_rg-mixed-base-duplicate-none-none-t1","expansion_compute",TRUE
"B_shift-mixed-base-duplicate-none-none-t1","C-mixed-base-duplicate-none-none-t1","summary",TRUE
"B_shift-mixed-base-duplicate-none-none-t1","C-mixed-base-duplicate-none-none-t1","summary_compute",TRUE
"B_shift-mixed-base-duplicate-none-none-t1","C-mixed-base-duplicate-none-none-t1","alias",TRUE
"B_shift-mixed-base-duplicate-none-none-t1","C-mixed-base-duplicate-none-none-t1","expansion",TRUE
"B_shift-mixed-base-duplicate-none-none-t1","C-mixed-base-duplicate-none-none-t1","expansion_compute",TRUE
"B_shift-mixed-base-duplicate-none-none-t1","D_rg-mixed-base-duplicate-none-none-t1","summary",TRUE
"B_shift-mixed-base-duplicate-none-none-t1","D_rg-mixed-base-duplicate-none-none-t1","summary_compute",TRUE
"B_shift-mixed-base-duplicate-none-none-t1","D_rg-mixed-base-duplicate-none-none-t1","alias",TRUE
"B_shift-mixed-base-duplicate-none-none-t1","D_rg-mixed-base-duplicate-none-none-t1","expansion",TRUE
"B_shift-mixed-base-duplicate-none-none-t1","D_rg-mixed-base-duplicate-none-none-t1","expansion_compute",TRUE
"B_shift-mixed-base-duplicate-none-none-t1","D-mixed-base-duplicate-none-first-t1","summary",TRUE
"B_shift-mixed-base-duplicate-none-none-t1","D-mixed-base-duplicate-none-first-t1","summary_compute",TRUE
"B_shift-mixed-base-duplicate-none-none-t1","D-mixed-base-duplicate-none-first-t1","alias",TRUE
"B_shift-mixed-base-duplicate-none-none-t1","D-mixed-base-duplicate-none-first-t1","expansion",TRUE
"B_shift-mixed-base-duplicate-none-none-t1","D-mixed-base-duplicate-none-first-t1","expansion_compute",TRUE
"B_shift-mixed-base-duplicate-none-none-t1","D-mixed-base-duplicate-none-last-t1","summary",TRUE
"B_shift-mixed-base-duplicate-none-none-t1","D-mixed-base-duplicate-none-last-t1","summary_compute",TRUE
"B_shift-mixed-base-duplicate-none-none-t1","D-mixed-base-duplicate-none-last-t1","alias",TRUE
"B_shift-mixed-base-duplicate-none-none-t1","D-mixed-base-duplicate-none-last-t1","expansion",TRUE
"B_shift-mixed-base-duplicate-none-none-t1","D-mixed-base-duplicate-none-last-t1","expansion_compute",TRUE
"B_shift-mixed-base-duplicate-none-none-t1","D-mixed-base-duplicate-none-none-t1","summary",TRUE
"B_shift-mixed-base-duplicate-none-none-t1","D-mixed-base-duplicate-none-none-t1","summary_compute",TRUE
"B_shift-mixed-base-duplicate-none-none-t1","D-mixed-base-duplicate-none-none-t1","alias",TRUE
"B_shift-mixed-base-duplicate-none-none-t1","D-mixed-base-duplicate-none-none-t1","expansion",TRUE
"B_shift-mixed-base-duplicate-none-none-t1","D-mixed-base-duplicate-none-none-t1","expansion_compute",TRUE
"B_shift-mixed-base-duplicate-none-none-t1","D-mixed-base-duplicate-none-none-t2","summary",TRUE
"B_shift-mixed-base-duplicate-none-none-t1","D-mixed-base-duplicate-none-none-t2","summary_compute",TRUE
"B_shift-mixed-base-duplicate-none-none-t1","D-mixed-base-duplicate-none-none-t2","alias",TRUE
"B_shift-mixed-base-duplicate-none-none-t1","D-mixed-base-duplicate-none-none-t2","expansion",TRUE
"B_shift-mixed-base-duplicate-none-none-t1","D-mixed-base-duplicate-none-none-t2","expansion_compute",TRUE
"B_shift-mixed-base-duplicate-none-none-t1","E-mixed-base-duplicate-none-first-t1","summary",TRUE
"B_shift-mixed-base-duplicate-none-none-t1","E-mixed-base-duplicate-none-first-t1","summary_compute",TRUE
"B_shift-mixed-base-duplicate-none-none-t1","E-mixed-base-duplicate-none-first-t1","alias",TRUE
"B_shift-mixed-base-duplicate-none-none-t1","E-mixed-base-duplicate-none-first-t1","expansion",TRUE
"B_shift-mixed-base-duplicate-none-none-t1","E-mixed-base-duplicate-none-first-t1","expansion_compute",TRUE
"B_shift-mixed-base-duplicate-none-none-t1","E-mixed-base-duplicate-none-last-t1","summary",TRUE
"B_shift-mixed-base-duplicate-none-none-t1","E-mixed-base-duplicate-none-last-t1","summary_compute",TRUE
"B_shift-mixed-base-duplicate-none-none-t1","E-mixed-base-duplicate-none-last-t1","alias",TRUE
"B_shift-mixed-base-duplicate-none-none-t1","E-mixed-base-duplicate-none-last-t1","expansion",TRUE
"B_shift-mixed-base-duplicate-none-none-t1","E-mixed-base-duplicate-none-last-t1","expansion_compute",TRUE
"B_shift-mixed-base-duplicate-none-none-t1","E-mixed-base-duplicate-none-none-t1","summary",TRUE
"B_shift-mixed-base-duplicate-none-none-t1","E-mixed-base-duplicate-none-none-t1","summary_compute",TRUE
"B_shift-mixed-base-duplicate-none-none-t1","E-mixed-base-duplicate-none-none-t1","alias",TRUE
"B_shift-mixed-base-duplicate-none-none-t1","E-mixed-base-duplicate-none-none-t1","expansion",TRUE
"B_shift-mixed-base-duplicate-none-none-t1","E-mixed-base-duplicate-none-none-t1","expansion_compute",TRUE
"B_shift-mixed-base-duplicate-none-none-t1","E-mixed-base-duplicate-none-none-t2","summary",TRUE
"B_shift-mixed-base-duplicate-none-none-t1","E-mixed-base-duplicate-none-none-t2","summary_compute",TRUE
"B_shift-mixed-base-duplicate-none-none-t1","E-mixed-base-duplicate-none-none-t2","alias",TRUE
"B_shift-mixed-base-duplicate-none-none-t1","E-mixed-base-duplicate-none-none-t2","expansion",TRUE
"B_shift-mixed-base-duplicate-none-none-t1","E-mixed-base-duplicate-none-none-t2","expansion_compute",TRUE
"B_shift-mixed-base-duplicate-none-none-t1","IM-mixed-base-duplicate-none-first-t1","summary",TRUE
"B_shift-mixed-base-duplicate-none-none-t1","IM-mixed-base-duplicate-none-first-t1","summary_compute",TRUE
"B_shift-mixed-base-duplicate-none-none-t1","IM-mixed-base-duplicate-none-first-t1","alias",TRUE
"B_shift-mixed-base-duplicate-none-none-t1","IM-mixed-base-duplicate-none-first-t1","expansion",TRUE
"B_shift-mixed-base-duplicate-none-none-t1","IM-mixed-base-duplicate-none-first-t1","expansion_compute",TRUE
"B_shift-mixed-base-duplicate-none-none-t1","IM-mixed-base-duplicate-none-last-t1","summary",TRUE
"B_shift-mixed-base-duplicate-none-none-t1","IM-mixed-base-duplicate-none-last-t1","summary_compute",TRUE
"B_shift-mixed-base-duplicate-none-none-t1","IM-mixed-base-duplicate-none-last-t1","alias",TRUE
"B_shift-mixed-base-duplicate-none-none-t1","IM-mixed-base-duplicate-none-last-t1","expansion",TRUE
"B_shift-mixed-base-duplicate-none-none-t1","IM-mixed-base-duplicate-none-last-t1","expansion_compute",TRUE
"B_shift-mixed-base-duplicate-none-none-t1","IM-mixed-base-duplicate-none-none-t1","summary",TRUE
"B_shift-mixed-base-duplicate-none-none-t1","IM-mixed-base-duplicate-none-none-t1","summary_compute",TRUE
"B_shift-mixed-base-duplicate-none-none-t1","IM-mixed-base-duplicate-none-none-t1","alias",TRUE
"B_shift-mixed-base-duplicate-none-none-t1","IM-mixed-base-duplicate-none-none-t1","expansion",TRUE
"B_shift-mixed-base-duplicate-none-none-t1","IM-mixed-base-duplicate-none-none-t1","expansion_compute",TRUE
"B_shift-mixed-base-grand-zero-none-t1","B-mixed-base-grand-zero-none-t1","summary",TRUE
"B_shift-mixed-base-grand-zero-none-t1","B-mixed-base-grand-zero-none-t1","summary_compute",TRUE
"B_shift-mixed-base-grand-zero-none-t1","B-mixed-base-grand-zero-none-t1","alias",TRUE
"B_shift-mixed-base-grand-zero-none-t1","B-mixed-base-grand-zero-none-t1","expansion",TRUE
"B_shift-mixed-base-grand-zero-none-t1","B-mixed-base-grand-zero-none-t1","expansion_compute",TRUE
"B_shift-mixed-base-grand-zero-none-t1","C_rg-mixed-base-grand-zero-none-t1","summary",TRUE
"B_shift-mixed-base-grand-zero-none-t1","C_rg-mixed-base-grand-zero-none-t1","summary_compute",TRUE
"B_shift-mixed-base-grand-zero-none-t1","C_rg-mixed-base-grand-zero-none-t1","alias",TRUE
"B_shift-mixed-base-grand-zero-none-t1","C_rg-mixed-base-grand-zero-none-t1","expansion",TRUE
"B_shift-mixed-base-grand-zero-none-t1","C_rg-mixed-base-grand-zero-none-t1","expansion_compute",TRUE
"B_shift-mixed-base-grand-zero-none-t1","C-mixed-base-grand-zero-none-t1","summary",TRUE
"B_shift-mixed-base-grand-zero-none-t1","C-mixed-base-grand-zero-none-t1","summary_compute",TRUE
"B_shift-mixed-base-grand-zero-none-t1","C-mixed-base-grand-zero-none-t1","alias",TRUE
"B_shift-mixed-base-grand-zero-none-t1","C-mixed-base-grand-zero-none-t1","expansion",TRUE
"B_shift-mixed-base-grand-zero-none-t1","C-mixed-base-grand-zero-none-t1","expansion_compute",TRUE
"B_shift-mixed-base-grand-zero-none-t1","D_rg-mixed-base-grand-zero-none-t1","summary",TRUE
"B_shift-mixed-base-grand-zero-none-t1","D_rg-mixed-base-grand-zero-none-t1","summary_compute",TRUE
"B_shift-mixed-base-grand-zero-none-t1","D_rg-mixed-base-grand-zero-none-t1","alias",TRUE
"B_shift-mixed-base-grand-zero-none-t1","D_rg-mixed-base-grand-zero-none-t1","expansion",TRUE
"B_shift-mixed-base-grand-zero-none-t1","D_rg-mixed-base-grand-zero-none-t1","expansion_compute",TRUE
"B_shift-mixed-base-grand-zero-none-t1","D-mixed-base-grand-zero-none-t1","summary",TRUE
"B_shift-mixed-base-grand-zero-none-t1","D-mixed-base-grand-zero-none-t1","summary_compute",TRUE
"B_shift-mixed-base-grand-zero-none-t1","D-mixed-base-grand-zero-none-t1","alias",TRUE
"B_shift-mixed-base-grand-zero-none-t1","D-mixed-base-grand-zero-none-t1","expansion",TRUE
"B_shift-mixed-base-grand-zero-none-t1","D-mixed-base-grand-zero-none-t1","expansion_compute",TRUE
"B_shift-mixed-base-grand-zero-none-t1","E-mixed-base-grand-zero-none-t1","summary",TRUE
"B_shift-mixed-base-grand-zero-none-t1","E-mixed-base-grand-zero-none-t1","summary_compute",TRUE
"B_shift-mixed-base-grand-zero-none-t1","E-mixed-base-grand-zero-none-t1","alias",TRUE
"B_shift-mixed-base-grand-zero-none-t1","E-mixed-base-grand-zero-none-t1","expansion",TRUE
"B_shift-mixed-base-grand-zero-none-t1","E-mixed-base-grand-zero-none-t1","expansion_compute",TRUE
"B_shift-mixed-base-grand-zero-none-t1","IM-mixed-base-grand-zero-none-t1","summary",TRUE
"B_shift-mixed-base-grand-zero-none-t1","IM-mixed-base-grand-zero-none-t1","summary_compute",TRUE
"B_shift-mixed-base-grand-zero-none-t1","IM-mixed-base-grand-zero-none-t1","alias",TRUE
"B_shift-mixed-base-grand-zero-none-t1","IM-mixed-base-grand-zero-none-t1","expansion",TRUE
"B_shift-mixed-base-grand-zero-none-t1","IM-mixed-base-grand-zero-none-t1","expansion_compute",TRUE
"B_shift-mixed-base-one-none-none-t1","B-mixed-base-one-none-none-t1","summary",TRUE
"B_shift-mixed-base-one-none-none-t1","B-mixed-base-one-none-none-t1","summary_compute",TRUE
"B_shift-mixed-base-one-none-none-t1","B-mixed-base-one-none-none-t1","alias",TRUE
"B_shift-mixed-base-one-none-none-t1","B-mixed-base-one-none-none-t1","expansion",TRUE
"B_shift-mixed-base-one-none-none-t1","B-mixed-base-one-none-none-t1","expansion_compute",TRUE
"B_shift-mixed-base-one-none-none-t1","B-mixed-base-one-none-none-t2","summary",TRUE
"B_shift-mixed-base-one-none-none-t1","B-mixed-base-one-none-none-t2","summary_compute",TRUE
"B_shift-mixed-base-one-none-none-t1","B-mixed-base-one-none-none-t2","alias",TRUE
"B_shift-mixed-base-one-none-none-t1","B-mixed-base-one-none-none-t2","expansion",TRUE
"B_shift-mixed-base-one-none-none-t1","B-mixed-base-one-none-none-t2","expansion_compute",TRUE
"B_shift-mixed-base-one-none-none-t1","C_rg-mixed-base-one-none-none-t1","summary",TRUE
"B_shift-mixed-base-one-none-none-t1","C_rg-mixed-base-one-none-none-t1","summary_compute",TRUE
"B_shift-mixed-base-one-none-none-t1","C_rg-mixed-base-one-none-none-t1","alias",TRUE
"B_shift-mixed-base-one-none-none-t1","C_rg-mixed-base-one-none-none-t1","expansion",TRUE
"B_shift-mixed-base-one-none-none-t1","C_rg-mixed-base-one-none-none-t1","expansion_compute",TRUE
"B_shift-mixed-base-one-none-none-t1","C-mixed-base-one-none-none-t1","summary",TRUE
"B_shift-mixed-base-one-none-none-t1","C-mixed-base-one-none-none-t1","summary_compute",TRUE
"B_shift-mixed-base-one-none-none-t1","C-mixed-base-one-none-none-t1","alias",TRUE
"B_shift-mixed-base-one-none-none-t1","C-mixed-base-one-none-none-t1","expansion",TRUE
"B_shift-mixed-base-one-none-none-t1","C-mixed-base-one-none-none-t1","expansion_compute",TRUE
"B_shift-mixed-base-one-none-none-t1","D_rg-mixed-base-one-none-none-t1","summary",TRUE
"B_shift-mixed-base-one-none-none-t1","D_rg-mixed-base-one-none-none-t1","summary_compute",TRUE
"B_shift-mixed-base-one-none-none-t1","D_rg-mixed-base-one-none-none-t1","alias",TRUE
"B_shift-mixed-base-one-none-none-t1","D_rg-mixed-base-one-none-none-t1","expansion",TRUE
"B_shift-mixed-base-one-none-none-t1","D_rg-mixed-base-one-none-none-t1","expansion_compute",TRUE
"B_shift-mixed-base-one-none-none-t1","D-mixed-base-one-none-none-t1","summary",TRUE
"B_shift-mixed-base-one-none-none-t1","D-mixed-base-one-none-none-t1","summary_compute",TRUE
"B_shift-mixed-base-one-none-none-t1","D-mixed-base-one-none-none-t1","alias",TRUE
"B_shift-mixed-base-one-none-none-t1","D-mixed-base-one-none-none-t1","expansion",TRUE
"B_shift-mixed-base-one-none-none-t1","D-mixed-base-one-none-none-t1","expansion_compute",TRUE
"B_shift-mixed-base-one-none-none-t1","D-mixed-base-one-none-none-t2","summary",TRUE
"B_shift-mixed-base-one-none-none-t1","D-mixed-base-one-none-none-t2","summary_compute",TRUE
"B_shift-mixed-base-one-none-none-t1","D-mixed-base-one-none-none-t2","alias",TRUE
"B_shift-mixed-base-one-none-none-t1","D-mixed-base-one-none-none-t2","expansion",TRUE
"B_shift-mixed-base-one-none-none-t1","D-mixed-base-one-none-none-t2","expansion_compute",TRUE
"B_shift-mixed-base-one-none-none-t1","E-mixed-base-one-none-none-t1","summary",TRUE
"B_shift-mixed-base-one-none-none-t1","E-mixed-base-one-none-none-t1","summary_compute",TRUE
"B_shift-mixed-base-one-none-none-t1","E-mixed-base-one-none-none-t1","alias",TRUE
"B_shift-mixed-base-one-none-none-t1","E-mixed-base-one-none-none-t1","expansion",TRUE
"B_shift-mixed-base-one-none-none-t1","E-mixed-base-one-none-none-t1","expansion_compute",TRUE
"B_shift-mixed-base-one-none-none-t1","E-mixed-base-one-none-none-t2","summary",TRUE
"B_shift-mixed-base-one-none-none-t1","E-mixed-base-one-none-none-t2","summary_compute",TRUE
"B_shift-mixed-base-one-none-none-t1","E-mixed-base-one-none-none-t2","alias",TRUE
"B_shift-mixed-base-one-none-none-t1","E-mixed-base-one-none-none-t2","expansion",TRUE
"B_shift-mixed-base-one-none-none-t1","E-mixed-base-one-none-none-t2","expansion_compute",TRUE
"B_shift-mixed-base-one-none-none-t1","IM-mixed-base-one-none-none-t1","summary",TRUE
"B_shift-mixed-base-one-none-none-t1","IM-mixed-base-one-none-none-t1","summary_compute",TRUE
"B_shift-mixed-base-one-none-none-t1","IM-mixed-base-one-none-none-t1","alias",TRUE
"B_shift-mixed-base-one-none-none-t1","IM-mixed-base-one-none-none-t1","expansion",TRUE
"B_shift-mixed-base-one-none-none-t1","IM-mixed-base-one-none-none-t1","expansion_compute",TRUE
"B_shift-mixed-base-rollup-none-none-t1","B_shift-two-base-rollup-none-none-t1","summary",TRUE
"B_shift-mixed-base-rollup-none-none-t1","B_shift-two-base-rollup-none-none-t1","summary_compute",TRUE
"B_shift-mixed-base-rollup-none-none-t1","B_shift-two-base-rollup-none-none-t1","alias",TRUE
"B_shift-mixed-base-rollup-none-none-t1","B_shift-two-base-rollup-none-none-t1","expansion",TRUE
"B_shift-mixed-base-rollup-none-none-t1","B_shift-two-base-rollup-none-none-t1","expansion_compute",TRUE
"B_shift-mixed-base-rollup-none-none-t1","B-aligned-base-rollup-none-none-t1","summary",TRUE
"B_shift-mixed-base-rollup-none-none-t1","B-aligned-base-rollup-none-none-t1","summary_compute",TRUE
"B_shift-mixed-base-rollup-none-none-t1","B-aligned-base-rollup-none-none-t1","alias",TRUE
"B_shift-mixed-base-rollup-none-none-t1","B-aligned-base-rollup-none-none-t1","expansion",TRUE
"B_shift-mixed-base-rollup-none-none-t1","B-aligned-base-rollup-none-none-t1","expansion_compute",TRUE
"B_shift-mixed-base-rollup-none-none-t1","B-crossing-base-rollup-none-none-t1","summary",TRUE
"B_shift-mixed-base-rollup-none-none-t1","B-crossing-base-rollup-none-none-t1","summary_compute",TRUE
"B_shift-mixed-base-rollup-none-none-t1","B-crossing-base-rollup-none-none-t1","alias",TRUE
"B_shift-mixed-base-rollup-none-none-t1","B-crossing-base-rollup-none-none-t1","expansion",TRUE
"B_shift-mixed-base-rollup-none-none-t1","B-crossing-base-rollup-none-none-t1","expansion_compute",TRUE
"B_shift-mixed-base-rollup-none-none-t1","B-empty_first-base-rollup-none-none-t1","summary",TRUE
"B_shift-mixed-base-rollup-none-none-t1","B-empty_first-base-rollup-none-none-t1","summary_compute",TRUE
"B_shift-mixed-base-rollup-none-none-t1","B-empty_first-base-rollup-none-none-t1","alias",TRUE
"B_shift-mixed-base-rollup-none-none-t1","B-empty_first-base-rollup-none-none-t1","expansion",TRUE
"B_shift-mixed-base-rollup-none-none-t1","B-empty_first-base-rollup-none-none-t1","expansion_compute",TRUE
"B_shift-mixed-base-rollup-none-none-t1","B-empty_last-base-rollup-none-none-t1","summary",TRUE
"B_shift-mixed-base-rollup-none-none-t1","B-empty_last-base-rollup-none-none-t1","summary_compute",TRUE
"B_shift-mixed-base-rollup-none-none-t1","B-empty_last-base-rollup-none-none-t1","alias",TRUE
"B_shift-mixed-base-rollup-none-none-t1","B-empty_last-base-rollup-none-none-t1","expansion",TRUE
"B_shift-mixed-base-rollup-none-none-t1","B-empty_last-base-rollup-none-none-t1","expansion_compute",TRUE
"B_shift-mixed-base-rollup-none-none-t1","B-empty_middle-base-rollup-none-none-t1","summary",TRUE
"B_shift-mixed-base-rollup-none-none-t1","B-empty_middle-base-rollup-none-none-t1","summary_compute",TRUE
"B_shift-mixed-base-rollup-none-none-t1","B-empty_middle-base-rollup-none-none-t1","alias",TRUE
"B_shift-mixed-base-rollup-none-none-t1","B-empty_middle-base-rollup-none-none-t1","expansion",TRUE
"B_shift-mixed-base-rollup-none-none-t1","B-empty_middle-base-rollup-none-none-t1","expansion_compute",TRUE
"B_shift-mixed-base-rollup-none-none-t1","B-mixed-base-rollup-none-first-t1","summary",TRUE
"B_shift-mixed-base-rollup-none-none-t1","B-mixed-base-rollup-none-first-t1","summary_compute",TRUE
"B_shift-mixed-base-rollup-none-none-t1","B-mixed-base-rollup-none-first-t1","alias",TRUE
"B_shift-mixed-base-rollup-none-none-t1","B-mixed-base-rollup-none-first-t1","expansion",TRUE
"B_shift-mixed-base-rollup-none-none-t1","B-mixed-base-rollup-none-first-t1","expansion_compute",TRUE
"B_shift-mixed-base-rollup-none-none-t1","B-mixed-base-rollup-none-last-t1","summary",TRUE
"B_shift-mixed-base-rollup-none-none-t1","B-mixed-base-rollup-none-last-t1","summary_compute",TRUE
"B_shift-mixed-base-rollup-none-none-t1","B-mixed-base-rollup-none-last-t1","alias",TRUE
"B_shift-mixed-base-rollup-none-none-t1","B-mixed-base-rollup-none-last-t1","expansion",TRUE
"B_shift-mixed-base-rollup-none-none-t1","B-mixed-base-rollup-none-last-t1","expansion_compute",TRUE
"B_shift-mixed-base-rollup-none-none-t1","B-mixed-base-rollup-none-none-t1","summary",TRUE
"B_shift-mixed-base-rollup-none-none-t1","B-mixed-base-rollup-none-none-t1","summary_compute",TRUE
"B_shift-mixed-base-rollup-none-none-t1","B-mixed-base-rollup-none-none-t1","alias",TRUE
"B_shift-mixed-base-rollup-none-none-t1","B-mixed-base-rollup-none-none-t1","expansion",TRUE
"B_shift-mixed-base-rollup-none-none-t1","B-mixed-base-rollup-none-none-t1","expansion_compute",TRUE
"B_shift-mixed-base-rollup-none-none-t1","B-mixed-base-rollup-none-none-t2","summary",TRUE
"B_shift-mixed-base-rollup-none-none-t1","B-mixed-base-rollup-none-none-t2","summary_compute",TRUE
"B_shift-mixed-base-rollup-none-none-t1","B-mixed-base-rollup-none-none-t2","alias",TRUE
"B_shift-mixed-base-rollup-none-none-t1","B-mixed-base-rollup-none-none-t2","expansion",TRUE
"B_shift-mixed-base-rollup-none-none-t1","B-mixed-base-rollup-none-none-t2","expansion_compute",TRUE
"B_shift-mixed-base-rollup-none-none-t1","B-mixed-base-rollup-select-none-t1","summary",TRUE
"B_shift-mixed-base-rollup-none-none-t1","B-mixed-base-rollup-select-none-t1","summary_compute",TRUE
"B_shift-mixed-base-rollup-none-none-t1","B-mixed-base-rollup-select-none-t1","alias",TRUE
"B_shift-mixed-base-rollup-none-none-t1","B-mixed-base-rollup-select-none-t1","expansion",TRUE
"B_shift-mixed-base-rollup-none-none-t1","B-mixed-base-rollup-select-none-t1","expansion_compute",TRUE
"B_shift-mixed-base-rollup-none-none-t1","B-two-base-rollup-none-none-t1","summary",TRUE
"B_shift-mixed-base-rollup-none-none-t1","B-two-base-rollup-none-none-t1","summary_compute",TRUE
"B_shift-mixed-base-rollup-none-none-t1","B-two-base-rollup-none-none-t1","alias",TRUE
"B_shift-mixed-base-rollup-none-none-t1","B-two-base-rollup-none-none-t1","expansion",TRUE
"B_shift-mixed-base-rollup-none-none-t1","B-two-base-rollup-none-none-t1","expansion_compute",TRUE
"B_shift-mixed-base-rollup-none-none-t1","C_rg-mixed-base-rollup-none-none-t1","summary",TRUE
"B_shift-mixed-base-rollup-none-none-t1","C_rg-mixed-base-rollup-none-none-t1","summary_compute",TRUE
"B_shift-mixed-base-rollup-none-none-t1","C_rg-mixed-base-rollup-none-none-t1","alias",TRUE
"B_shift-mixed-base-rollup-none-none-t1","C_rg-mixed-base-rollup-none-none-t1","expansion",TRUE
"B_shift-mixed-base-rollup-none-none-t1","C_rg-mixed-base-rollup-none-none-t1","expansion_compute",TRUE
"B_shift-mixed-base-rollup-none-none-t1","C_rg-two-base-rollup-none-none-t1","summary",TRUE
"B_shift-mixed-base-rollup-none-none-t1","C_rg-two-base-rollup-none-none-t1","summary_compute",TRUE
"B_shift-mixed-base-rollup-none-none-t1","C_rg-two-base-rollup-none-none-t1","alias",TRUE
"B_shift-mixed-base-rollup-none-none-t1","C_rg-two-base-rollup-none-none-t1","expansion",TRUE
"B_shift-mixed-base-rollup-none-none-t1","C_rg-two-base-rollup-none-none-t1","expansion_compute",TRUE
"B_shift-mixed-base-rollup-none-none-t1","C-mixed-base-rollup-none-none-t1","summary",TRUE
"B_shift-mixed-base-rollup-none-none-t1","C-mixed-base-rollup-none-none-t1","summary_compute",TRUE
"B_shift-mixed-base-rollup-none-none-t1","C-mixed-base-rollup-none-none-t1","alias",TRUE
"B_shift-mixed-base-rollup-none-none-t1","C-mixed-base-rollup-none-none-t1","expansion",TRUE
"B_shift-mixed-base-rollup-none-none-t1","C-mixed-base-rollup-none-none-t1","expansion_compute",TRUE
"B_shift-mixed-base-rollup-none-none-t1","C-two-base-rollup-none-none-t1","summary",TRUE
"B_shift-mixed-base-rollup-none-none-t1","C-two-base-rollup-none-none-t1","summary_compute",TRUE
"B_shift-mixed-base-rollup-none-none-t1","C-two-base-rollup-none-none-t1","alias",TRUE
"B_shift-mixed-base-rollup-none-none-t1","C-two-base-rollup-none-none-t1","expansion",TRUE
"B_shift-mixed-base-rollup-none-none-t1","C-two-base-rollup-none-none-t1","expansion_compute",TRUE
"B_shift-mixed-base-rollup-none-none-t1","D_rg-aligned-base-rollup-none-none-t1","summary",TRUE
"B_shift-mixed-base-rollup-none-none-t1","D_rg-aligned-base-rollup-none-none-t1","summary_compute",TRUE
"B_shift-mixed-base-rollup-none-none-t1","D_rg-aligned-base-rollup-none-none-t1","alias",TRUE
"B_shift-mixed-base-rollup-none-none-t1","D_rg-aligned-base-rollup-none-none-t1","expansion",TRUE
"B_shift-mixed-base-rollup-none-none-t1","D_rg-aligned-base-rollup-none-none-t1","expansion_compute",TRUE
"B_shift-mixed-base-rollup-none-none-t1","D_rg-crossing-base-rollup-none-none-t1","summary",TRUE
"B_shift-mixed-base-rollup-none-none-t1","D_rg-crossing-base-rollup-none-none-t1","summary_compute",TRUE
"B_shift-mixed-base-rollup-none-none-t1","D_rg-crossing-base-rollup-none-none-t1","alias",TRUE
"B_shift-mixed-base-rollup-none-none-t1","D_rg-crossing-base-rollup-none-none-t1","expansion",TRUE
"B_shift-mixed-base-rollup-none-none-t1","D_rg-crossing-base-rollup-none-none-t1","expansion_compute",TRUE
"B_shift-mixed-base-rollup-none-none-t1","D_rg-empty_first-base-rollup-none-none-t1","summary",TRUE
"B_shift-mixed-base-rollup-none-none-t1","D_rg-empty_first-base-rollup-none-none-t1","summary_compute",TRUE
"B_shift-mixed-base-rollup-none-none-t1","D_rg-empty_first-base-rollup-none-none-t1","alias",TRUE
"B_shift-mixed-base-rollup-none-none-t1","D_rg-empty_first-base-rollup-none-none-t1","expansion",TRUE
"B_shift-mixed-base-rollup-none-none-t1","D_rg-empty_first-base-rollup-none-none-t1","expansion_compute",TRUE
"B_shift-mixed-base-rollup-none-none-t1","D_rg-empty_last-base-rollup-none-none-t1","summary",TRUE
"B_shift-mixed-base-rollup-none-none-t1","D_rg-empty_last-base-rollup-none-none-t1","summary_compute",TRUE
"B_shift-mixed-base-rollup-none-none-t1","D_rg-empty_last-base-rollup-none-none-t1","alias",TRUE
"B_shift-mixed-base-rollup-none-none-t1","D_rg-empty_last-base-rollup-none-none-t1","expansion",TRUE
"B_shift-mixed-base-rollup-none-none-t1","D_rg-empty_last-base-rollup-none-none-t1","expansion_compute",TRUE
"B_shift-mixed-base-rollup-none-none-t1","D_rg-empty_middle-base-rollup-none-none-t1","summary",TRUE
"B_shift-mixed-base-rollup-none-none-t1","D_rg-empty_middle-base-rollup-none-none-t1","summary_compute",TRUE
"B_shift-mixed-base-rollup-none-none-t1","D_rg-empty_middle-base-rollup-none-none-t1","alias",TRUE
"B_shift-mixed-base-rollup-none-none-t1","D_rg-empty_middle-base-rollup-none-none-t1","expansion",TRUE
"B_shift-mixed-base-rollup-none-none-t1","D_rg-empty_middle-base-rollup-none-none-t1","expansion_compute",TRUE
"B_shift-mixed-base-rollup-none-none-t1","D_rg-mixed-base-rollup-none-none-t1","summary",TRUE
"B_shift-mixed-base-rollup-none-none-t1","D_rg-mixed-base-rollup-none-none-t1","summary_compute",TRUE
"B_shift-mixed-base-rollup-none-none-t1","D_rg-mixed-base-rollup-none-none-t1","alias",TRUE
"B_shift-mixed-base-rollup-none-none-t1","D_rg-mixed-base-rollup-none-none-t1","expansion",TRUE
"B_shift-mixed-base-rollup-none-none-t1","D_rg-mixed-base-rollup-none-none-t1","expansion_compute",TRUE
"B_shift-mixed-base-rollup-none-none-t1","D_rg-two-base-rollup-none-none-t1","summary",TRUE
"B_shift-mixed-base-rollup-none-none-t1","D_rg-two-base-rollup-none-none-t1","summary_compute",TRUE
"B_shift-mixed-base-rollup-none-none-t1","D_rg-two-base-rollup-none-none-t1","alias",TRUE
"B_shift-mixed-base-rollup-none-none-t1","D_rg-two-base-rollup-none-none-t1","expansion",TRUE
"B_shift-mixed-base-rollup-none-none-t1","D_rg-two-base-rollup-none-none-t1","expansion_compute",TRUE
"B_shift-mixed-base-rollup-none-none-t1","D-aligned-base-rollup-none-none-t1","summary",TRUE
"B_shift-mixed-base-rollup-none-none-t1","D-aligned-base-rollup-none-none-t1","summary_compute",TRUE
"B_shift-mixed-base-rollup-none-none-t1","D-aligned-base-rollup-none-none-t1","alias",TRUE
"B_shift-mixed-base-rollup-none-none-t1","D-aligned-base-rollup-none-none-t1","expansion",TRUE
"B_shift-mixed-base-rollup-none-none-t1","D-aligned-base-rollup-none-none-t1","expansion_compute",TRUE
"B_shift-mixed-base-rollup-none-none-t1","D-crossing-base-rollup-none-none-t1","summary",TRUE
"B_shift-mixed-base-rollup-none-none-t1","D-crossing-base-rollup-none-none-t1","summary_compute",TRUE
"B_shift-mixed-base-rollup-none-none-t1","D-crossing-base-rollup-none-none-t1","alias",TRUE
"B_shift-mixed-base-rollup-none-none-t1","D-crossing-base-rollup-none-none-t1","expansion",TRUE
"B_shift-mixed-base-rollup-none-none-t1","D-crossing-base-rollup-none-none-t1","expansion_compute",TRUE
"B_shift-mixed-base-rollup-none-none-t1","D-empty_first-base-rollup-none-none-t1","summary",TRUE
"B_shift-mixed-base-rollup-none-none-t1","D-empty_first-base-rollup-none-none-t1","summary_compute",TRUE
"B_shift-mixed-base-rollup-none-none-t1","D-empty_first-base-rollup-none-none-t1","alias",TRUE
"B_shift-mixed-base-rollup-none-none-t1","D-empty_first-base-rollup-none-none-t1","expansion",TRUE
"B_shift-mixed-base-rollup-none-none-t1","D-empty_first-base-rollup-none-none-t1","expansion_compute",TRUE
"B_shift-mixed-base-rollup-none-none-t1","D-empty_last-base-rollup-none-none-t1","summary",TRUE
"B_shift-mixed-base-rollup-none-none-t1","D-empty_last-base-rollup-none-none-t1","summary_compute",TRUE
"B_shift-mixed-base-rollup-none-none-t1","D-empty_last-base-rollup-none-none-t1","alias",TRUE
"B_shift-mixed-base-rollup-none-none-t1","D-empty_last-base-rollup-none-none-t1","expansion",TRUE
"B_shift-mixed-base-rollup-none-none-t1","D-empty_last-base-rollup-none-none-t1","expansion_compute",TRUE
"B_shift-mixed-base-rollup-none-none-t1","D-empty_middle-base-rollup-none-none-t1","summary",TRUE
"B_shift-mixed-base-rollup-none-none-t1","D-empty_middle-base-rollup-none-none-t1","summary_compute",TRUE
"B_shift-mixed-base-rollup-none-none-t1","D-empty_middle-base-rollup-none-none-t1","alias",TRUE
"B_shift-mixed-base-rollup-none-none-t1","D-empty_middle-base-rollup-none-none-t1","expansion",TRUE
"B_shift-mixed-base-rollup-none-none-t1","D-empty_middle-base-rollup-none-none-t1","expansion_compute",TRUE
"B_shift-mixed-base-rollup-none-none-t1","D-mixed-base-rollup-none-first-t1","summary",TRUE
"B_shift-mixed-base-rollup-none-none-t1","D-mixed-base-rollup-none-first-t1","summary_compute",TRUE
"B_shift-mixed-base-rollup-none-none-t1","D-mixed-base-rollup-none-first-t1","alias",TRUE
"B_shift-mixed-base-rollup-none-none-t1","D-mixed-base-rollup-none-first-t1","expansion",TRUE
"B_shift-mixed-base-rollup-none-none-t1","D-mixed-base-rollup-none-first-t1","expansion_compute",TRUE
"B_shift-mixed-base-rollup-none-none-t1","D-mixed-base-rollup-none-last-t1","summary",TRUE
"B_shift-mixed-base-rollup-none-none-t1","D-mixed-base-rollup-none-last-t1","summary_compute",TRUE
"B_shift-mixed-base-rollup-none-none-t1","D-mixed-base-rollup-none-last-t1","alias",TRUE
"B_shift-mixed-base-rollup-none-none-t1","D-mixed-base-rollup-none-last-t1","expansion",TRUE
"B_shift-mixed-base-rollup-none-none-t1","D-mixed-base-rollup-none-last-t1","expansion_compute",TRUE
"B_shift-mixed-base-rollup-none-none-t1","D-mixed-base-rollup-none-none-t1","summary",TRUE
"B_shift-mixed-base-rollup-none-none-t1","D-mixed-base-rollup-none-none-t1","summary_compute",TRUE
"B_shift-mixed-base-rollup-none-none-t1","D-mixed-base-rollup-none-none-t1","alias",TRUE
"B_shift-mixed-base-rollup-none-none-t1","D-mixed-base-rollup-none-none-t1","expansion",TRUE
"B_shift-mixed-base-rollup-none-none-t1","D-mixed-base-rollup-none-none-t1","expansion_compute",TRUE
"B_shift-mixed-base-rollup-none-none-t1","D-mixed-base-rollup-none-none-t2","summary",TRUE
"B_shift-mixed-base-rollup-none-none-t1","D-mixed-base-rollup-none-none-t2","summary_compute",TRUE
"B_shift-mixed-base-rollup-none-none-t1","D-mixed-base-rollup-none-none-t2","alias",TRUE
"B_shift-mixed-base-rollup-none-none-t1","D-mixed-base-rollup-none-none-t2","expansion",TRUE
"B_shift-mixed-base-rollup-none-none-t1","D-mixed-base-rollup-none-none-t2","expansion_compute",TRUE
"B_shift-mixed-base-rollup-none-none-t1","D-mixed-base-rollup-select-none-t1","summary",TRUE
"B_shift-mixed-base-rollup-none-none-t1","D-mixed-base-rollup-select-none-t1","summary_compute",TRUE
"B_shift-mixed-base-rollup-none-none-t1","D-mixed-base-rollup-select-none-t1","alias",TRUE
"B_shift-mixed-base-rollup-none-none-t1","D-mixed-base-rollup-select-none-t1","expansion",TRUE
"B_shift-mixed-base-rollup-none-none-t1","D-mixed-base-rollup-select-none-t1","expansion_compute",TRUE
"B_shift-mixed-base-rollup-none-none-t1","D-two-base-rollup-none-none-t1","summary",TRUE
"B_shift-mixed-base-rollup-none-none-t1","D-two-base-rollup-none-none-t1","summary_compute",TRUE
"B_shift-mixed-base-rollup-none-none-t1","D-two-base-rollup-none-none-t1","alias",TRUE
"B_shift-mixed-base-rollup-none-none-t1","D-two-base-rollup-none-none-t1","expansion",TRUE
"B_shift-mixed-base-rollup-none-none-t1","D-two-base-rollup-none-none-t1","expansion_compute",TRUE
"B_shift-mixed-base-rollup-none-none-t1","E-aligned-base-rollup-none-none-t1","summary",TRUE
"B_shift-mixed-base-rollup-none-none-t1","E-aligned-base-rollup-none-none-t1","summary_compute",TRUE
"B_shift-mixed-base-rollup-none-none-t1","E-aligned-base-rollup-none-none-t1","alias",TRUE
"B_shift-mixed-base-rollup-none-none-t1","E-aligned-base-rollup-none-none-t1","expansion",TRUE
"B_shift-mixed-base-rollup-none-none-t1","E-aligned-base-rollup-none-none-t1","expansion_compute",TRUE
"B_shift-mixed-base-rollup-none-none-t1","E-crossing-base-rollup-none-none-t1","summary",TRUE
"B_shift-mixed-base-rollup-none-none-t1","E-crossing-base-rollup-none-none-t1","summary_compute",TRUE
"B_shift-mixed-base-rollup-none-none-t1","E-crossing-base-rollup-none-none-t1","alias",TRUE
"B_shift-mixed-base-rollup-none-none-t1","E-crossing-base-rollup-none-none-t1","expansion",TRUE
"B_shift-mixed-base-rollup-none-none-t1","E-crossing-base-rollup-none-none-t1","expansion_compute",TRUE
"B_shift-mixed-base-rollup-none-none-t1","E-empty_first-base-rollup-none-none-t1","summary",TRUE
"B_shift-mixed-base-rollup-none-none-t1","E-empty_first-base-rollup-none-none-t1","summary_compute",TRUE
"B_shift-mixed-base-rollup-none-none-t1","E-empty_first-base-rollup-none-none-t1","alias",TRUE
"B_shift-mixed-base-rollup-none-none-t1","E-empty_first-base-rollup-none-none-t1","expansion",TRUE
"B_shift-mixed-base-rollup-none-none-t1","E-empty_first-base-rollup-none-none-t1","expansion_compute",TRUE
"B_shift-mixed-base-rollup-none-none-t1","E-empty_last-base-rollup-none-none-t1","summary",TRUE
"B_shift-mixed-base-rollup-none-none-t1","E-empty_last-base-rollup-none-none-t1","summary_compute",TRUE
"B_shift-mixed-base-rollup-none-none-t1","E-empty_last-base-rollup-none-none-t1","alias",TRUE
"B_shift-mixed-base-rollup-none-none-t1","E-empty_last-base-rollup-none-none-t1","expansion",TRUE
"B_shift-mixed-base-rollup-none-none-t1","E-empty_last-base-rollup-none-none-t1","expansion_compute",TRUE
"B_shift-mixed-base-rollup-none-none-t1","E-empty_middle-base-rollup-none-none-t1","summary",TRUE
"B_shift-mixed-base-rollup-none-none-t1","E-empty_middle-base-rollup-none-none-t1","summary_compute",TRUE
"B_shift-mixed-base-rollup-none-none-t1","E-empty_middle-base-rollup-none-none-t1","alias",TRUE
"B_shift-mixed-base-rollup-none-none-t1","E-empty_middle-base-rollup-none-none-t1","expansion",TRUE
"B_shift-mixed-base-rollup-none-none-t1","E-empty_middle-base-rollup-none-none-t1","expansion_compute",TRUE
"B_shift-mixed-base-rollup-none-none-t1","E-mixed-base-rollup-none-first-t1","summary",TRUE
"B_shift-mixed-base-rollup-none-none-t1","E-mixed-base-rollup-none-first-t1","summary_compute",TRUE
"B_shift-mixed-base-rollup-none-none-t1","E-mixed-base-rollup-none-first-t1","alias",TRUE
"B_shift-mixed-base-rollup-none-none-t1","E-mixed-base-rollup-none-first-t1","expansion",TRUE
"B_shift-mixed-base-rollup-none-none-t1","E-mixed-base-rollup-none-first-t1","expansion_compute",TRUE
"B_shift-mixed-base-rollup-none-none-t1","E-mixed-base-rollup-none-last-t1","summary",TRUE
"B_shift-mixed-base-rollup-none-none-t1","E-mixed-base-rollup-none-last-t1","summary_compute",TRUE
"B_shift-mixed-base-rollup-none-none-t1","E-mixed-base-rollup-none-last-t1","alias",TRUE
"B_shift-mixed-base-rollup-none-none-t1","E-mixed-base-rollup-none-last-t1","expansion",TRUE
"B_shift-mixed-base-rollup-none-none-t1","E-mixed-base-rollup-none-last-t1","expansion_compute",TRUE
"B_shift-mixed-base-rollup-none-none-t1","E-mixed-base-rollup-none-none-t1","summary",TRUE
"B_shift-mixed-base-rollup-none-none-t1","E-mixed-base-rollup-none-none-t1","summary_compute",TRUE
"B_shift-mixed-base-rollup-none-none-t1","E-mixed-base-rollup-none-none-t1","alias",TRUE
"B_shift-mixed-base-rollup-none-none-t1","E-mixed-base-rollup-none-none-t1","expansion",TRUE
"B_shift-mixed-base-rollup-none-none-t1","E-mixed-base-rollup-none-none-t1","expansion_compute",TRUE
"B_shift-mixed-base-rollup-none-none-t1","E-mixed-base-rollup-none-none-t2","summary",TRUE
"B_shift-mixed-base-rollup-none-none-t1","E-mixed-base-rollup-none-none-t2","summary_compute",TRUE
"B_shift-mixed-base-rollup-none-none-t1","E-mixed-base-rollup-none-none-t2","alias",TRUE
"B_shift-mixed-base-rollup-none-none-t1","E-mixed-base-rollup-none-none-t2","expansion",TRUE
"B_shift-mixed-base-rollup-none-none-t1","E-mixed-base-rollup-none-none-t2","expansion_compute",TRUE
"B_shift-mixed-base-rollup-none-none-t1","E-mixed-base-rollup-select-none-t1","summary",TRUE
"B_shift-mixed-base-rollup-none-none-t1","E-mixed-base-rollup-select-none-t1","summary_compute",TRUE
"B_shift-mixed-base-rollup-none-none-t1","E-mixed-base-rollup-select-none-t1","alias",TRUE
"B_shift-mixed-base-rollup-none-none-t1","E-mixed-base-rollup-select-none-t1","expansion",TRUE
"B_shift-mixed-base-rollup-none-none-t1","E-mixed-base-rollup-select-none-t1","expansion_compute",TRUE
"B_shift-mixed-base-rollup-none-none-t1","E-two-base-rollup-none-none-t1","summary",TRUE
"B_shift-mixed-base-rollup-none-none-t1","E-two-base-rollup-none-none-t1","summary_compute",TRUE
"B_shift-mixed-base-rollup-none-none-t1","E-two-base-rollup-none-none-t1","alias",TRUE
"B_shift-mixed-base-rollup-none-none-t1","E-two-base-rollup-none-none-t1","expansion",TRUE
"B_shift-mixed-base-rollup-none-none-t1","E-two-base-rollup-none-none-t1","expansion_compute",TRUE
"B_shift-mixed-base-rollup-none-none-t1","IM-mixed-base-rollup-none-first-t1","summary",TRUE
"B_shift-mixed-base-rollup-none-none-t1","IM-mixed-base-rollup-none-first-t1","summary_compute",TRUE
"B_shift-mixed-base-rollup-none-none-t1","IM-mixed-base-rollup-none-first-t1","alias",TRUE
"B_shift-mixed-base-rollup-none-none-t1","IM-mixed-base-rollup-none-first-t1","expansion",TRUE
"B_shift-mixed-base-rollup-none-none-t1","IM-mixed-base-rollup-none-first-t1","expansion_compute",TRUE
"B_shift-mixed-base-rollup-none-none-t1","IM-mixed-base-rollup-none-last-t1","summary",TRUE
"B_shift-mixed-base-rollup-none-none-t1","IM-mixed-base-rollup-none-last-t1","summary_compute",TRUE
"B_shift-mixed-base-rollup-none-none-t1","IM-mixed-base-rollup-none-last-t1","alias",TRUE
"B_shift-mixed-base-rollup-none-none-t1","IM-mixed-base-rollup-none-last-t1","expansion",TRUE
"B_shift-mixed-base-rollup-none-none-t1","IM-mixed-base-rollup-none-last-t1","expansion_compute",TRUE
"B_shift-mixed-base-rollup-none-none-t1","IM-mixed-base-rollup-none-none-t1","summary",TRUE
"B_shift-mixed-base-rollup-none-none-t1","IM-mixed-base-rollup-none-none-t1","summary_compute",TRUE
"B_shift-mixed-base-rollup-none-none-t1","IM-mixed-base-rollup-none-none-t1","alias",TRUE
"B_shift-mixed-base-rollup-none-none-t1","IM-mixed-base-rollup-none-none-t1","expansion",TRUE
"B_shift-mixed-base-rollup-none-none-t1","IM-mixed-base-rollup-none-none-t1","expansion_compute",TRUE
"B_shift-mixed-base-rollup-none-none-t1","IM-two-base-rollup-none-none-t1","summary",TRUE
"B_shift-mixed-base-rollup-none-none-t1","IM-two-base-rollup-none-none-t1","summary_compute",TRUE
"B_shift-mixed-base-rollup-none-none-t1","IM-two-base-rollup-none-none-t1","alias",TRUE
"B_shift-mixed-base-rollup-none-none-t1","IM-two-base-rollup-none-none-t1","expansion",TRUE
"B_shift-mixed-base-rollup-none-none-t1","IM-two-base-rollup-none-none-t1","expansion_compute",TRUE
"B_shift-mixed-base-rollup-part-none-t1","B-mixed-base-rollup-part-none-t1","summary",TRUE
"B_shift-mixed-base-rollup-part-none-t1","B-mixed-base-rollup-part-none-t1","summary_compute",TRUE
"B_shift-mixed-base-rollup-part-none-t1","B-mixed-base-rollup-part-none-t1","alias",TRUE
"B_shift-mixed-base-rollup-part-none-t1","B-mixed-base-rollup-part-none-t1","expansion",TRUE
"B_shift-mixed-base-rollup-part-none-t1","B-mixed-base-rollup-part-none-t1","expansion_compute",TRUE
"B_shift-mixed-base-rollup-part-none-t1","C_rg-mixed-base-rollup-part-none-t1","summary",TRUE
"B_shift-mixed-base-rollup-part-none-t1","C_rg-mixed-base-rollup-part-none-t1","summary_compute",TRUE
"B_shift-mixed-base-rollup-part-none-t1","C_rg-mixed-base-rollup-part-none-t1","alias",TRUE
"B_shift-mixed-base-rollup-part-none-t1","C_rg-mixed-base-rollup-part-none-t1","expansion",TRUE
"B_shift-mixed-base-rollup-part-none-t1","C_rg-mixed-base-rollup-part-none-t1","expansion_compute",TRUE
"B_shift-mixed-base-rollup-part-none-t1","C-mixed-base-rollup-part-none-t1","summary",TRUE
"B_shift-mixed-base-rollup-part-none-t1","C-mixed-base-rollup-part-none-t1","summary_compute",TRUE
"B_shift-mixed-base-rollup-part-none-t1","C-mixed-base-rollup-part-none-t1","alias",TRUE
"B_shift-mixed-base-rollup-part-none-t1","C-mixed-base-rollup-part-none-t1","expansion",TRUE
"B_shift-mixed-base-rollup-part-none-t1","C-mixed-base-rollup-part-none-t1","expansion_compute",TRUE
"B_shift-mixed-base-rollup-part-none-t1","D_rg-mixed-base-rollup-part-none-t1","summary",TRUE
"B_shift-mixed-base-rollup-part-none-t1","D_rg-mixed-base-rollup-part-none-t1","summary_compute",TRUE
"B_shift-mixed-base-rollup-part-none-t1","D_rg-mixed-base-rollup-part-none-t1","alias",TRUE
"B_shift-mixed-base-rollup-part-none-t1","D_rg-mixed-base-rollup-part-none-t1","expansion",TRUE
"B_shift-mixed-base-rollup-part-none-t1","D_rg-mixed-base-rollup-part-none-t1","expansion_compute",TRUE
"B_shift-mixed-base-rollup-part-none-t1","D-mixed-base-rollup-part-none-t1","summary",TRUE
"B_shift-mixed-base-rollup-part-none-t1","D-mixed-base-rollup-part-none-t1","summary_compute",TRUE
"B_shift-mixed-base-rollup-part-none-t1","D-mixed-base-rollup-part-none-t1","alias",TRUE
"B_shift-mixed-base-rollup-part-none-t1","D-mixed-base-rollup-part-none-t1","expansion",TRUE
"B_shift-mixed-base-rollup-part-none-t1","D-mixed-base-rollup-part-none-t1","expansion_compute",TRUE
"B_shift-mixed-base-rollup-part-none-t1","E-mixed-base-rollup-part-none-t1","summary",TRUE
"B_shift-mixed-base-rollup-part-none-t1","E-mixed-base-rollup-part-none-t1","summary_compute",TRUE
"B_shift-mixed-base-rollup-part-none-t1","E-mixed-base-rollup-part-none-t1","alias",TRUE
"B_shift-mixed-base-rollup-part-none-t1","E-mixed-base-rollup-part-none-t1","expansion",TRUE
"B_shift-mixed-base-rollup-part-none-t1","E-mixed-base-rollup-part-none-t1","expansion_compute",TRUE
"B_shift-mixed-base-rollup-part-none-t1","IM-mixed-base-rollup-part-none-t1","summary",TRUE
"B_shift-mixed-base-rollup-part-none-t1","IM-mixed-base-rollup-part-none-t1","summary_compute",TRUE
"B_shift-mixed-base-rollup-part-none-t1","IM-mixed-base-rollup-part-none-t1","alias",TRUE
"B_shift-mixed-base-rollup-part-none-t1","IM-mixed-base-rollup-part-none-t1","expansion",TRUE
"B_shift-mixed-base-rollup-part-none-t1","IM-mixed-base-rollup-part-none-t1","expansion_compute",TRUE
"B_shift-mixed-base-rollup-zero-none-t1","B-mixed-base-rollup-zero-none-t1","summary",TRUE
"B_shift-mixed-base-rollup-zero-none-t1","B-mixed-base-rollup-zero-none-t1","summary_compute",TRUE
"B_shift-mixed-base-rollup-zero-none-t1","B-mixed-base-rollup-zero-none-t1","alias",TRUE
"B_shift-mixed-base-rollup-zero-none-t1","B-mixed-base-rollup-zero-none-t1","expansion",TRUE
"B_shift-mixed-base-rollup-zero-none-t1","B-mixed-base-rollup-zero-none-t1","expansion_compute",TRUE
"B_shift-mixed-base-rollup-zero-none-t1","C_rg-mixed-base-rollup-zero-none-t1","summary",TRUE
"B_shift-mixed-base-rollup-zero-none-t1","C_rg-mixed-base-rollup-zero-none-t1","summary_compute",TRUE
"B_shift-mixed-base-rollup-zero-none-t1","C_rg-mixed-base-rollup-zero-none-t1","alias",TRUE
"B_shift-mixed-base-rollup-zero-none-t1","C_rg-mixed-base-rollup-zero-none-t1","expansion",TRUE
"B_shift-mixed-base-rollup-zero-none-t1","C_rg-mixed-base-rollup-zero-none-t1","expansion_compute",TRUE
"B_shift-mixed-base-rollup-zero-none-t1","C-mixed-base-rollup-zero-none-t1","summary",TRUE
"B_shift-mixed-base-rollup-zero-none-t1","C-mixed-base-rollup-zero-none-t1","summary_compute",TRUE
"B_shift-mixed-base-rollup-zero-none-t1","C-mixed-base-rollup-zero-none-t1","alias",TRUE
"B_shift-mixed-base-rollup-zero-none-t1","C-mixed-base-rollup-zero-none-t1","expansion",TRUE
"B_shift-mixed-base-rollup-zero-none-t1","C-mixed-base-rollup-zero-none-t1","expansion_compute",TRUE
"B_shift-mixed-base-rollup-zero-none-t1","D_rg-mixed-base-rollup-zero-none-t1","summary",TRUE
"B_shift-mixed-base-rollup-zero-none-t1","D_rg-mixed-base-rollup-zero-none-t1","summary_compute",TRUE
"B_shift-mixed-base-rollup-zero-none-t1","D_rg-mixed-base-rollup-zero-none-t1","alias",TRUE
"B_shift-mixed-base-rollup-zero-none-t1","D_rg-mixed-base-rollup-zero-none-t1","expansion",TRUE
"B_shift-mixed-base-rollup-zero-none-t1","D_rg-mixed-base-rollup-zero-none-t1","expansion_compute",TRUE
"B_shift-mixed-base-rollup-zero-none-t1","D-mixed-base-rollup-zero-none-t1","summary",TRUE
"B_shift-mixed-base-rollup-zero-none-t1","D-mixed-base-rollup-zero-none-t1","summary_compute",TRUE
"B_shift-mixed-base-rollup-zero-none-t1","D-mixed-base-rollup-zero-none-t1","alias",TRUE
"B_shift-mixed-base-rollup-zero-none-t1","D-mixed-base-rollup-zero-none-t1","expansion",TRUE
"B_shift-mixed-base-rollup-zero-none-t1","D-mixed-base-rollup-zero-none-t1","expansion_compute",TRUE
"B_shift-mixed-base-rollup-zero-none-t1","E-mixed-base-rollup-zero-none-t1","summary",TRUE
"B_shift-mixed-base-rollup-zero-none-t1","E-mixed-base-rollup-zero-none-t1","summary_compute",TRUE
"B_shift-mixed-base-rollup-zero-none-t1","E-mixed-base-rollup-zero-none-t1","alias",TRUE
"B_shift-mixed-base-rollup-zero-none-t1","E-mixed-base-rollup-zero-none-t1","expansion",TRUE
"B_shift-mixed-base-rollup-zero-none-t1","E-mixed-base-rollup-zero-none-t1","expansion_compute",TRUE
"B_shift-mixed-base-rollup-zero-none-t1","IM-mixed-base-rollup-zero-none-t1","summary",TRUE
"B_shift-mixed-base-rollup-zero-none-t1","IM-mixed-base-rollup-zero-none-t1","summary_compute",TRUE
"B_shift-mixed-base-rollup-zero-none-t1","IM-mixed-base-rollup-zero-none-t1","alias",TRUE
"B_shift-mixed-base-rollup-zero-none-t1","IM-mixed-base-rollup-zero-none-t1","expansion",TRUE
"B_shift-mixed-base-rollup-zero-none-t1","IM-mixed-base-rollup-zero-none-t1","expansion_compute",TRUE
"B-allmissing-missing-rollup-none-none-t1","B-mixed-missing-rollup-none-none-t1","summary",TRUE
"B-allmissing-missing-rollup-none-none-t1","B-mixed-missing-rollup-none-none-t1","summary_compute",TRUE
"B-allmissing-missing-rollup-none-none-t1","B-mixed-missing-rollup-none-none-t1","alias",TRUE
"B-allmissing-missing-rollup-none-none-t1","B-mixed-missing-rollup-none-none-t1","expansion",TRUE
"B-allmissing-missing-rollup-none-none-t1","B-mixed-missing-rollup-none-none-t1","expansion_compute",TRUE
"B-allmissing-missing-rollup-none-none-t1","D_rg-allmissing-missing-rollup-none-none-t1","summary",TRUE
"B-allmissing-missing-rollup-none-none-t1","D_rg-allmissing-missing-rollup-none-none-t1","summary_compute",TRUE
"B-allmissing-missing-rollup-none-none-t1","D_rg-allmissing-missing-rollup-none-none-t1","alias",TRUE
"B-allmissing-missing-rollup-none-none-t1","D_rg-allmissing-missing-rollup-none-none-t1","expansion",TRUE
"B-allmissing-missing-rollup-none-none-t1","D_rg-allmissing-missing-rollup-none-none-t1","expansion_compute",TRUE
"B-allmissing-missing-rollup-none-none-t1","D-allmissing-missing-rollup-none-none-t1","summary",TRUE
"B-allmissing-missing-rollup-none-none-t1","D-allmissing-missing-rollup-none-none-t1","summary_compute",TRUE
"B-allmissing-missing-rollup-none-none-t1","D-allmissing-missing-rollup-none-none-t1","alias",TRUE
"B-allmissing-missing-rollup-none-none-t1","D-allmissing-missing-rollup-none-none-t1","expansion",TRUE
"B-allmissing-missing-rollup-none-none-t1","D-allmissing-missing-rollup-none-none-t1","expansion_compute",TRUE
"B-allmissing-missing-rollup-none-none-t1","D-mixed-missing-rollup-none-none-t1","summary",TRUE
"B-allmissing-missing-rollup-none-none-t1","D-mixed-missing-rollup-none-none-t1","summary_compute",TRUE
"B-allmissing-missing-rollup-none-none-t1","D-mixed-missing-rollup-none-none-t1","alias",TRUE
"B-allmissing-missing-rollup-none-none-t1","D-mixed-missing-rollup-none-none-t1","expansion",TRUE
"B-allmissing-missing-rollup-none-none-t1","D-mixed-missing-rollup-none-none-t1","expansion_compute",TRUE
"B-allmissing-missing-rollup-none-none-t1","E-allmissing-missing-rollup-none-none-t1","summary",TRUE
"B-allmissing-missing-rollup-none-none-t1","E-allmissing-missing-rollup-none-none-t1","summary_compute",TRUE
"B-allmissing-missing-rollup-none-none-t1","E-allmissing-missing-rollup-none-none-t1","alias",TRUE
"B-allmissing-missing-rollup-none-none-t1","E-allmissing-missing-rollup-none-none-t1","expansion",TRUE
"B-allmissing-missing-rollup-none-none-t1","E-allmissing-missing-rollup-none-none-t1","expansion_compute",TRUE
"B-allmissing-missing-rollup-none-none-t1","E-mixed-missing-rollup-none-none-t1","summary",TRUE
"B-allmissing-missing-rollup-none-none-t1","E-mixed-missing-rollup-none-none-t1","summary_compute",TRUE
"B-allmissing-missing-rollup-none-none-t1","E-mixed-missing-rollup-none-none-t1","alias",TRUE
"B-allmissing-missing-rollup-none-none-t1","E-mixed-missing-rollup-none-none-t1","expansion",TRUE
"B-allmissing-missing-rollup-none-none-t1","E-mixed-missing-rollup-none-none-t1","expansion_compute",TRUE
"B-allmissing-missing-rollup-none-none-t1","extra-B-allmissing_first","summary",TRUE
"B-allmissing-missing-rollup-none-none-t1","extra-B-allmissing_first","summary_compute",TRUE
"B-allmissing-missing-rollup-none-none-t1","extra-B-allmissing_first","alias",TRUE
"B-allmissing-missing-rollup-none-none-t1","extra-B-allmissing_first","expansion",TRUE
"B-allmissing-missing-rollup-none-none-t1","extra-B-allmissing_first","expansion_compute",TRUE
"B-allmissing-missing-rollup-none-none-t1","extra-B-allmissing_last","summary",TRUE
"B-allmissing-missing-rollup-none-none-t1","extra-B-allmissing_last","summary_compute",TRUE
"B-allmissing-missing-rollup-none-none-t1","extra-B-allmissing_last","alias",TRUE
"B-allmissing-missing-rollup-none-none-t1","extra-B-allmissing_last","expansion",TRUE
"B-allmissing-missing-rollup-none-none-t1","extra-B-allmissing_last","expansion_compute",TRUE
"B-allmissing-missing-rollup-none-none-t1","extra-D_rg-allmissing_first","summary",TRUE
"B-allmissing-missing-rollup-none-none-t1","extra-D_rg-allmissing_first","summary_compute",TRUE
"B-allmissing-missing-rollup-none-none-t1","extra-D_rg-allmissing_first","alias",TRUE
"B-allmissing-missing-rollup-none-none-t1","extra-D_rg-allmissing_first","expansion",TRUE
"B-allmissing-missing-rollup-none-none-t1","extra-D_rg-allmissing_first","expansion_compute",TRUE
"B-allmissing-missing-rollup-none-none-t1","extra-D_rg-allmissing_last","summary",TRUE
"B-allmissing-missing-rollup-none-none-t1","extra-D_rg-allmissing_last","summary_compute",TRUE
"B-allmissing-missing-rollup-none-none-t1","extra-D_rg-allmissing_last","alias",TRUE
"B-allmissing-missing-rollup-none-none-t1","extra-D_rg-allmissing_last","expansion",TRUE
"B-allmissing-missing-rollup-none-none-t1","extra-D_rg-allmissing_last","expansion_compute",TRUE
"B-allmissing-missing-rollup-none-none-t1","extra-D-allmissing_first","summary",TRUE
"B-allmissing-missing-rollup-none-none-t1","extra-D-allmissing_first","summary_compute",TRUE
"B-allmissing-missing-rollup-none-none-t1","extra-D-allmissing_first","alias",TRUE
"B-allmissing-missing-rollup-none-none-t1","extra-D-allmissing_first","expansion",TRUE
"B-allmissing-missing-rollup-none-none-t1","extra-D-allmissing_first","expansion_compute",TRUE
"B-allmissing-missing-rollup-none-none-t1","extra-D-allmissing_last","summary",TRUE
"B-allmissing-missing-rollup-none-none-t1","extra-D-allmissing_last","summary_compute",TRUE
"B-allmissing-missing-rollup-none-none-t1","extra-D-allmissing_last","alias",TRUE
"B-allmissing-missing-rollup-none-none-t1","extra-D-allmissing_last","expansion",TRUE
"B-allmissing-missing-rollup-none-none-t1","extra-D-allmissing_last","expansion_compute",TRUE
"B-allmissing-missing-rollup-none-none-t1","extra-E-allmissing_first","summary",TRUE
"B-allmissing-missing-rollup-none-none-t1","extra-E-allmissing_first","summary_compute",TRUE
"B-allmissing-missing-rollup-none-none-t1","extra-E-allmissing_first","alias",TRUE
"B-allmissing-missing-rollup-none-none-t1","extra-E-allmissing_first","expansion",TRUE
"B-allmissing-missing-rollup-none-none-t1","extra-E-allmissing_first","expansion_compute",TRUE
"B-allmissing-missing-rollup-none-none-t1","extra-E-allmissing_last","summary",TRUE
"B-allmissing-missing-rollup-none-none-t1","extra-E-allmissing_last","summary_compute",TRUE
"B-allmissing-missing-rollup-none-none-t1","extra-E-allmissing_last","alias",TRUE
"B-allmissing-missing-rollup-none-none-t1","extra-E-allmissing_last","expansion",TRUE
"B-allmissing-missing-rollup-none-none-t1","extra-E-allmissing_last","expansion_compute",TRUE
"B-mixed-base-part_dim-none-none-t1","D-mixed-base-part_dim-none-none-t1","summary",TRUE
"B-mixed-base-part_dim-none-none-t1","D-mixed-base-part_dim-none-none-t1","summary_compute",TRUE
"B-mixed-base-part_dim-none-none-t1","D-mixed-base-part_dim-none-none-t1","alias",TRUE
"B-mixed-base-part_dim-none-none-t1","D-mixed-base-part_dim-none-none-t1","expansion",TRUE
"B-mixed-base-part_dim-none-none-t1","D-mixed-base-part_dim-none-none-t1","expansion_compute",TRUE
"B-mixed-base-part_dim-none-none-t1","E-mixed-base-part_dim-none-none-t1","summary",TRUE
"B-mixed-base-part_dim-none-none-t1","E-mixed-base-part_dim-none-none-t1","summary_compute",TRUE
"B-mixed-base-part_dim-none-none-t1","E-mixed-base-part_dim-none-none-t1","alias",TRUE
"B-mixed-base-part_dim-none-none-t1","E-mixed-base-part_dim-none-none-t1","expansion",FALSE
"B-mixed-base-part_dim-none-none-t1","E-mixed-base-part_dim-none-none-t1","expansion_compute",FALSE
"B-mixed-base-part_dim-none-none-t1","followup-part_dim-none-first","summary",TRUE
"B-mixed-base-part_dim-none-none-t1","followup-part_dim-none-first","summary_compute",TRUE
"B-mixed-base-part_dim-none-none-t1","followup-part_dim-none-first","alias",TRUE
"B-mixed-base-part_dim-none-none-t1","followup-part_dim-none-first","expansion",FALSE
"B-mixed-base-part_dim-none-none-t1","followup-part_dim-none-first","expansion_compute",FALSE
"B-mixed-base-part_dim-none-none-t1","followup-part_dim-none-last","summary",TRUE
"B-mixed-base-part_dim-none-none-t1","followup-part_dim-none-last","summary_compute",TRUE
"B-mixed-base-part_dim-none-none-t1","followup-part_dim-none-last","alias",TRUE
"B-mixed-base-part_dim-none-none-t1","followup-part_dim-none-last","expansion",FALSE
"B-mixed-base-part_dim-none-none-t1","followup-part_dim-none-last","expansion_compute",FALSE
"B-mixed-base-part_dim-none-none-t1","followup-part_dim-none-none","summary",TRUE
"B-mixed-base-part_dim-none-none-t1","followup-part_dim-none-none","summary_compute",TRUE
"B-mixed-base-part_dim-none-none-t1","followup-part_dim-none-none","alias",TRUE
"B-mixed-base-part_dim-none-none-t1","followup-part_dim-none-none","expansion",FALSE
"B-mixed-base-part_dim-none-none-t1","followup-part_dim-none-none","expansion_compute",FALSE
"B-mixed-base-part_dim-none-none-t1","followup-part_dim-select-first","summary",TRUE
"B-mixed-base-part_dim-none-none-t1","followup-part_dim-select-first","summary_compute",TRUE
"B-mixed-base-part_dim-none-none-t1","followup-part_dim-select-first","alias",TRUE
"B-mixed-base-part_dim-none-none-t1","followup-part_dim-select-first","expansion",FALSE
"B-mixed-base-part_dim-none-none-t1","followup-part_dim-select-first","expansion_compute",FALSE
"B-mixed-base-part_dim-none-none-t1","followup-part_dim-select-last","summary",TRUE
"B-mixed-base-part_dim-none-none-t1","followup-part_dim-select-last","summary_compute",TRUE
"B-mixed-base-part_dim-none-none-t1","followup-part_dim-select-last","alias",TRUE
"B-mixed-base-part_dim-none-none-t1","followup-part_dim-select-last","expansion",FALSE
"B-mixed-base-part_dim-none-none-t1","followup-part_dim-select-last","expansion_compute",FALSE
"B-mixed-base-part_dim-none-none-t1","followup-part_dim-select-none","summary",TRUE
"B-mixed-base-part_dim-none-none-t1","followup-part_dim-select-none","summary_compute",TRUE
"B-mixed-base-part_dim-none-none-t1","followup-part_dim-select-none","alias",TRUE
"B-mixed-base-part_dim-none-none-t1","followup-part_dim-select-none","expansion",FALSE
"B-mixed-base-part_dim-none-none-t1","followup-part_dim-select-none","expansion_compute",FALSE
"B-mixed-base-part_dim-part-none-t1","D-mixed-base-part_dim-part-none-t1","summary",TRUE
"B-mixed-base-part_dim-part-none-t1","D-mixed-base-part_dim-part-none-t1","summary_compute",TRUE
"B-mixed-base-part_dim-part-none-t1","D-mixed-base-part_dim-part-none-t1","alias",TRUE
"B-mixed-base-part_dim-part-none-t1","D-mixed-base-part_dim-part-none-t1","expansion",TRUE
"B-mixed-base-part_dim-part-none-t1","D-mixed-base-part_dim-part-none-t1","expansion_compute",TRUE
"B-mixed-base-part_dim-part-none-t1","E-mixed-base-part_dim-part-none-t1","summary",TRUE
"B-mixed-base-part_dim-part-none-t1","E-mixed-base-part_dim-part-none-t1","summary_compute",TRUE
"B-mixed-base-part_dim-part-none-t1","E-mixed-base-part_dim-part-none-t1","alias",TRUE
"B-mixed-base-part_dim-part-none-t1","E-mixed-base-part_dim-part-none-t1","expansion",FALSE
"B-mixed-base-part_dim-part-none-t1","E-mixed-base-part_dim-part-none-t1","expansion_compute",FALSE
"B-mixed-base-part_dim-part-none-t1","followup-part_dim-part-first","summary",TRUE
"B-mixed-base-part_dim-part-none-t1","followup-part_dim-part-first","summary_compute",TRUE
"B-mixed-base-part_dim-part-none-t1","followup-part_dim-part-first","alias",TRUE
"B-mixed-base-part_dim-part-none-t1","followup-part_dim-part-first","expansion",FALSE
"B-mixed-base-part_dim-part-none-t1","followup-part_dim-part-first","expansion_compute",FALSE
"B-mixed-base-part_dim-part-none-t1","followup-part_dim-part-last","summary",TRUE
"B-mixed-base-part_dim-part-none-t1","followup-part_dim-part-last","summary_compute",TRUE
"B-mixed-base-part_dim-part-none-t1","followup-part_dim-part-last","alias",TRUE
"B-mixed-base-part_dim-part-none-t1","followup-part_dim-part-last","expansion",FALSE
"B-mixed-base-part_dim-part-none-t1","followup-part_dim-part-last","expansion_compute",FALSE
"B-mixed-base-part_dim-part-none-t1","followup-part_dim-part-none","summary",TRUE
"B-mixed-base-part_dim-part-none-t1","followup-part_dim-part-none","summary_compute",TRUE
"B-mixed-base-part_dim-part-none-t1","followup-part_dim-part-none","alias",TRUE
"B-mixed-base-part_dim-part-none-t1","followup-part_dim-part-none","expansion",FALSE
"B-mixed-base-part_dim-part-none-t1","followup-part_dim-part-none","expansion_compute",FALSE
"B-mixed-base-part_dim-rename-none-t1","D-mixed-base-part_dim-rename-none-t1","summary",TRUE
"B-mixed-base-part_dim-rename-none-t1","D-mixed-base-part_dim-rename-none-t1","summary_compute",TRUE
"B-mixed-base-part_dim-rename-none-t1","D-mixed-base-part_dim-rename-none-t1","alias",TRUE
"B-mixed-base-part_dim-rename-none-t1","D-mixed-base-part_dim-rename-none-t1","expansion",TRUE
"B-mixed-base-part_dim-rename-none-t1","D-mixed-base-part_dim-rename-none-t1","expansion_compute",TRUE
"B-mixed-base-part_dim-rename-none-t1","E-mixed-base-part_dim-rename-none-t1","summary",TRUE
"B-mixed-base-part_dim-rename-none-t1","E-mixed-base-part_dim-rename-none-t1","summary_compute",TRUE
"B-mixed-base-part_dim-rename-none-t1","E-mixed-base-part_dim-rename-none-t1","alias",TRUE
"B-mixed-base-part_dim-rename-none-t1","E-mixed-base-part_dim-rename-none-t1","expansion",TRUE
"B-mixed-base-part_dim-rename-none-t1","E-mixed-base-part_dim-rename-none-t1","expansion_compute",TRUE
"B-mixed-base-part_dim-rename-none-t1","followup-part_dim-rename-first","summary",TRUE
"B-mixed-base-part_dim-rename-none-t1","followup-part_dim-rename-first","summary_compute",TRUE
"B-mixed-base-part_dim-rename-none-t1","followup-part_dim-rename-first","alias",TRUE
"B-mixed-base-part_dim-rename-none-t1","followup-part_dim-rename-first","expansion",TRUE
"B-mixed-base-part_dim-rename-none-t1","followup-part_dim-rename-first","expansion_compute",TRUE
"B-mixed-base-part_dim-rename-none-t1","followup-part_dim-rename-last","summary",TRUE
"B-mixed-base-part_dim-rename-none-t1","followup-part_dim-rename-last","summary_compute",TRUE
"B-mixed-base-part_dim-rename-none-t1","followup-part_dim-rename-last","alias",TRUE
"B-mixed-base-part_dim-rename-none-t1","followup-part_dim-rename-last","expansion",TRUE
"B-mixed-base-part_dim-rename-none-t1","followup-part_dim-rename-last","expansion_compute",TRUE
"B-mixed-base-part_dim-rename-none-t1","followup-part_dim-rename-none","summary",TRUE
"B-mixed-base-part_dim-rename-none-t1","followup-part_dim-rename-none","summary_compute",TRUE
"B-mixed-base-part_dim-rename-none-t1","followup-part_dim-rename-none","alias",TRUE
"B-mixed-base-part_dim-rename-none-t1","followup-part_dim-rename-none","expansion",TRUE
"B-mixed-base-part_dim-rename-none-t1","followup-part_dim-rename-none","expansion_compute",TRUE
"B-mixed-base-part_fixed-none-none-t1","D-mixed-base-part_fixed-none-none-t1","summary",TRUE
"B-mixed-base-part_fixed-none-none-t1","D-mixed-base-part_fixed-none-none-t1","summary_compute",TRUE
"B-mixed-base-part_fixed-none-none-t1","D-mixed-base-part_fixed-none-none-t1","alias",TRUE
"B-mixed-base-part_fixed-none-none-t1","D-mixed-base-part_fixed-none-none-t1","expansion",TRUE
"B-mixed-base-part_fixed-none-none-t1","D-mixed-base-part_fixed-none-none-t1","expansion_compute",TRUE
"B-mixed-base-part_fixed-none-none-t1","E-mixed-base-part_fixed-none-none-t1","summary",TRUE
"B-mixed-base-part_fixed-none-none-t1","E-mixed-base-part_fixed-none-none-t1","summary_compute",TRUE
"B-mixed-base-part_fixed-none-none-t1","E-mixed-base-part_fixed-none-none-t1","alias",TRUE
"B-mixed-base-part_fixed-none-none-t1","E-mixed-base-part_fixed-none-none-t1","expansion",TRUE
"B-mixed-base-part_fixed-none-none-t1","E-mixed-base-part_fixed-none-none-t1","expansion_compute",TRUE
"B-mixed-base-part_fixed-none-none-t1","followup-part_fixed-none-first","summary",TRUE
"B-mixed-base-part_fixed-none-none-t1","followup-part_fixed-none-first","summary_compute",TRUE
"B-mixed-base-part_fixed-none-none-t1","followup-part_fixed-none-first","alias",TRUE
"B-mixed-base-part_fixed-none-none-t1","followup-part_fixed-none-first","expansion",TRUE
"B-mixed-base-part_fixed-none-none-t1","followup-part_fixed-none-first","expansion_compute",TRUE
"B-mixed-base-part_fixed-none-none-t1","followup-part_fixed-none-last","summary",TRUE
"B-mixed-base-part_fixed-none-none-t1","followup-part_fixed-none-last","summary_compute",TRUE
"B-mixed-base-part_fixed-none-none-t1","followup-part_fixed-none-last","alias",TRUE
"B-mixed-base-part_fixed-none-none-t1","followup-part_fixed-none-last","expansion",TRUE
"B-mixed-base-part_fixed-none-none-t1","followup-part_fixed-none-last","expansion_compute",TRUE
"B-mixed-base-part_fixed-none-none-t1","followup-part_fixed-none-none","summary",TRUE
"B-mixed-base-part_fixed-none-none-t1","followup-part_fixed-none-none","summary_compute",TRUE
"B-mixed-base-part_fixed-none-none-t1","followup-part_fixed-none-none","alias",TRUE
"B-mixed-base-part_fixed-none-none-t1","followup-part_fixed-none-none","expansion",TRUE
"B-mixed-base-part_fixed-none-none-t1","followup-part_fixed-none-none","expansion_compute",TRUE
"B-mixed-base-part_fixed-none-none-t1","followup-part_fixed-select-first","summary",TRUE
"B-mixed-base-part_fixed-none-none-t1","followup-part_fixed-select-first","summary_compute",TRUE
"B-mixed-base-part_fixed-none-none-t1","followup-part_fixed-select-first","alias",TRUE
"B-mixed-base-part_fixed-none-none-t1","followup-part_fixed-select-first","expansion",TRUE
"B-mixed-base-part_fixed-none-none-t1","followup-part_fixed-select-first","expansion_compute",TRUE
"B-mixed-base-part_fixed-none-none-t1","followup-part_fixed-select-last","summary",TRUE
"B-mixed-base-part_fixed-none-none-t1","followup-part_fixed-select-last","summary_compute",TRUE
"B-mixed-base-part_fixed-none-none-t1","followup-part_fixed-select-last","alias",TRUE
"B-mixed-base-part_fixed-none-none-t1","followup-part_fixed-select-last","expansion",TRUE
"B-mixed-base-part_fixed-none-none-t1","followup-part_fixed-select-last","expansion_compute",TRUE
"B-mixed-base-part_fixed-none-none-t1","followup-part_fixed-select-none","summary",TRUE
"B-mixed-base-part_fixed-none-none-t1","followup-part_fixed-select-none","summary_compute",TRUE
"B-mixed-base-part_fixed-none-none-t1","followup-part_fixed-select-none","alias",TRUE
"B-mixed-base-part_fixed-none-none-t1","followup-part_fixed-select-none","expansion",TRUE
"B-mixed-base-part_fixed-none-none-t1","followup-part_fixed-select-none","expansion_compute",TRUE
"B-mixed-base-part_fixed-part-none-t1","D-mixed-base-part_fixed-part-none-t1","summary",TRUE
"B-mixed-base-part_fixed-part-none-t1","D-mixed-base-part_fixed-part-none-t1","summary_compute",TRUE
"B-mixed-base-part_fixed-part-none-t1","D-mixed-base-part_fixed-part-none-t1","alias",TRUE
"B-mixed-base-part_fixed-part-none-t1","D-mixed-base-part_fixed-part-none-t1","expansion",TRUE
"B-mixed-base-part_fixed-part-none-t1","D-mixed-base-part_fixed-part-none-t1","expansion_compute",TRUE
"B-mixed-base-part_fixed-part-none-t1","E-mixed-base-part_fixed-part-none-t1","summary",TRUE
"B-mixed-base-part_fixed-part-none-t1","E-mixed-base-part_fixed-part-none-t1","summary_compute",TRUE
"B-mixed-base-part_fixed-part-none-t1","E-mixed-base-part_fixed-part-none-t1","alias",TRUE
"B-mixed-base-part_fixed-part-none-t1","E-mixed-base-part_fixed-part-none-t1","expansion",TRUE
"B-mixed-base-part_fixed-part-none-t1","E-mixed-base-part_fixed-part-none-t1","expansion_compute",TRUE
"B-mixed-base-part_fixed-part-none-t1","followup-part_fixed-part-first","summary",TRUE
"B-mixed-base-part_fixed-part-none-t1","followup-part_fixed-part-first","summary_compute",TRUE
"B-mixed-base-part_fixed-part-none-t1","followup-part_fixed-part-first","alias",TRUE
"B-mixed-base-part_fixed-part-none-t1","followup-part_fixed-part-first","expansion",TRUE
"B-mixed-base-part_fixed-part-none-t1","followup-part_fixed-part-first","expansion_compute",TRUE
"B-mixed-base-part_fixed-part-none-t1","followup-part_fixed-part-last","summary",TRUE
"B-mixed-base-part_fixed-part-none-t1","followup-part_fixed-part-last","summary_compute",TRUE
"B-mixed-base-part_fixed-part-none-t1","followup-part_fixed-part-last","alias",TRUE
"B-mixed-base-part_fixed-part-none-t1","followup-part_fixed-part-last","expansion",TRUE
"B-mixed-base-part_fixed-part-none-t1","followup-part_fixed-part-last","expansion_compute",TRUE
"B-mixed-base-part_fixed-part-none-t1","followup-part_fixed-part-none","summary",TRUE
"B-mixed-base-part_fixed-part-none-t1","followup-part_fixed-part-none","summary_compute",TRUE
"B-mixed-base-part_fixed-part-none-t1","followup-part_fixed-part-none","alias",TRUE
"B-mixed-base-part_fixed-part-none-t1","followup-part_fixed-part-none","expansion",TRUE
"B-mixed-base-part_fixed-part-none-t1","followup-part_fixed-part-none","expansion_compute",TRUE
"B-mixed-base-part_fixed-rename-none-t1","D-mixed-base-part_fixed-rename-none-t1","summary",TRUE
"B-mixed-base-part_fixed-rename-none-t1","D-mixed-base-part_fixed-rename-none-t1","summary_compute",TRUE
"B-mixed-base-part_fixed-rename-none-t1","D-mixed-base-part_fixed-rename-none-t1","alias",TRUE
"B-mixed-base-part_fixed-rename-none-t1","D-mixed-base-part_fixed-rename-none-t1","expansion",TRUE
"B-mixed-base-part_fixed-rename-none-t1","D-mixed-base-part_fixed-rename-none-t1","expansion_compute",TRUE
"B-mixed-base-part_fixed-rename-none-t1","E-mixed-base-part_fixed-rename-none-t1","summary",TRUE
"B-mixed-base-part_fixed-rename-none-t1","E-mixed-base-part_fixed-rename-none-t1","summary_compute",TRUE
"B-mixed-base-part_fixed-rename-none-t1","E-mixed-base-part_fixed-rename-none-t1","alias",TRUE
"B-mixed-base-part_fixed-rename-none-t1","E-mixed-base-part_fixed-rename-none-t1","expansion",TRUE
"B-mixed-base-part_fixed-rename-none-t1","E-mixed-base-part_fixed-rename-none-t1","expansion_compute",TRUE
"B-mixed-base-part_fixed-rename-none-t1","followup-part_fixed-rename-first","summary",TRUE
"B-mixed-base-part_fixed-rename-none-t1","followup-part_fixed-rename-first","summary_compute",TRUE
"B-mixed-base-part_fixed-rename-none-t1","followup-part_fixed-rename-first","alias",TRUE
"B-mixed-base-part_fixed-rename-none-t1","followup-part_fixed-rename-first","expansion",TRUE
"B-mixed-base-part_fixed-rename-none-t1","followup-part_fixed-rename-first","expansion_compute",TRUE
"B-mixed-base-part_fixed-rename-none-t1","followup-part_fixed-rename-last","summary",TRUE
"B-mixed-base-part_fixed-rename-none-t1","followup-part_fixed-rename-last","summary_compute",TRUE
"B-mixed-base-part_fixed-rename-none-t1","followup-part_fixed-rename-last","alias",TRUE
"B-mixed-base-part_fixed-rename-none-t1","followup-part_fixed-rename-last","expansion",TRUE
"B-mixed-base-part_fixed-rename-none-t1","followup-part_fixed-rename-last","expansion_compute",TRUE
"B-mixed-base-part_fixed-rename-none-t1","followup-part_fixed-rename-none","summary",TRUE
"B-mixed-base-part_fixed-rename-none-t1","followup-part_fixed-rename-none","summary_compute",TRUE
"B-mixed-base-part_fixed-rename-none-t1","followup-part_fixed-rename-none","alias",TRUE
"B-mixed-base-part_fixed-rename-none-t1","followup-part_fixed-rename-none","expansion",TRUE
"B-mixed-base-part_fixed-rename-none-t1","followup-part_fixed-rename-none","expansion_compute",TRUE
"B-mixed-factor-rollup-none-none-t1","D-mixed-factor-rollup-none-none-t1","summary",TRUE
"B-mixed-factor-rollup-none-none-t1","D-mixed-factor-rollup-none-none-t1","summary_compute",TRUE
"B-mixed-factor-rollup-none-none-t1","D-mixed-factor-rollup-none-none-t1","alias",TRUE
"B-mixed-factor-rollup-none-none-t1","D-mixed-factor-rollup-none-none-t1","expansion",TRUE
"B-mixed-factor-rollup-none-none-t1","D-mixed-factor-rollup-none-none-t1","expansion_compute",TRUE
"B-mixed-factor-rollup-none-none-t1","E-mixed-factor-rollup-none-none-t1","summary",TRUE
"B-mixed-factor-rollup-none-none-t1","E-mixed-factor-rollup-none-none-t1","summary_compute",TRUE
"B-mixed-factor-rollup-none-none-t1","E-mixed-factor-rollup-none-none-t1","alias",TRUE
"B-mixed-factor-rollup-none-none-t1","E-mixed-factor-rollup-none-none-t1","expansion",TRUE
"B-mixed-factor-rollup-none-none-t1","E-mixed-factor-rollup-none-none-t1","expansion_compute",TRUE
"B-mixed-factor-rollup-none-none-t1","extra-dictionary-TRUE","summary",TRUE
"B-mixed-factor-rollup-none-none-t1","extra-dictionary-TRUE","summary_compute",TRUE
"B-mixed-factor-rollup-none-none-t1","extra-dictionary-TRUE","alias",TRUE
"B-mixed-factor-rollup-none-none-t1","extra-dictionary-TRUE","expansion",TRUE
"B-mixed-factor-rollup-none-none-t1","extra-dictionary-TRUE","expansion_compute",TRUE
"B-mixed-int64-rollup-none-none-t1","D-mixed-int64-rollup-none-none-t1","summary",TRUE
"B-mixed-int64-rollup-none-none-t1","D-mixed-int64-rollup-none-none-t1","summary_compute",TRUE
"B-mixed-int64-rollup-none-none-t1","D-mixed-int64-rollup-none-none-t1","alias",TRUE
"B-mixed-int64-rollup-none-none-t1","D-mixed-int64-rollup-none-none-t1","expansion",TRUE
"B-mixed-int64-rollup-none-none-t1","D-mixed-int64-rollup-none-none-t1","expansion_compute",TRUE
"B-mixed-int64-rollup-none-none-t1","E-mixed-int64-rollup-none-none-t1","summary",TRUE
"B-mixed-int64-rollup-none-none-t1","E-mixed-int64-rollup-none-none-t1","summary_compute",TRUE
"B-mixed-int64-rollup-none-none-t1","E-mixed-int64-rollup-none-none-t1","alias",TRUE
"B-mixed-int64-rollup-none-none-t1","E-mixed-int64-rollup-none-none-t1","expansion",TRUE
"B-mixed-int64-rollup-none-none-t1","E-mixed-int64-rollup-none-none-t1","expansion_compute",TRUE
"B-mixed-keys_missing-rollup-none-none-t1","D-mixed-keys_missing-rollup-none-none-t1","summary",TRUE
"B-mixed-keys_missing-rollup-none-none-t1","D-mixed-keys_missing-rollup-none-none-t1","summary_compute",TRUE
"B-mixed-keys_missing-rollup-none-none-t1","D-mixed-keys_missing-rollup-none-none-t1","alias",TRUE
"B-mixed-keys_missing-rollup-none-none-t1","D-mixed-keys_missing-rollup-none-none-t1","expansion",TRUE
"B-mixed-keys_missing-rollup-none-none-t1","D-mixed-keys_missing-rollup-none-none-t1","expansion_compute",TRUE
"B-mixed-keys_missing-rollup-none-none-t1","E-mixed-keys_missing-rollup-none-none-t1","summary",TRUE
"B-mixed-keys_missing-rollup-none-none-t1","E-mixed-keys_missing-rollup-none-none-t1","summary_compute",TRUE
"B-mixed-keys_missing-rollup-none-none-t1","E-mixed-keys_missing-rollup-none-none-t1","alias",TRUE
"B-mixed-keys_missing-rollup-none-none-t1","E-mixed-keys_missing-rollup-none-none-t1","expansion",TRUE
"B-mixed-keys_missing-rollup-none-none-t1","E-mixed-keys_missing-rollup-none-none-t1","expansion_compute",TRUE
"B-mixed-timestamp-rollup-none-none-t1","D-mixed-timestamp-rollup-none-none-t1","summary",TRUE
"B-mixed-timestamp-rollup-none-none-t1","D-mixed-timestamp-rollup-none-none-t1","summary_compute",TRUE
"B-mixed-timestamp-rollup-none-none-t1","D-mixed-timestamp-rollup-none-none-t1","alias",TRUE
"B-mixed-timestamp-rollup-none-none-t1","D-mixed-timestamp-rollup-none-none-t1","expansion",TRUE
"B-mixed-timestamp-rollup-none-none-t1","D-mixed-timestamp-rollup-none-none-t1","expansion_compute",TRUE
"B-mixed-timestamp-rollup-none-none-t1","E-mixed-timestamp-rollup-none-none-t1","summary",TRUE
"B-mixed-timestamp-rollup-none-none-t1","E-mixed-timestamp-rollup-none-none-t1","summary_compute",TRUE
"B-mixed-timestamp-rollup-none-none-t1","E-mixed-timestamp-rollup-none-none-t1","alias",TRUE
"B-mixed-timestamp-rollup-none-none-t1","E-mixed-timestamp-rollup-none-none-t1","expansion",TRUE
"B-mixed-timestamp-rollup-none-none-t1","E-mixed-timestamp-rollup-none-none-t1","expansion_compute",TRUE
"followup-part_dim-zero-first","followup-part_dim-zero-last","summary",TRUE
"followup-part_dim-zero-first","followup-part_dim-zero-last","summary_compute",TRUE
"followup-part_dim-zero-first","followup-part_dim-zero-last","alias",TRUE
"followup-part_dim-zero-first","followup-part_dim-zero-last","expansion",TRUE
"followup-part_dim-zero-first","followup-part_dim-zero-last","expansion_compute",TRUE
"followup-part_dim-zero-first","followup-part_dim-zero-none","summary",TRUE
"followup-part_dim-zero-first","followup-part_dim-zero-none","summary_compute",TRUE
"followup-part_dim-zero-first","followup-part_dim-zero-none","alias",TRUE
"followup-part_dim-zero-first","followup-part_dim-zero-none","expansion",TRUE
"followup-part_dim-zero-first","followup-part_dim-zero-none","expansion_compute",TRUE
"followup-part_fixed-zero-first","followup-part_fixed-zero-last","summary",TRUE
"followup-part_fixed-zero-first","followup-part_fixed-zero-last","summary_compute",TRUE
"followup-part_fixed-zero-first","followup-part_fixed-zero-last","alias",TRUE
"followup-part_fixed-zero-first","followup-part_fixed-zero-last","expansion",TRUE
"followup-part_fixed-zero-first","followup-part_fixed-zero-last","expansion_compute",TRUE
"followup-part_fixed-zero-first","followup-part_fixed-zero-none","summary",TRUE
"followup-part_fixed-zero-first","followup-part_fixed-zero-none","summary_compute",TRUE
"followup-part_fixed-zero-first","followup-part_fixed-zero-none","alias",TRUE
"followup-part_fixed-zero-first","followup-part_fixed-zero-none","expansion",TRUE
"followup-part_fixed-zero-first","followup-part_fixed-zero-none","expansion_compute",TRUE
"typed-empty-B-int64-grand","typed-empty-D-int64-grand","summary",TRUE
"typed-empty-B-int64-grand","typed-empty-D-int64-grand","summary_compute",TRUE
"typed-empty-B-int64-grand","typed-empty-D-int64-grand","alias",TRUE
"typed-empty-B-int64-grand","typed-empty-D-int64-grand","expansion",TRUE
"typed-empty-B-int64-grand","typed-empty-D-int64-grand","expansion_compute",TRUE
"typed-empty-B-int64-grand","typed-empty-E-int64-grand","summary",TRUE
"typed-empty-B-int64-grand","typed-empty-E-int64-grand","summary_compute",TRUE
"typed-empty-B-int64-grand","typed-empty-E-int64-grand","alias",TRUE
"typed-empty-B-int64-grand","typed-empty-E-int64-grand","expansion",TRUE
"typed-empty-B-int64-grand","typed-empty-E-int64-grand","expansion_compute",TRUE
"typed-empty-B-int64-rollup","typed-empty-D-int64-rollup","summary",TRUE
"typed-empty-B-int64-rollup","typed-empty-D-int64-rollup","summary_compute",TRUE
"typed-empty-B-int64-rollup","typed-empty-D-int64-rollup","alias",TRUE
"typed-empty-B-int64-rollup","typed-empty-D-int64-rollup","expansion",TRUE
"typed-empty-B-int64-rollup","typed-empty-D-int64-rollup","expansion_compute",TRUE
"typed-empty-B-int64-rollup","typed-empty-E-int64-rollup","summary",TRUE
"typed-empty-B-int64-rollup","typed-empty-E-int64-rollup","summary_compute",TRUE
"typed-empty-B-int64-rollup","typed-empty-E-int64-rollup","alias",TRUE
"typed-empty-B-int64-rollup","typed-empty-E-int64-rollup","expansion",TRUE
"typed-empty-B-int64-rollup","typed-empty-E-int64-rollup","expansion_compute",TRUE
"typed-empty-B-timestamp-grand","typed-empty-D-timestamp-grand","summary",TRUE
"typed-empty-B-timestamp-grand","typed-empty-D-timestamp-grand","summary_compute",TRUE
"typed-empty-B-timestamp-grand","typed-empty-D-timestamp-grand","alias",TRUE
"typed-empty-B-timestamp-grand","typed-empty-D-timestamp-grand","expansion",TRUE
"typed-empty-B-timestamp-grand","typed-empty-D-timestamp-grand","expansion_compute",TRUE
"typed-empty-B-timestamp-grand","typed-empty-E-timestamp-grand","summary",TRUE
"typed-empty-B-timestamp-grand","typed-empty-E-timestamp-grand","summary_compute",TRUE
"typed-empty-B-timestamp-grand","typed-empty-E-timestamp-grand","alias",TRUE
"typed-empty-B-timestamp-grand","typed-empty-E-timestamp-grand","expansion",TRUE
"typed-empty-B-timestamp-grand","typed-empty-E-timestamp-grand","expansion_compute",TRUE
"typed-empty-B-timestamp-rollup","typed-empty-D-timestamp-rollup","summary",TRUE
"typed-empty-B-timestamp-rollup","typed-empty-D-timestamp-rollup","summary_compute",TRUE
"typed-empty-B-timestamp-rollup","typed-empty-D-timestamp-rollup","alias",TRUE
"typed-empty-B-timestamp-rollup","typed-empty-D-timestamp-rollup","expansion",TRUE
"typed-empty-B-timestamp-rollup","typed-empty-D-timestamp-rollup","expansion_compute",TRUE
"typed-empty-B-timestamp-rollup","typed-empty-E-timestamp-rollup","summary",TRUE
"typed-empty-B-timestamp-rollup","typed-empty-E-timestamp-rollup","summary_compute",TRUE
"typed-empty-B-timestamp-rollup","typed-empty-E-timestamp-rollup","alias",TRUE
"typed-empty-B-timestamp-rollup","typed-empty-E-timestamp-rollup","expansion",TRUE
"typed-empty-B-timestamp-rollup","typed-empty-E-timestamp-rollup","expansion_compute",TRUE
