"id","files","row_groups","empty_files","column_chunks","schema","scan_batch_rows"
"A-mixed-base-composite-none-none-t1",0,NA,0,"1:12;1:12;1:12;1:12;1:12;1:12;1:12","row_id: int32
k: string
p: int32
g: string
h: string
v: int32
w: int32

See $metadata for additional Schema metadata",""
"A-mixed-base-cube-none-none-t1",0,NA,0,"1:12;1:12;1:12;1:12;1:12;1:12;1:12","row_id: int32
k: string
p: int32
g: string
h: string
v: int32
w: int32

See $metadata for additional Schema metadata",""
"A-mixed-base-duplicate-none-none-t1",0,NA,0,"1:12;1:12;1:12;1:12;1:12;1:12;1:12","row_id: int32
k: string
p: int32
g: string
h: string
v: int32
w: int32

See $metadata for additional Schema metadata",""
"A-mixed-base-grand-zero-none-t1",0,NA,0,"1:12;1:12;1:12;1:12;1:12;1:12;1:12","row_id: int32
k: string
p: int32
g: string
h: string
v: int32
w: int32

See $metadata for additional Schema metadata",""
"A-mixed-base-one-none-none-t1",0,NA,0,"1:12;1:12;1:12;1:12;1:12;1:12;1:12","row_id: int32
k: string
p: int32
g: string
h: string
v: int32
w: int32

See $metadata for additional Schema metadata",""
"A-mixed-base-part_dim-none-none-t1",0,NA,0,"1:12;1:12;1:12;1:12;1:12;1:12;1:12","row_id: int32
k: string
p: int32
g: string
h: string
v: int32
w: int32

See $metadata for additional Schema metadata",""
"A-mixed-base-part_dim-part-none-t1",0,NA,0,"1:12;1:12;1:12;1:12;1:12;1:12;1:12","row_id: int32
k: string
p: int32
g: string
h: string
v: int32
w: int32

See $metadata for additional Schema metadata",""
"A-mixed-base-part_dim-rename-none-t1",0,NA,0,"1:12;1:12;1:12;1:12;1:12;1:12;1:12","row_id: int32
k: string
p: int32
g: string
h: string
v: int32
w: int32

See $metadata for additional Schema metadata",""
"A-mixed-base-part_fixed-none-none-t1",0,NA,0,"1:12;1:12;1:12;1:12;1:12;1:12;1:12","row_id: int32
k: string
p: int32
g: string
h: string
v: int32
w: int32

See $metadata for additional Schema metadata",""
"A-mixed-base-part_fixed-part-none-t1",0,NA,0,"1:12;1:12;1:12;1:12;1:12;1:12;1:12","row_id: int32
k: string
p: int32
g: string
h: string
v: int32
w: int32

See $metadata for additional Schema metadata",""
"A-mixed-base-part_fixed-rename-none-t1",0,NA,0,"1:12;1:12;1:12;1:12;1:12;1:12;1:12","row_id: int32
k: string
p: int32
g: string
h: string
v: int32
w: int32

See $metadata for additional Schema metadata",""
"A-mixed-base-rollup-none-none-t1",0,NA,0,"1:12;1:12;1:12;1:12;1:12;1:12;1:12","row_id: int32
k: string
p: int32
g: string
h: string
v: int32
w: int32

See $metadata for additional Schema metadata",""
"A-mixed-base-rollup-part-none-t1",0,NA,0,"1:12;1:12;1:12;1:12;1:12;1:12;1:12","row_id: int32
k: string
p: int32
g: string
h: string
v: int32
w: int32

See $metadata for additional Schema metadata",""
"A-mixed-base-rollup-zero-none-t1",0,NA,0,"1:12;1:12;1:12;1:12;1:12;1:12;1:12","row_id: int32
k: string
p: int32
g: string
h: string
v: int32
w: int32

See $metadata for additional Schema metadata",""
"A-two-base-rollup-none-none-t1",0,NA,0,"1:12;1:12;1:12;1:12;1:12;1:12;1:12","row_id: int32
k: string
p: int32
g: string
h: string
v: int32
w: int32

See $metadata for additional Schema metadata",""
"B_shift-mixed-base-composite-none-none-t1",0,NA,0,"3:2/5/5;3:5/4/3;3:2/5/5;3:5/4/3;3:2/5/5;3:5/4/3;3:2/5/5","row_id: int32
k: string
p: int32
g: string
h: string
v: int32
w: int32",""
"B_shift-mixed-base-cube-none-none-t1",0,NA,0,"3:2/5/5;3:5/4/3;3:2/5/5;3:5/4/3;3:2/5/5;3:5/4/3;3:2/5/5","row_id: int32
k: string
p: int32
g: string
h: string
v: int32
w: int32",""
"B_shift-mixed-base-duplicate-none-none-t1",0,NA,0,"3:2/5/5;3:5/4/3;3:2/5/5;3:5/4/3;3:2/5/5;3:5/4/3;3:2/5/5","row_id: int32
k: string
p: int32
g: string
h: string
v: int32
w: int32",""
"B_shift-mixed-base-grand-zero-none-t1",0,NA,0,"3:2/5/5;3:5/4/3;3:2/5/5;3:5/4/3;3:2/5/5;3:5/4/3;3:2/5/5","row_id: int32
k: string
p: int32
g: string
h: string
v: int32
w: int32",""
"B_shift-mixed-base-one-none-none-t1",0,NA,0,"3:2/5/5;3:5/4/3;3:2/5/5;3:5/4/3;3:2/5/5;3:5/4/3;3:2/5/5","row_id: int32
k: string
p: int32
g: string
h: string
v: int32
w: int32",""
"B_shift-mixed-base-rollup-none-none-t1",0,NA,0,"3:2/5/5;3:5/4/3;3:2/5/5;3:5/4/3;3:2/5/5;3:5/4/3;3:2/5/5","row_id: int32
k: string
p: int32
g: string
h: string
v: int32
w: int32",""
"B_shift-mixed-base-rollup-part-none-t1",0,NA,0,"3:2/5/5;3:5/4/3;3:2/5/5;3:5/4/3;3:2/5/5;3:5/4/3;3:2/5/5","row_id: int32
k: string
p: int32
g: string
h: string
v: int32
w: int32",""
"B_shift-mixed-base-rollup-zero-none-t1",0,NA,0,"3:2/5/5;3:5/4/3;3:2/5/5;3:5/4/3;3:2/5/5;3:5/4/3;3:2/5/5","row_id: int32
k: string
p: int32
g: string
h: string
v: int32
w: int32",""
"B_shift-two-base-rollup-none-none-t1",0,NA,0,"3:2/5/5;3:5/4/3;3:2/5/5;3:5/4/3;3:2/5/5;3:5/4/3;3:2/5/5","row_id: int32
k: string
p: int32
g: string
h: string
v: int32
w: int32",""
"B-aligned-base-rollup-none-none-t1",0,NA,0,"5:4/2/2/2/2;5:4/2/2/2/2;5:4/2/2/2/2;5:4/2/2/2/2;5:4/2/2/2/2;5:4/2/2/2/2;5:4/2/2/2/2","row_id: int32
k: string
p: int32
g: string
h: string
v: int32
w: int32",""
"B-allmissing-missing-rollup-none-none-t1",0,NA,0,"3:8/2/2;3:8/2/2;3:8/2/2;3:8/2/2;3:8/2/2;3:8/2/2;3:8/2/2","row_id: int32
k: string
p: int32
g: string
h: string
v: int32
w: int32",""
"B-crossing-base-rollup-none-none-t1",0,NA,0,"3:4/4/4;3:4/4/4;3:4/4/4;3:4/4/4;3:4/4/4;3:4/4/4;3:4/4/4","row_id: int32
k: string
p: int32
g: string
h: string
v: int32
w: int32",""
"B-empty_first-base-rollup-none-none-t1",0,NA,0,"4:0/4/4/4;4:0/4/4/4;4:0/4/4/4;4:0/4/4/4;4:0/4/4/4;4:0/4/4/4;4:0/4/4/4","row_id: int32
k: string
p: int32
g: string
h: string
v: int32
w: int32",""
"B-empty_last-base-rollup-none-none-t1",0,NA,0,"4:4/4/4/0;4:4/4/4/0;4:4/4/4/0;4:4/4/4/0;4:4/4/4/0;4:4/4/4/0;4:4/4/4/0","row_id: int32
k: string
p: int32
g: string
h: string
v: int32
w: int32",""
"B-empty_middle-base-rollup-none-none-t1",0,NA,0,"4:4/0/4/4;4:4/0/4/4;4:4/0/4/4;4:4/0/4/4;4:4/0/4/4;4:4/0/4/4;4:4/0/4/4","row_id: int32
k: string
p: int32
g: string
h: string
v: int32
w: int32",""
"B-mixed-base-composite-none-none-t1",0,NA,0,"3:4/4/4;3:4/4/4;3:4/4/4;3:4/4/4;3:4/4/4;3:4/4/4;3:4/4/4","row_id: int32
k: string
p: int32
g: string
h: string
v: int32
w: int32",""
"B-mixed-base-composite-none-none-t2",0,NA,0,"3:4/4/4;3:4/4/4;3:4/4/4;3:4/4/4;3:4/4/4;3:4/4/4;3:4/4/4","row_id: int32
k: string
p: int32
g: string
h: string
v: int32
w: int32",""
"B-mixed-base-cube-none-none-t1",0,NA,0,"3:4/4/4;3:4/4/4;3:4/4/4;3:4/4/4;3:4/4/4;3:4/4/4;3:4/4/4","row_id: int32
k: string
p: int32
g: string
h: string
v: int32
w: int32",""
"B-mixed-base-cube-none-none-t2",0,NA,0,"3:4/4/4;3:4/4/4;3:4/4/4;3:4/4/4;3:4/4/4;3:4/4/4;3:4/4/4","row_id: int32
k: string
p: int32
g: string
h: string
v: int32
w: int32",""
"B-mixed-base-duplicate-none-first-t1",0,NA,0,"3:4/4/4;3:4/4/4;3:4/4/4;3:4/4/4;3:4/4/4;3:4/4/4;3:4/4/4","row_id: int32
k: string
p: int32
g: string
h: string
v: int32
w: int32",""
"B-mixed-base-duplicate-none-last-t1",0,NA,0,"3:4/4/4;3:4/4/4;3:4/4/4;3:4/4/4;3:4/4/4;3:4/4/4;3:4/4/4","row_id: int32
k: string
p: int32
g: string
h: string
v: int32
w: int32",""
"B-mixed-base-duplicate-none-none-t1",0,NA,0,"3:4/4/4;3:4/4/4;3:4/4/4;3:4/4/4;3:4/4/4;3:4/4/4;3:4/4/4","row_id: int32
k: string
p: int32
g: string
h: string
v: int32
w: int32",""
"B-mixed-base-duplicate-none-none-t2",0,NA,0,"3:4/4/4;3:4/4/4;3:4/4/4;3:4/4/4;3:4/4/4;3:4/4/4;3:4/4/4","row_id: int32
k: string
p: int32
g: string
h: string
v: int32
w: int32",""
"B-mixed-base-grand-zero-none-t1",0,NA,0,"3:4/4/4;3:4/4/4;3:4/4/4;3:4/4/4;3:4/4/4;3:4/4/4;3:4/4/4","row_id: int32
k: string
p: int32
g: string
h: string
v: int32
w: int32",""
"B-mixed-base-one-none-none-t1",0,NA,0,"3:4/4/4;3:4/4/4;3:4/4/4;3:4/4/4;3:4/4/4;3:4/4/4;3:4/4/4","row_id: int32
k: string
p: int32
g: string
h: string
v: int32
w: int32",""
"B-mixed-base-one-none-none-t2",0,NA,0,"3:4/4/4;3:4/4/4;3:4/4/4;3:4/4/4;3:4/4/4;3:4/4/4;3:4/4/4","row_id: int32
k: string
p: int32
g: string
h: string
v: int32
w: int32",""
"B-mixed-base-part_dim-none-none-t1",0,NA,0,"3:4/4/4;3:4/4/4;3:4/4/4;3:4/4/4;3:4/4/4;3:4/4/4;3:4/4/4","row_id: int32
k: string
p: int32
g: string
h: string
v: int32
w: int32",""
"B-mixed-base-part_dim-part-none-t1",0,NA,0,"3:4/4/4;3:4/4/4;3:4/4/4;3:4/4/4;3:4/4/4;3:4/4/4;3:4/4/4","row_id: int32
k: string
p: int32
g: string
h: string
v: int32
w: int32",""
"B-mixed-base-part_dim-rename-none-t1",0,NA,0,"3:4/4/4;3:4/4/4;3:4/4/4;3:4/4/4;3:4/4/4;3:4/4/4;3:4/4/4","row_id: int32
k: string
p: int32
g: string
h: string
v: int32
w: int32",""
"B-mixed-base-part_fixed-none-none-t1",0,NA,0,"3:4/4/4;3:4/4/4;3:4/4/4;3:4/4/4;3:4/4/4;3:4/4/4;3:4/4/4","row_id: int32
k: string
p: int32
g: string
h: string
v: int32
w: int32",""
"B-mixed-base-part_fixed-part-none-t1",0,NA,0,"3:4/4/4;3:4/4/4;3:4/4/4;3:4/4/4;3:4/4/4;3:4/4/4;3:4/4/4","row_id: int32
k: string
p: int32
g: string
h: string
v: int32
w: int32",""
"B-mixed-base-part_fixed-rename-none-t1",0,NA,0,"3:4/4/4;3:4/4/4;3:4/4/4;3:4/4/4;3:4/4/4;3:4/4/4;3:4/4/4","row_id: int32
k: string
p: int32
g: string
h: string
v: int32
w: int32",""
"B-mixed-base-rollup-none-first-t1",0,NA,0,"3:4/4/4;3:4/4/4;3:4/4/4;3:4/4/4;3:4/4/4;3:4/4/4;3:4/4/4","row_id: int32
k: string
p: int32
g: string
h: string
v: int32
w: int32",""
"B-mixed-base-rollup-none-last-t1",0,NA,0,"3:4/4/4;3:4/4/4;3:4/4/4;3:4/4/4;3:4/4/4;3:4/4/4;3:4/4/4","row_id: int32
k: string
p: int32
g: string
h: string
v: int32
w: int32",""
"B-mixed-base-rollup-none-none-t1",0,NA,0,"3:4/4/4;3:4/4/4;3:4/4/4;3:4/4/4;3:4/4/4;3:4/4/4;3:4/4/4","row_id: int32
k: string
p: int32
g: string
h: string
v: int32
w: int32",""
"B-mixed-base-rollup-none-none-t2",0,NA,0,"3:4/4/4;3:4/4/4;3:4/4/4;3:4/4/4;3:4/4/4;3:4/4/4;3:4/4/4","row_id: int32
k: string
p: int32
g: string
h: string
v: int32
w: int32",""
"B-mixed-base-rollup-part-none-t1",0,NA,0,"3:4/4/4;3:4/4/4;3:4/4/4;3:4/4/4;3:4/4/4;3:4/4/4;3:4/4/4","row_id: int32
k: string
p: int32
g: string
h: string
v: int32
w: int32",""
"B-mixed-base-rollup-select-none-t1",0,NA,0,"3:4/4/4;3:4/4/4;3:4/4/4;3:4/4/4;3:4/4/4;3:4/4/4;3:4/4/4","row_id: int32
k: string
p: int32
g: string
h: string
v: int32
w: int32",""
"B-mixed-base-rollup-zero-none-t1",0,NA,0,"3:4/4/4;3:4/4/4;3:4/4/4;3:4/4/4;3:4/4/4;3:4/4/4;3:4/4/4","row_id: int32
k: string
p: int32
g: string
h: string
v: int32
w: int32",""
"B-mixed-factor-rollup-none-none-t1",0,NA,0,"3:4/4/4;3:4/4/4;3:4/4/4;3:4/4/4;3:4/4/4;3:4/4/4;3:4/4/4","row_id: int32
k: string
p: int32
g: dictionary<values=string, indices=int8, ordered>
h: string
v: int32
w: int32",""
"B-mixed-int64-rollup-none-none-t1",0,NA,0,"3:4/4/4;3:4/4/4;3:4/4/4;3:4/4/4;3:4/4/4;3:4/4/4;3:4/4/4","row_id: int32
k: string
p: int32
g: int64
h: string
v: int32
w: int32",""
"B-mixed-keys_missing-rollup-none-none-t1",0,NA,0,"3:4/4/4;3:4/4/4;3:4/4/4;3:4/4/4;3:4/4/4;3:4/4/4;3:4/4/4","row_id: int32
k: string
p: int32
g: string
h: string
v: int32
w: int32",""
"B-mixed-missing-rollup-none-none-t1",0,NA,0,"3:4/4/4;3:4/4/4;3:4/4/4;3:4/4/4;3:4/4/4;3:4/4/4;3:4/4/4","row_id: int32
k: string
p: int32
g: string
h: string
v: int32
w: int32",""
"B-mixed-timestamp-rollup-none-none-t1",0,NA,0,"3:4/4/4;3:4/4/4;3:4/4/4;3:4/4/4;3:4/4/4;3:4/4/4;3:4/4/4","row_id: int32
k: string
p: int32
g: timestamp[ms, tz=UTC]
h: string
v: int32
w: int32",""
"B-two-base-rollup-none-none-t1",0,NA,0,"2:6/6;2:6/6;2:6/6;2:6/6;2:6/6;2:6/6;2:6/6","row_id: int32
k: string
p: int32
g: string
h: string
v: int32
w: int32",""
"C_rg-mixed-base-composite-none-none-t1",1,6,0,"6:2/2/2/2/2/2;6:2/2/2/2/2/2;6:2/2/2/2/2/2;6:2/2/2/2/2/2;6:2/2/2/2/2/2;6:2/2/2/2/2/2;6:2/2/2/2/2/2","row_id: int32
k: string
p: int32
g: string
h: string
v: int32
w: int32","2/2/2/2/2/2"
"C_rg-mixed-base-cube-none-none-t1",1,6,0,"6:2/2/2/2/2/2;6:2/2/2/2/2/2;6:2/2/2/2/2/2;6:2/2/2/2/2/2;6:2/2/2/2/2/2;6:2/2/2/2/2/2;6:2/2/2/2/2/2","row_id: int32
k: string
p: int32
g: string
h: string
v: int32
w: int32","2/2/2/2/2/2"
"C_rg-mixed-base-duplicate-none-none-t1",1,6,0,"6:2/2/2/2/2/2;6:2/2/2/2/2/2;6:2/2/2/2/2/2;6:2/2/2/2/2/2;6:2/2/2/2/2/2;6:2/2/2/2/2/2;6:2/2/2/2/2/2","row_id: int32
k: string
p: int32
g: string
h: string
v: int32
w: int32","2/2/2/2/2/2"
"C_rg-mixed-base-grand-zero-none-t1",1,6,0,"6:2/2/2/2/2/2;6:2/2/2/2/2/2;6:2/2/2/2/2/2;6:2/2/2/2/2/2;6:2/2/2/2/2/2;6:2/2/2/2/2/2;6:2/2/2/2/2/2","row_id: int32
k: string
p: int32
g: string
h: string
v: int32
w: int32","2/2/2/2/2/2"
"C_rg-mixed-base-one-none-none-t1",1,6,0,"6:2/2/2/2/2/2;6:2/2/2/2/2/2;6:2/2/2/2/2/2;6:2/2/2/2/2/2;6:2/2/2/2/2/2;6:2/2/2/2/2/2;6:2/2/2/2/2/2","row_id: int32
k: string
p: int32
g: string
h: string
v: int32
w: int32","2/2/2/2/2/2"
"C_rg-mixed-base-rollup-none-none-t1",1,6,0,"6:2/2/2/2/2/2;6:2/2/2/2/2/2;6:2/2/2/2/2/2;6:2/2/2/2/2/2;6:2/2/2/2/2/2;6:2/2/2/2/2/2;6:2/2/2/2/2/2","row_id: int32
k: string
p: int32
g: string
h: string
v: int32
w: int32","2/2/2/2/2/2"
"C_rg-mixed-base-rollup-part-none-t1",1,6,0,"6:2/2/2/2/2/2;6:2/2/2/2/2/2;6:2/2/2/2/2/2;6:2/2/2/2/2/2;6:2/2/2/2/2/2;6:2/2/2/2/2/2;6:2/2/2/2/2/2","row_id: int32
k: string
p: int32
g: string
h: string
v: int32
w: int32","2/2/2/2/2/2"
"C_rg-mixed-base-rollup-zero-none-t1",1,6,0,"6:2/2/2/2/2/2;6:2/2/2/2/2/2;6:2/2/2/2/2/2;6:2/2/2/2/2/2;6:2/2/2/2/2/2;6:2/2/2/2/2/2;6:2/2/2/2/2/2","row_id: int32
k: string
p: int32
g: string
h: string
v: int32
w: int32","2/2/2/2/2/2"
"C_rg-two-base-rollup-none-none-t1",1,6,0,"6:2/2/2/2/2/2;6:2/2/2/2/2/2;6:2/2/2/2/2/2;6:2/2/2/2/2/2;6:2/2/2/2/2/2;6:2/2/2/2/2/2;6:2/2/2/2/2/2","row_id: int32
k: string
p: int32
g: string
h: string
v: int32
w: int32","2/2/2/2/2/2"
"C-mixed-base-composite-none-none-t1",1,1,0,"1:12;1:12;1:12;1:12;1:12;1:12;1:12","row_id: int32
k: string
p: int32
g: string
h: string
v: int32
w: int32","2/2/2/2/2/2"
"C-mixed-base-cube-none-none-t1",1,1,0,"1:12;1:12;1:12;1:12;1:12;1:12;1:12","row_id: int32
k: string
p: int32
g: string
h: string
v: int32
w: int32","2/2/2/2/2/2"
"C-mixed-base-duplicate-none-none-t1",1,1,0,"1:12;1:12;1:12;1:12;1:12;1:12;1:12","row_id: int32
k: string
p: int32
g: string
h: string
v: int32
w: int32","2/2/2/2/2/2"
"C-mixed-base-grand-zero-none-t1",1,1,0,"1:12;1:12;1:12;1:12;1:12;1:12;1:12","row_id: int32
k: string
p: int32
g: string
h: string
v: int32
w: int32","2/2/2/2/2/2"
"C-mixed-base-one-none-none-t1",1,1,0,"1:12;1:12;1:12;1:12;1:12;1:12;1:12","row_id: int32
k: string
p: int32
g: string
h: string
v: int32
w: int32","2/2/2/2/2/2"
"C-mixed-base-rollup-none-none-t1",1,1,0,"1:12;1:12;1:12;1:12;1:12;1:12;1:12","row_id: int32
k: string
p: int32
g: string
h: string
v: int32
w: int32","2/2/2/2/2/2"
"C-mixed-base-rollup-part-none-t1",1,1,0,"1:12;1:12;1:12;1:12;1:12;1:12;1:12","row_id: int32
k: string
p: int32
g: string
h: string
v: int32
w: int32","2/2/2/2/2/2"
"C-mixed-base-rollup-zero-none-t1",1,1,0,"1:12;1:12;1:12;1:12;1:12;1:12;1:12","row_id: int32
k: string
p: int32
g: string
h: string
v: int32
w: int32","2/2/2/2/2/2"
"C-two-base-rollup-none-none-t1",1,1,0,"1:12;1:12;1:12;1:12;1:12;1:12;1:12","row_id: int32
k: string
p: int32
g: string
h: string
v: int32
w: int32","2/2/2/2/2/2"
"D_rg-aligned-base-rollup-none-none-t1",5,6,0,"6:2/2/2/2/2/2;6:2/2/2/2/2/2;6:2/2/2/2/2/2;6:2/2/2/2/2/2;6:2/2/2/2/2/2;6:2/2/2/2/2/2;6:2/2/2/2/2/2","row_id: int32
k: string
p: int32
g: string
h: string
v: int32
w: int32","2/2/2/2/2/2"
"D_rg-allmissing-missing-rollup-none-none-t1",3,6,0,"6:2/2/2/2/2/2;6:2/2/2/2/2/2;6:2/2/2/2/2/2;6:2/2/2/2/2/2;6:2/2/2/2/2/2;6:2/2/2/2/2/2;6:2/2/2/2/2/2","row_id: int32
k: string
p: int32
g: string
h: string
v: int32
w: int32","2/2/2/2/2/2"
"D_rg-crossing-base-rollup-none-none-t1",3,6,0,"6:2/2/2/2/2/2;6:2/2/2/2/2/2;6:2/2/2/2/2/2;6:2/2/2/2/2/2;6:2/2/2/2/2/2;6:2/2/2/2/2/2;6:2/2/2/2/2/2","row_id: int32
k: string
p: int32
g: string
h: string
v: int32
w: int32","2/2/2/2/2/2"
"D_rg-empty_first-base-rollup-none-none-t1",4,7,1,"7:0/2/2/2/2/2/2;7:0/2/2/2/2/2/2;7:0/2/2/2/2/2/2;7:0/2/2/2/2/2/2;7:0/2/2/2/2/2/2;7:0/2/2/2/2/2/2;7:0/2/2/2/2/2/2","row_id: int32
k: string
p: int32
g: string
h: string
v: int32
w: int32","0/2/2/2/2/2/2"
"D_rg-empty_last-base-rollup-none-none-t1",4,7,1,"7:2/2/2/2/2/2/0;7:2/2/2/2/2/2/0;7:2/2/2/2/2/2/0;7:2/2/2/2/2/2/0;7:2/2/2/2/2/2/0;7:2/2/2/2/2/2/0;7:2/2/2/2/2/2/0","row_id: int32
k: string
p: int32
g: string
h: string
v: int32
w: int32","2/2/2/2/2/2/0"
"D_rg-empty_middle-base-rollup-none-none-t1",4,7,1,"7:2/2/0/2/2/2/2;7:2/2/0/2/2/2/2;7:2/2/0/2/2/2/2;7:2/2/0/2/2/2/2;7:2/2/0/2/2/2/2;7:2/2/0/2/2/2/2;7:2/2/0/2/2/2/2","row_id: int32
k: string
p: int32
g: string
h: string
v: int32
w: int32","2/2/0/2/2/2/2"
"D_rg-mixed-base-composite-none-none-t1",3,6,0,"6:2/2/2/2/2/2;6:2/2/2/2/2/2;6:2/2/2/2/2/2;6:2/2/2/2/2/2;6:2/2/2/2/2/2;6:2/2/2/2/2/2;6:2/2/2/2/2/2","row_id: int32
k: string
p: int32
g: string
h: string
v: int32
w: int32","2/2/2/2/2/2"
"D_rg-mixed-base-cube-none-none-t1",3,6,0,"6:2/2/2/2/2/2;6:2/2/2/2/2/2;6:2/2/2/2/2/2;6:2/2/2/2/2/2;6:2/2/2/2/2/2;6:2/2/2/2/2/2;6:2/2/2/2/2/2","row_id: int32
k: string
p: int32
g: string
h: string
v: int32
w: int32","2/2/2/2/2/2"
"D_rg-mixed-base-duplicate-none-none-t1",3,6,0,"6:2/2/2/2/2/2;6:2/2/2/2/2/2;6:2/2/2/2/2/2;6:2/2/2/2/2/2;6:2/2/2/2/2/2;6:2/2/2/2/2/2;6:2/2/2/2/2/2","row_id: int32
k: string
p: int32
g: string
h: string
v: int32
w: int32","2/2/2/2/2/2"
"D_rg-mixed-base-grand-zero-none-t1",3,6,0,"6:2/2/2/2/2/2;6:2/2/2/2/2/2;6:2/2/2/2/2/2;6:2/2/2/2/2/2;6:2/2/2/2/2/2;6:2/2/2/2/2/2;6:2/2/2/2/2/2","row_id: int32
k: string
p: int32
g: string
h: string
v: int32
w: int32","2/2/2/2/2/2"
"D_rg-mixed-base-one-none-none-t1",3,6,0,"6:2/2/2/2/2/2;6:2/2/2/2/2/2;6:2/2/2/2/2/2;6:2/2/2/2/2/2;6:2/2/2/2/2/2;6:2/2/2/2/2/2;6:2/2/2/2/2/2","row_id: int32
k: string
p: int32
g: string
h: string
v: int32
w: int32","2/2/2/2/2/2"
"D_rg-mixed-base-rollup-none-none-t1",3,6,0,"6:2/2/2/2/2/2;6:2/2/2/2/2/2;6:2/2/2/2/2/2;6:2/2/2/2/2/2;6:2/2/2/2/2/2;6:2/2/2/2/2/2;6:2/2/2/2/2/2","row_id: int32
k: string
p: int32
g: string
h: string
v: int32
w: int32","2/2/2/2/2/2"
"D_rg-mixed-base-rollup-part-none-t1",3,6,0,"6:2/2/2/2/2/2;6:2/2/2/2/2/2;6:2/2/2/2/2/2;6:2/2/2/2/2/2;6:2/2/2/2/2/2;6:2/2/2/2/2/2;6:2/2/2/2/2/2","row_id: int32
k: string
p: int32
g: string
h: string
v: int32
w: int32","2/2/2/2/2/2"
"D_rg-mixed-base-rollup-zero-none-t1",3,6,0,"6:2/2/2/2/2/2;6:2/2/2/2/2/2;6:2/2/2/2/2/2;6:2/2/2/2/2/2;6:2/2/2/2/2/2;6:2/2/2/2/2/2;6:2/2/2/2/2/2","row_id: int32
k: string
p: int32
g: string
h: string
v: int32
w: int32","2/2/2/2/2/2"
"D_rg-two-base-rollup-none-none-t1",2,6,0,"6:2/2/2/2/2/2;6:2/2/2/2/2/2;6:2/2/2/2/2/2;6:2/2/2/2/2/2;6:2/2/2/2/2/2;6:2/2/2/2/2/2;6:2/2/2/2/2/2","row_id: int32
k: string
p: int32
g: string
h: string
v: int32
w: int32","2/2/2/2/2/2"
"D-aligned-base-rollup-none-none-t1",5,5,0,"5:4/2/2/2/2;5:4/2/2/2/2;5:4/2/2/2/2;5:4/2/2/2/2;5:4/2/2/2/2;5:4/2/2/2/2;5:4/2/2/2/2","row_id: int32
k: string
p: int32
g: string
h: string
v: int32
w: int32","2/2/2/2/2/2"
"D-allmissing-missing-rollup-none-none-t1",3,3,0,"3:8/2/2;3:8/2/2;3:8/2/2;3:8/2/2;3:8/2/2;3:8/2/2;3:8/2/2","row_id: int32
k: string
p: int32
g: string
h: string
v: int32
w: int32","2/2/2/2/2/2"
"D-crossing-base-rollup-none-none-t1",3,3,0,"3:4/4/4;3:4/4/4;3:4/4/4;3:4/4/4;3:4/4/4;3:4/4/4;3:4/4/4","row_id: int32
k: string
p: int32
g: string
h: string
v: int32
w: int32","2/2/2/2/2/2"
"D-empty_first-base-rollup-none-none-t1",4,4,1,"4:0/4/4/4;4:0/4/4/4;4:0/4/4/4;4:0/4/4/4;4:0/4/4/4;4:0/4/4/4;4:0/4/4/4","row_id: int32
k: string
p: int32
g: string
h: string
v: int32
w: int32","0/2/2/2/2/2/2"
"D-empty_last-base-rollup-none-none-t1",4,4,1,"4:4/4/4/0;4:4/4/4/0;4:4/4/4/0;4:4/4/4/0;4:4/4/4/0;4:4/4/4/0;4:4/4/4/0","row_id: int32
k: string
p: int32
g: string
h: string
v: int32
w: int32","2/2/2/2/2/2/0"
"D-empty_middle-base-rollup-none-none-t1",4,4,1,"4:4/0/4/4;4:4/0/4/4;4:4/0/4/4;4:4/0/4/4;4:4/0/4/4;4:4/0/4/4;4:4/0/4/4","row_id: int32
k: string
p: int32
g: string
h: string
v: int32
w: int32","2/2/0/2/2/2/2"
"D-mixed-base-composite-none-none-t1",3,3,0,"3:4/4/4;3:4/4/4;3:4/4/4;3:4/4/4;3:4/4/4;3:4/4/4;3:4/4/4","row_id: int32
k: string
p: int32
g: string
h: string
v: int32
w: int32","2/2/2/2/2/2"
"D-mixed-base-composite-none-none-t2",3,3,0,"3:4/4/4;3:4/4/4;3:4/4/4;3:4/4/4;3:4/4/4;3:4/4/4;3:4/4/4","row_id: int32
k: string
p: int32
g: string
h: string
v: int32
w: int32","2/2/2/2/2/2"
"D-mixed-base-cube-none-none-t1",3,3,0,"3:4/4/4;3:4/4/4;3:4/4/4;3:4/4/4;3:4/4/4;3:4/4/4;3:4/4/4","row_id: int32
k: string
p: int32
g: string
h: string
v: int32
w: int32","2/2/2/2/2/2"
"D-mixed-base-cube-none-none-t2",3,3,0,"3:4/4/4;3:4/4/4;3:4/4/4;3:4/4/4;3:4/4/4;3:4/4/4;3:4/4/4","row_id: int32
k: string
p: int32
g: string
h: string
v: int32
w: int32","2/2/2/2/2/2"
"D-mixed-base-duplicate-none-first-t1",3,3,0,"3:4/4/4;3:4/4/4;3:4/4/4;3:4/4/4;3:4/4/4;3:4/4/4;3:4/4/4","row_id: int32
k: string
p: int32
g: string
h: string
v: int32
w: int32","2/2/2/2/2/2"
"D-mixed-base-duplicate-none-last-t1",3,3,0,"3:4/4/4;3:4/4/4;3:4/4/4;3:4/4/4;3:4/4/4;3:4/4/4;3:4/4/4","row_id: int32
k: string
p: int32
g: string
h: string
v: int32
w: int32","2/2/2/2/2/2"
"D-mixed-base-duplicate-none-none-t1",3,3,0,"3:4/4/4;3:4/4/4;3:4/4/4;3:4/4/4;3:4/4/4;3:4/4/4;3:4/4/4","row_id: int32
k: string
p: int32
g: string
h: string
v: int32
w: int32","2/2/2/2/2/2"
"D-mixed-base-duplicate-none-none-t2",3,3,0,"3:4/4/4;3:4/4/4;3:4/4/4;3:4/4/4;3:4/4/4;3:4/4/4;3:4/4/4","row_id: int32
k: string
p: int32
g: string
h: string
v: int32
w: int32","2/2/2/2/2/2"
"D-mixed-base-grand-zero-none-t1",3,3,0,"3:4/4/4;3:4/4/4;3:4/4/4;3:4/4/4;3:4/4/4;3:4/4/4;3:4/4/4","row_id: int32
k: string
p: int32
g: string
h: string
v: int32
w: int32","2/2/2/2/2/2"
"D-mixed-base-one-none-none-t1",3,3,0,"3:4/4/4;3:4/4/4;3:4/4/4;3:4/4/4;3:4/4/4;3:4/4/4;3:4/4/4","row_id: int32
k: string
p: int32
g: string
h: string
v: int32
w: int32","2/2/2/2/2/2"
"D-mixed-base-one-none-none-t2",3,3,0,"3:4/4/4;3:4/4/4;3:4/4/4;3:4/4/4;3:4/4/4;3:4/4/4;3:4/4/4","row_id: int32
k: string
p: int32
g: string
h: string
v: int32
w: int32","2/2/2/2/2/2"
"D-mixed-base-part_dim-none-none-t1",3,3,0,"3:4/4/4;3:4/4/4;3:4/4/4;3:4/4/4;3:4/4/4;3:4/4/4;3:4/4/4","row_id: int32
k: string
p: int32
g: string
h: string
v: int32
w: int32","2/2/2/2/2/2"
"D-mixed-base-part_dim-part-none-t1",3,3,0,"3:4/4/4;3:4/4/4;3:4/4/4;3:4/4/4;3:4/4/4;3:4/4/4;3:4/4/4","row_id: int32
k: string
p: int32
g: string
h: string
v: int32
w: int32","2/2/2/2/2/2"
"D-mixed-base-part_dim-rename-none-t1",3,3,0,"3:4/4/4;3:4/4/4;3:4/4/4;3:4/4/4;3:4/4/4;3:4/4/4;3:4/4/4","row_id: int32
k: string
p: int32
g: string
h: string
v: int32
w: int32","2/2/2/2/2/2"
"D-mixed-base-part_fixed-none-none-t1",3,3,0,"3:4/4/4;3:4/4/4;3:4/4/4;3:4/4/4;3:4/4/4;3:4/4/4;3:4/4/4","row_id: int32
k: string
p: int32
g: string
h: string
v: int32
w: int32","2/2/2/2/2/2"
"D-mixed-base-part_fixed-part-none-t1",3,3,0,"3:4/4/4;3:4/4/4;3:4/4/4;3:4/4/4;3:4/4/4;3:4/4/4;3:4/4/4","row_id: int32
k: string
p: int32
g: string
h: string
v: int32
w: int32","2/2/2/2/2/2"
"D-mixed-base-part_fixed-rename-none-t1",3,3,0,"3:4/4/4;3:4/4/4;3:4/4/4;3:4/4/4;3:4/4/4;3:4/4/4;3:4/4/4","row_id: int32
k: string
p: int32
g: string
h: string
v: int32
w: int32","2/2/2/2/2/2"
"D-mixed-base-rollup-none-first-t1",3,3,0,"3:4/4/4;3:4/4/4;3:4/4/4;3:4/4/4;3:4/4/4;3:4/4/4;3:4/4/4","row_id: int32
k: string
p: int32
g: string
h: string
v: int32
w: int32","2/2/2/2/2/2"
"D-mixed-base-rollup-none-last-t1",3,3,0,"3:4/4/4;3:4/4/4;3:4/4/4;3:4/4/4;3:4/4/4;3:4/4/4;3:4/4/4","row_id: int32
k: string
p: int32
g: string
h: string
v: int32
w: int32","2/2/2/2/2/2"
"D-mixed-base-rollup-none-none-t1",3,3,0,"3:4/4/4;3:4/4/4;3:4/4/4;3:4/4/4;3:4/4/4;3:4/4/4;3:4/4/4","row_id: int32
k: string
p: int32
g: string
h: string
v: int32
w: int32","2/2/2/2/2/2"
"D-mixed-base-rollup-none-none-t2",3,3,0,"3:4/4/4;3:4/4/4;3:4/4/4;3:4/4/4;3:4/4/4;3:4/4/4;3:4/4/4","row_id: int32
k: string
p: int32
g: string
h: string
v: int32
w: int32","2/2/2/2/2/2"
"D-mixed-base-rollup-part-none-t1",3,3,0,"3:4/4/4;3:4/4/4;3:4/4/4;3:4/4/4;3:4/4/4;3:4/4/4;3:4/4/4","row_id: int32
k: string
p: int32
g: string
h: string
v: int32
w: int32","2/2/2/2/2/2"
"D-mixed-base-rollup-select-none-t1",3,3,0,"3:4/4/4;3:4/4/4;3:4/4/4;3:4/4/4;3:4/4/4;3:4/4/4;3:4/4/4","row_id: int32
k: string
p: int32
g: string
h: string
v: int32
w: int32","2/2/2/2/2/2"
"D-mixed-base-rollup-zero-none-t1",3,3,0,"3:4/4/4;3:4/4/4;3:4/4/4;3:4/4/4;3:4/4/4;3:4/4/4;3:4/4/4","row_id: int32
k: string
p: int32
g: string
h: string
v: int32
w: int32","2/2/2/2/2/2"
"D-mixed-factor-rollup-none-none-t1",3,3,0,"3:4/4/4;3:4/4/4;3:4/4/4;3:4/4/4;3:4/4/4;3:4/4/4;3:4/4/4","row_id: int32
k: string
p: int32
g: dictionary<values=string, indices=int8, ordered>
h: string
v: int32
w: int32","2/2/2/2/2/2"
"D-mixed-int64-rollup-none-none-t1",3,3,0,"3:4/4/4;3:4/4/4;3:4/4/4;3:4/4/4;3:4/4/4;3:4/4/4;3:4/4/4","row_id: int32
k: string
p: int32
g: int64
h: string
v: int32
w: int32","2/2/2/2/2/2"
"D-mixed-keys_missing-rollup-none-none-t1",3,3,0,"3:4/4/4;3:4/4/4;3:4/4/4;3:4/4/4;3:4/4/4;3:4/4/4;3:4/4/4","row_id: int32
k: string
p: int32
g: string
h: string
v: int32
w: int32","2/2/2/2/2/2"
"D-mixed-missing-rollup-none-none-t1",3,3,0,"3:4/4/4;3:4/4/4;3:4/4/4;3:4/4/4;3:4/4/4;3:4/4/4;3:4/4/4","row_id: int32
k: string
p: int32
g: string
h: string
v: int32
w: int32","2/2/2/2/2/2"
"D-mixed-timestamp-rollup-none-none-t1",3,3,0,"3:4/4/4;3:4/4/4;3:4/4/4;3:4/4/4;3:4/4/4;3:4/4/4;3:4/4/4","row_id: int32
k: string
p: int32
g: timestamp[ms, tz=UTC]
h: string
v: int32
w: int32","2/2/2/2/2/2"
"D-two-base-rollup-none-none-t1",2,2,0,"2:6/6;2:6/6;2:6/6;2:6/6;2:6/6;2:6/6;2:6/6","row_id: int32
k: string
p: int32
g: string
h: string
v: int32
w: int32","2/2/2/2/2/2"
"E-aligned-base-rollup-none-none-t1",6,6,0,"6:2/2/2/2/2/2;6:2/2/2/2/2/2;6:2/2/2/2/2/2;6:2/2/2/2/2/2;6:2/2/2/2/2/2;6:2/2/2/2/2/2;6:2/2/2/2/2/2","row_id: int32
k: string
p: int32
g: string
h: string
v: int32
w: int32","2/2/2/2/2/2"
"E-allmissing-missing-rollup-none-none-t1",4,6,0,"6:2/2/2/2/2/2;6:2/2/2/2/2/2;6:2/2/2/2/2/2;6:2/2/2/2/2/2;6:2/2/2/2/2/2;6:2/2/2/2/2/2;6:2/2/2/2/2/2","row_id: int32
k: string
p: int32
g: string
h: string
v: int32
w: int32","2/2/2/2/2/2"
"E-crossing-base-rollup-none-none-t1",6,8,0,"8:2/1/1/2/1/2/1/2;8:2/1/1/2/1/2/1/2;8:2/1/1/2/1/2/1/2;8:2/1/1/2/1/2/1/2;8:2/1/1/2/1/2/1/2;8:2/1/1/2/1/2/1/2;8:2/1/1/2/1/2/1/2","row_id: int32
k: string
p: int32
g: string
h: string
v: int32
w: int32","2/1/1/2/1/2/1/2"
"E-empty_first-base-rollup-none-none-t1",6,8,2,"8:0/2/2/2/0/2/2/2;8:0/2/2/2/0/2/2/2;8:0/2/2/2/0/2/2/2;8:0/2/2/2/0/2/2/2;8:0/2/2/2/0/2/2/2;8:0/2/2/2/0/2/2/2;8:0/2/2/2/0/2/2/2","row_id: int32
k: string
p: int32
g: string
h: string
v: int32
w: int32","0/2/2/2/0/2/2/2"
"E-empty_last-base-rollup-none-none-t1",6,8,2,"8:2/2/2/0/2/2/2/0;8:2/2/2/0/2/2/2/0;8:2/2/2/0/2/2/2/0;8:2/2/2/0/2/2/2/0;8:2/2/2/0/2/2/2/0;8:2/2/2/0/2/2/2/0;8:2/2/2/0/2/2/2/0","row_id: int32
k: string
p: int32
g: string
h: string
v: int32
w: int32","2/2/2/0/2/2/2/0"
"E-empty_middle-base-rollup-none-none-t1",6,8,2,"8:2/2/0/2/0/2/2/2;8:2/2/0/2/0/2/2/2;8:2/2/0/2/0/2/2/2;8:2/2/0/2/0/2/2/2;8:2/2/0/2/0/2/2/2;8:2/2/0/2/0/2/2/2;8:2/2/0/2/0/2/2/2","row_id: int32
k: string
p: int32
g: string
h: string
v: int32
w: int32","2/2/0/2/0/2/2/2"
"E-mixed-base-composite-none-none-t1",4,6,0,"6:2/2/2/2/2/2;6:2/2/2/2/2/2;6:2/2/2/2/2/2;6:2/2/2/2/2/2;6:2/2/2/2/2/2;6:2/2/2/2/2/2;6:2/2/2/2/2/2","row_id: int32
k: string
p: int32
g: string
h: string
v: int32
w: int32","2/2/2/2/2/2"
"E-mixed-base-composite-none-none-t2",4,6,0,"6:2/2/2/2/2/2;6:2/2/2/2/2/2;6:2/2/2/2/2/2;6:2/2/2/2/2/2;6:2/2/2/2/2/2;6:2/2/2/2/2/2;6:2/2/2/2/2/2","row_id: int32
k: string
p: int32
g: string
h: string
v: int32
w: int32","2/2/2/2/2/2"
"E-mixed-base-cube-none-none-t1",4,6,0,"6:2/2/2/2/2/2;6:2/2/2/2/2/2;6:2/2/2/2/2/2;6:2/2/2/2/2/2;6:2/2/2/2/2/2;6:2/2/2/2/2/2;6:2/2/2/2/2/2","row_id: int32
k: string
p: int32
g: string
h: string
v: int32
w: int32","2/2/2/2/2/2"
"E-mixed-base-cube-none-none-t2",4,6,0,"6:2/2/2/2/2/2;6:2/2/2/2/2/2;6:2/2/2/2/2/2;6:2/2/2/2/2/2;6:2/2/2/2/2/2;6:2/2/2/2/2/2;6:2/2/2/2/2/2","row_id: int32
k: string
p: int32
g: string
h: string
v: int32
w: int32","2/2/2/2/2/2"
"E-mixed-base-duplicate-none-first-t1",4,6,0,"6:2/2/2/2/2/2;6:2/2/2/2/2/2;6:2/2/2/2/2/2;6:2/2/2/2/2/2;6:2/2/2/2/2/2;6:2/2/2/2/2/2;6:2/2/2/2/2/2","row_id: int32
k: string
p: int32
g: string
h: string
v: int32
w: int32","2/2/2/2/2/2"
"E-mixed-base-duplicate-none-last-t1",4,6,0,"6:2/2/2/2/2/2;6:2/2/2/2/2/2;6:2/2/2/2/2/2;6:2/2/2/2/2/2;6:2/2/2/2/2/2;6:2/2/2/2/2/2;6:2/2/2/2/2/2","row_id: int32
k: string
p: int32
g: string
h: string
v: int32
w: int32","2/2/2/2/2/2"
"E-mixed-base-duplicate-none-none-t1",4,6,0,"6:2/2/2/2/2/2;6:2/2/2/2/2/2;6:2/2/2/2/2/2;6:2/2/2/2/2/2;6:2/2/2/2/2/2;6:2/2/2/2/2/2;6:2/2/2/2/2/2","row_id: int32
k: string
p: int32
g: string
h: string
v: int32
w: int32","2/2/2/2/2/2"
"E-mixed-base-duplicate-none-none-t2",4,6,0,"6:2/2/2/2/2/2;6:2/2/2/2/2/2;6:2/2/2/2/2/2;6:2/2/2/2/2/2;6:2/2/2/2/2/2;6:2/2/2/2/2/2;6:2/2/2/2/2/2","row_id: int32
k: string
p: int32
g: string
h: string
v: int32
w: int32","2/2/2/2/2/2"
"E-mixed-base-grand-zero-none-t1",4,6,0,"6:2/2/2/2/2/2;6:2/2/2/2/2/2;6:2/2/2/2/2/2;6:2/2/2/2/2/2;6:2/2/2/2/2/2;6:2/2/2/2/2/2;6:2/2/2/2/2/2","row_id: int32
k: string
p: int32
g: string
h: string
v: int32
w: int32","2/2/2/2/2/2"
"E-mixed-base-one-none-none-t1",4,6,0,"6:2/2/2/2/2/2;6:2/2/2/2/2/2;6:2/2/2/2/2/2;6:2/2/2/2/2/2;6:2/2/2/2/2/2;6:2/2/2/2/2/2;6:2/2/2/2/2/2","row_id: int32
k: string
p: int32
g: string
h: string
v: int32
w: int32","2/2/2/2/2/2"
"E-mixed-base-one-none-none-t2",4,6,0,"6:2/2/2/2/2/2;6:2/2/2/2/2/2;6:2/2/2/2/2/2;6:2/2/2/2/2/2;6:2/2/2/2/2/2;6:2/2/2/2/2/2;6:2/2/2/2/2/2","row_id: int32
k: string
p: int32
g: string
h: string
v: int32
w: int32","2/2/2/2/2/2"
"E-mixed-base-part_dim-none-none-t1",4,6,0,"6:2/2/2/2/2/2;6:2/2/2/2/2/2;6:2/2/2/2/2/2;6:2/2/2/2/2/2;6:2/2/2/2/2/2;6:2/2/2/2/2/2;6:2/2/2/2/2/2","row_id: int32
k: string
p: int32
g: string
h: string
v: int32
w: int32","2/2/2/2/2/2"
"E-mixed-base-part_dim-part-none-t1",4,6,0,"6:2/2/2/2/2/2;6:2/2/2/2/2/2;6:2/2/2/2/2/2;6:2/2/2/2/2/2;6:2/2/2/2/2/2;6:2/2/2/2/2/2;6:2/2/2/2/2/2","row_id: int32
k: string
p: int32
g: string
h: string
v: int32
w: int32","2/2/2/2/2/2"
"E-mixed-base-part_dim-rename-none-t1",4,6,0,"6:2/2/2/2/2/2;6:2/2/2/2/2/2;6:2/2/2/2/2/2;6:2/2/2/2/2/2;6:2/2/2/2/2/2;6:2/2/2/2/2/2;6:2/2/2/2/2/2","row_id: int32
k: string
p: int32
g: string
h: string
v: int32
w: int32","2/2/2/2/2/2"
"E-mixed-base-part_fixed-none-none-t1",4,6,0,"6:2/2/2/2/2/2;6:2/2/2/2/2/2;6:2/2/2/2/2/2;6:2/2/2/2/2/2;6:2/2/2/2/2/2;6:2/2/2/2/2/2;6:2/2/2/2/2/2","row_id: int32
k: string
p: int32
g: string
h: string
v: int32
w: int32","2/2/2/2/2/2"
"E-mixed-base-part_fixed-part-none-t1",4,6,0,"6:2/2/2/2/2/2;6:2/2/2/2/2/2;6:2/2/2/2/2/2;6:2/2/2/2/2/2;6:2/2/2/2/2/2;6:2/2/2/2/2/2;6:2/2/2/2/2/2","row_id: int32
k: string
p: int32
g: string
h: string
v: int32
w: int32","2/2/2/2/2/2"
"E-mixed-base-part_fixed-rename-none-t1",4,6,0,"6:2/2/2/2/2/2;6:2/2/2/2/2/2;6:2/2/2/2/2/2;6:2/2/2/2/2/2;6:2/2/2/2/2/2;6:2/2/2/2/2/2;6:2/2/2/2/2/2","row_id: int32
k: string
p: int32
g: string
h: string
v: int32
w: int32","2/2/2/2/2/2"
"E-mixed-base-rollup-none-first-t1",4,6,0,"6:2/2/2/2/2/2;6:2/2/2/2/2/2;6:2/2/2/2/2/2;6:2/2/2/2/2/2;6:2/2/2/2/2/2;6:2/2/2/2/2/2;6:2/2/2/2/2/2","row_id: int32
k: string
p: int32
g: string
h: string
v: int32
w: int32","2/2/2/2/2/2"
"E-mixed-base-rollup-none-last-t1",4,6,0,"6:2/2/2/2/2/2;6:2/2/2/2/2/2;6:2/2/2/2/2/2;6:2/2/2/2/2/2;6:2/2/2/2/2/2;6:2/2/2/2/2/2;6:2/2/2/2/2/2","row_id: int32
k: string
p: int32
g: string
h: string
v: int32
w: int32","2/2/2/2/2/2"
"E-mixed-base-rollup-none-none-t1",4,6,0,"6:2/2/2/2/2/2;6:2/2/2/2/2/2;6:2/2/2/2/2/2;6:2/2/2/2/2/2;6:2/2/2/2/2/2;6:2/2/2/2/2/2;6:2/2/2/2/2/2","row_id: int32
k: string
p: int32
g: string
h: string
v: int32
w: int32","2/2/2/2/2/2"
"E-mixed-base-rollup-none-none-t2",4,6,0,"6:2/2/2/2/2/2;6:2/2/2/2/2/2;6:2/2/2/2/2/2;6:2/2/2/2/2/2;6:2/2/2/2/2/2;6:2/2/2/2/2/2;6:2/2/2/2/2/2","row_id: int32
k: string
p: int32
g: string
h: string
v: int32
w: int32","2/2/2/2/2/2"
"E-mixed-base-rollup-part-none-t1",4,6,0,"6:2/2/2/2/2/2;6:2/2/2/2/2/2;6:2/2/2/2/2/2;6:2/2/2/2/2/2;6:2/2/2/2/2/2;6:2/2/2/2/2/2;6:2/2/2/2/2/2","row_id: int32
k: string
p: int32
g: string
h: string
v: int32
w: int32","2/2/2/2/2/2"
"E-mixed-base-rollup-select-none-t1",4,6,0,"6:2/2/2/2/2/2;6:2/2/2/2/2/2;6:2/2/2/2/2/2;6:2/2/2/2/2/2;6:2/2/2/2/2/2;6:2/2/2/2/2/2;6:2/2/2/2/2/2","row_id: int32
k: string
p: int32
g: string
h: string
v: int32
w: int32","2/2/2/2/2/2"
"E-mixed-base-rollup-zero-none-t1",4,6,0,"6:2/2/2/2/2/2;6:2/2/2/2/2/2;6:2/2/2/2/2/2;6:2/2/2/2/2/2;6:2/2/2/2/2/2;6:2/2/2/2/2/2;6:2/2/2/2/2/2","row_id: int32
k: string
p: int32
g: string
h: string
v: int32
w: int32","2/2/2/2/2/2"
"E-mixed-factor-rollup-none-none-t1",4,6,0,"6:2/2/2/2/2/2;6:2/2/2/2/2/2;6:2/2/2/2/2/2;6:2/2/2/2/2/2;6:2/2/2/2/2/2;6:2/2/2/2/2/2;6:2/2/2/2/2/2","row_id: int32
k: string
p: int32
g: dictionary<values=string, indices=int8, ordered>
h: string
v: int32
w: int32","2/2/2/2/2/2"
"E-mixed-int64-rollup-none-none-t1",4,6,0,"6:2/2/2/2/2/2;6:2/2/2/2/2/2;6:2/2/2/2/2/2;6:2/2/2/2/2/2;6:2/2/2/2/2/2;6:2/2/2/2/2/2;6:2/2/2/2/2/2","row_id: int32
k: string
p: int32
g: int64
h: string
v: int32
w: int32","2/2/2/2/2/2"
"E-mixed-keys_missing-rollup-none-none-t1",4,6,0,"6:2/2/2/2/2/2;6:2/2/2/2/2/2;6:2/2/2/2/2/2;6:2/2/2/2/2/2;6:2/2/2/2/2/2;6:2/2/2/2/2/2;6:2/2/2/2/2/2","row_id: int32
k: string
p: int32
g: string
h: string
v: int32
w: int32","2/2/2/2/2/2"
"E-mixed-missing-rollup-none-none-t1",4,6,0,"6:2/2/2/2/2/2;6:2/2/2/2/2/2;6:2/2/2/2/2/2;6:2/2/2/2/2/2;6:2/2/2/2/2/2;6:2/2/2/2/2/2;6:2/2/2/2/2/2","row_id: int32
k: string
p: int32
g: string
h: string
v: int32
w: int32","2/2/2/2/2/2"
"E-mixed-timestamp-rollup-none-none-t1",4,6,0,"6:2/2/2/2/2/2;6:2/2/2/2/2/2;6:2/2/2/2/2/2;6:2/2/2/2/2/2;6:2/2/2/2/2/2;6:2/2/2/2/2/2;6:2/2/2/2/2/2","row_id: int32
k: string
p: int32
g: timestamp[ms, tz=UTC]
h: string
v: int32
w: int32","2/2/2/2/2/2"
"E-two-base-rollup-none-none-t1",4,6,0,"6:2/2/2/2/2/2;6:2/2/2/2/2/2;6:2/2/2/2/2/2;6:2/2/2/2/2/2;6:2/2/2/2/2/2;6:2/2/2/2/2/2;6:2/2/2/2/2/2","row_id: int32
k: string
p: int32
g: string
h: string
v: int32
w: int32","2/2/2/2/2/2"
"extra-B-allmissing_first",0,NA,0,"3:2/8/2;3:2/8/2;3:2/8/2;3:2/8/2;3:2/8/2;3:2/8/2;3:2/8/2","row_id: int32
k: string
p: int32
g: string
h: string
v: int32
w: int32",""
"extra-B-allmissing_last",0,NA,0,"3:8/2/2;3:8/2/2;3:8/2/2;3:8/2/2;3:8/2/2;3:8/2/2;3:8/2/2","row_id: int32
k: string
p: int32
g: string
h: string
v: int32
w: int32",""
"extra-D_rg-allmissing_first",3,6,0,"6:2/2/2/2/2/2;6:2/2/2/2/2/2;6:2/2/2/2/2/2;6:2/2/2/2/2/2;6:2/2/2/2/2/2;6:2/2/2/2/2/2;6:2/2/2/2/2/2","row_id: int32
k: string
p: int32
g: string
h: string
v: int32
w: int32","2/2/2/2/2/2"
"extra-D_rg-allmissing_last",3,6,0,"6:2/2/2/2/2/2;6:2/2/2/2/2/2;6:2/2/2/2/2/2;6:2/2/2/2/2/2;6:2/2/2/2/2/2;6:2/2/2/2/2/2;6:2/2/2/2/2/2","row_id: int32
k: string
p: int32
g: string
h: string
v: int32
w: int32","2/2/2/2/2/2"
"extra-D-allmissing_first",3,3,0,"3:2/8/2;3:2/8/2;3:2/8/2;3:2/8/2;3:2/8/2;3:2/8/2;3:2/8/2","row_id: int32
k: string
p: int32
g: string
h: string
v: int32
w: int32","2/2/2/2/2/2"
"extra-D-allmissing_last",3,3,0,"3:8/2/2;3:8/2/2;3:8/2/2;3:8/2/2;3:8/2/2;3:8/2/2;3:8/2/2","row_id: int32
k: string
p: int32
g: string
h: string
v: int32
w: int32","2/2/2/2/2/2"
"extra-dictionary-TRUE",3,3,0,"3:4/4/4;3:4/4/4;3:4/4/4;3:4/4/4;3:4/4/4;3:4/4/4;3:4/4/4","row_id: int32
k: string
p: int32
g: dictionary<values=string, indices=int8, ordered>
h: string
v: int32
w: int32","2/2/2/2/2/2"
"extra-E-allmissing_first",4,6,0,"6:2/2/2/2/2/2;6:2/2/2/2/2/2;6:2/2/2/2/2/2;6:2/2/2/2/2/2;6:2/2/2/2/2/2;6:2/2/2/2/2/2;6:2/2/2/2/2/2","row_id: int32
k: string
p: int32
g: string
h: string
v: int32
w: int32","2/2/2/2/2/2"
"extra-E-allmissing_last",4,6,0,"6:2/2/2/2/2/2;6:2/2/2/2/2/2;6:2/2/2/2/2/2;6:2/2/2/2/2/2;6:2/2/2/2/2/2;6:2/2/2/2/2/2;6:2/2/2/2/2/2","row_id: int32
k: string
p: int32
g: string
h: string
v: int32
w: int32","2/2/2/2/2/2"
"followup-part_dim-none-first",4,6,0,"6:2/2/2/2/2/2;6:2/2/2/2/2/2;6:2/2/2/2/2/2;6:2/2/2/2/2/2;6:2/2/2/2/2/2;6:2/2/2/2/2/2;6:2/2/2/2/2/2","row_id: int32
k: string
p: int32
g: string
h: string
v: int32
w: int32","2/2/2/2/2/2"
"followup-part_dim-none-last",4,6,0,"6:2/2/2/2/2/2;6:2/2/2/2/2/2;6:2/2/2/2/2/2;6:2/2/2/2/2/2;6:2/2/2/2/2/2;6:2/2/2/2/2/2;6:2/2/2/2/2/2","row_id: int32
k: string
p: int32
g: string
h: string
v: int32
w: int32","2/2/2/2/2/2"
"followup-part_dim-none-none",4,6,0,"6:2/2/2/2/2/2;6:2/2/2/2/2/2;6:2/2/2/2/2/2;6:2/2/2/2/2/2;6:2/2/2/2/2/2;6:2/2/2/2/2/2;6:2/2/2/2/2/2","row_id: int32
k: string
p: int32
g: string
h: string
v: int32
w: int32","2/2/2/2/2/2"
"followup-part_dim-part-first",4,6,0,"6:2/2/2/2/2/2;6:2/2/2/2/2/2;6:2/2/2/2/2/2;6:2/2/2/2/2/2;6:2/2/2/2/2/2;6:2/2/2/2/2/2;6:2/2/2/2/2/2","row_id: int32
k: string
p: int32
g: string
h: string
v: int32
w: int32","2/2/2/2/2/2"
"followup-part_dim-part-last",4,6,0,"6:2/2/2/2/2/2;6:2/2/2/2/2/2;6:2/2/2/2/2/2;6:2/2/2/2/2/2;6:2/2/2/2/2/2;6:2/2/2/2/2/2;6:2/2/2/2/2/2","row_id: int32
k: string
p: int32
g: string
h: string
v: int32
w: int32","2/2/2/2/2/2"
"followup-part_dim-part-none",4,6,0,"6:2/2/2/2/2/2;6:2/2/2/2/2/2;6:2/2/2/2/2/2;6:2/2/2/2/2/2;6:2/2/2/2/2/2;6:2/2/2/2/2/2;6:2/2/2/2/2/2","row_id: int32
k: string
p: int32
g: string
h: string
v: int32
w: int32","2/2/2/2/2/2"
"followup-part_dim-rename-first",4,6,0,"6:2/2/2/2/2/2;6:2/2/2/2/2/2;6:2/2/2/2/2/2;6:2/2/2/2/2/2;6:2/2/2/2/2/2;6:2/2/2/2/2/2;6:2/2/2/2/2/2","row_id: int32
k: string
p: int32
g: string
h: string
v: int32
w: int32","2/2/2/2/2/2"
"followup-part_dim-rename-last",4,6,0,"6:2/2/2/2/2/2;6:2/2/2/2/2/2;6:2/2/2/2/2/2;6:2/2/2/2/2/2;6:2/2/2/2/2/2;6:2/2/2/2/2/2;6:2/2/2/2/2/2","row_id: int32
k: string
p: int32
g: string
h: string
v: int32
w: int32","2/2/2/2/2/2"
"followup-part_dim-rename-none",4,6,0,"6:2/2/2/2/2/2;6:2/2/2/2/2/2;6:2/2/2/2/2/2;6:2/2/2/2/2/2;6:2/2/2/2/2/2;6:2/2/2/2/2/2;6:2/2/2/2/2/2","row_id: int32
k: string
p: int32
g: string
h: string
v: int32
w: int32","2/2/2/2/2/2"
"followup-part_dim-select-first",4,6,0,"6:2/2/2/2/2/2;6:2/2/2/2/2/2;6:2/2/2/2/2/2;6:2/2/2/2/2/2;6:2/2/2/2/2/2;6:2/2/2/2/2/2;6:2/2/2/2/2/2","row_id: int32
k: string
p: int32
g: string
h: string
v: int32
w: int32","2/2/2/2/2/2"
"followup-part_dim-select-last",4,6,0,"6:2/2/2/2/2/2;6:2/2/2/2/2/2;6:2/2/2/2/2/2;6:2/2/2/2/2/2;6:2/2/2/2/2/2;6:2/2/2/2/2/2;6:2/2/2/2/2/2","row_id: int32
k: string
p: int32
g: string
h: string
v: int32
w: int32","2/2/2/2/2/2"
"followup-part_dim-select-none",4,6,0,"6:2/2/2/2/2/2;6:2/2/2/2/2/2;6:2/2/2/2/2/2;6:2/2/2/2/2/2;6:2/2/2/2/2/2;6:2/2/2/2/2/2;6:2/2/2/2/2/2","row_id: int32
k: string
p: int32
g: string
h: string
v: int32
w: int32","2/2/2/2/2/2"
"followup-part_dim-zero-first",4,6,0,"6:2/2/2/2/2/2;6:2/2/2/2/2/2;6:2/2/2/2/2/2;6:2/2/2/2/2/2;6:2/2/2/2/2/2;6:2/2/2/2/2/2;6:2/2/2/2/2/2","row_id: int32
k: string
p: int32
g: string
h: string
v: int32
w: int32","2/2/2/2/2/2"
"followup-part_dim-zero-last",4,6,0,"6:2/2/2/2/2/2;6:2/2/2/2/2/2;6:2/2/2/2/2/2;6:2/2/2/2/2/2;6:2/2/2/2/2/2;6:2/2/2/2/2/2;6:2/2/2/2/2/2","row_id: int32
k: string
p: int32
g: string
h: string
v: int32
w: int32","2/2/2/2/2/2"
"followup-part_dim-zero-none",4,6,0,"6:2/2/2/2/2/2;6:2/2/2/2/2/2;6:2/2/2/2/2/2;6:2/2/2/2/2/2;6:2/2/2/2/2/2;6:2/2/2/2/2/2;6:2/2/2/2/2/2","row_id: int32
k: string
p: int32
g: string
h: string
v: int32
w: int32","2/2/2/2/2/2"
"followup-part_fixed-none-first",4,6,0,"6:2/2/2/2/2/2;6:2/2/2/2/2/2;6:2/2/2/2/2/2;6:2/2/2/2/2/2;6:2/2/2/2/2/2;6:2/2/2/2/2/2;6:2/2/2/2/2/2","row_id: int32
k: string
p: int32
g: string
h: string
v: int32
w: int32","2/2/2/2/2/2"
"followup-part_fixed-none-last",4,6,0,"6:2/2/2/2/2/2;6:2/2/2/2/2/2;6:2/2/2/2/2/2;6:2/2/2/2/2/2;6:2/2/2/2/2/2;6:2/2/2/2/2/2;6:2/2/2/2/2/2","row_id: int32
k: string
p: int32
g: string
h: string
v: int32
w: int32","2/2/2/2/2/2"
"followup-part_fixed-none-none",4,6,0,"6:2/2/2/2/2/2;6:2/2/2/2/2/2;6:2/2/2/2/2/2;6:2/2/2/2/2/2;6:2/2/2/2/2/2;6:2/2/2/2/2/2;6:2/2/2/2/2/2","row_id: int32
k: string
p: int32
g: string
h: string
v: int32
w: int32","2/2/2/2/2/2"
"followup-part_fixed-part-first",4,6,0,"6:2/2/2/2/2/2;6:2/2/2/2/2/2;6:2/2/2/2/2/2;6:2/2/2/2/2/2;6:2/2/2/2/2/2;6:2/2/2/2/2/2;6:2/2/2/2/2/2","row_id: int32
k: string
p: int32
g: string
h: string
v: int32
w: int32","2/2/2/2/2/2"
"followup-part_fixed-part-last",4,6,0,"6:2/2/2/2/2/2;6:2/2/2/2/2/2;6:2/2/2/2/2/2;6:2/2/2/2/2/2;6:2/2/2/2/2/2;6:2/2/2/2/2/2;6:2/2/2/2/2/2","row_id: int32
k: string
p: int32
g: string
h: string
v: int32
w: int32","2/2/2/2/2/2"
"followup-part_fixed-part-none",4,6,0,"6:2/2/2/2/2/2;6:2/2/2/2/2/2;6:2/2/2/2/2/2;6:2/2/2/2/2/2;6:2/2/2/2/2/2;6:2/2/2/2/2/2;6:2/2/2/2/2/2","row_id: int32
k: string
p: int32
g: string
h: string
v: int32
w: int32","2/2/2/2/2/2"
"followup-part_fixed-rename-first",4,6,0,"6:2/2/2/2/2/2;6:2/2/2/2/2/2;6:2/2/2/2/2/2;6:2/2/2/2/2/2;6:2/2/2/2/2/2;6:2/2/2/2/2/2;6:2/2/2/2/2/2","row_id: int32
k: string
p: int32
g: string
h: string
v: int32
w: int32","2/2/2/2/2/2"
"followup-part_fixed-rename-last",4,6,0,"6:2/2/2/2/2/2;6:2/2/2/2/2/2;6:2/2/2/2/2/2;6:2/2/2/2/2/2;6:2/2/2/2/2/2;6:2/2/2/2/2/2;6:2/2/2/2/2/2","row_id: int32
k: string
p: int32
g: string
h: string
v: int32
w: int32","2/2/2/2/2/2"
"followup-part_fixed-rename-none",4,6,0,"6:2/2/2/2/2/2;6:2/2/2/2/2/2;6:2/2/2/2/2/2;6:2/2/2/2/2/2;6:2/2/2/2/2/2;6:2/2/2/2/2/2;6:2/2/2/2/2/2","row_id: int32
k: string
p: int32
g: string
h: string
v: int32
w: int32","2/2/2/2/2/2"
"followup-part_fixed-select-first",4,6,0,"6:2/2/2/2/2/2;6:2/2/2/2/2/2;6:2/2/2/2/2/2;6:2/2/2/2/2/2;6:2/2/2/2/2/2;6:2/2/2/2/2/2;6:2/2/2/2/2/2","row_id: int32
k: string
p: int32
g: string
h: string
v: int32
w: int32","2/2/2/2/2/2"
"followup-part_fixed-select-last",4,6,0,"6:2/2/2/2/2/2;6:2/2/2/2/2/2;6:2/2/2/2/2/2;6:2/2/2/2/2/2;6:2/2/2/2/2/2;6:2/2/2/2/2/2;6:2/2/2/2/2/2","row_id: int32
k: string
p: int32
g: string
h: string
v: int32
w: int32","2/2/2/2/2/2"
"followup-part_fixed-select-none",4,6,0,"6:2/2/2/2/2/2;6:2/2/2/2/2/2;6:2/2/2/2/2/2;6:2/2/2/2/2/2;6:2/2/2/2/2/2;6:2/2/2/2/2/2;6:2/2/2/2/2/2","row_id: int32
k: string
p: int32
g: string
h: string
v: int32
w: int32","2/2/2/2/2/2"
"followup-part_fixed-zero-first",4,6,0,"6:2/2/2/2/2/2;6:2/2/2/2/2/2;6:2/2/2/2/2/2;6:2/2/2/2/2/2;6:2/2/2/2/2/2;6:2/2/2/2/2/2;6:2/2/2/2/2/2","row_id: int32
k: string
p: int32
g: string
h: string
v: int32
w: int32","2/2/2/2/2/2"
"followup-part_fixed-zero-last",4,6,0,"6:2/2/2/2/2/2;6:2/2/2/2/2/2;6:2/2/2/2/2/2;6:2/2/2/2/2/2;6:2/2/2/2/2/2;6:2/2/2/2/2/2;6:2/2/2/2/2/2","row_id: int32
k: string
p: int32
g: string
h: string
v: int32
w: int32","2/2/2/2/2/2"
"followup-part_fixed-zero-none",4,6,0,"6:2/2/2/2/2/2;6:2/2/2/2/2/2;6:2/2/2/2/2/2;6:2/2/2/2/2/2;6:2/2/2/2/2/2;6:2/2/2/2/2/2;6:2/2/2/2/2/2","row_id: int32
k: string
p: int32
g: string
h: string
v: int32
w: int32","2/2/2/2/2/2"
"IM-mixed-base-composite-none-none-t1",0,NA,0,"3:4/4/4;3:4/4/4;3:4/4/4;3:4/4/4;3:4/4/4;3:4/4/4;3:4/4/4","row_id: int32
k: string
p: int32
g: string
h: string
v: int32
w: int32","2/2/2/2/2/2"
"IM-mixed-base-cube-none-none-t1",0,NA,0,"3:4/4/4;3:4/4/4;3:4/4/4;3:4/4/4;3:4/4/4;3:4/4/4;3:4/4/4","row_id: int32
k: string
p: int32
g: string
h: string
v: int32
w: int32","2/2/2/2/2/2"
"IM-mixed-base-duplicate-none-first-t1",0,NA,0,"3:4/4/4;3:4/4/4;3:4/4/4;3:4/4/4;3:4/4/4;3:4/4/4;3:4/4/4","row_id: int32
k: string
p: int32
g: string
h: string
v: int32
w: int32","2/2/2/2/2/2"
"IM-mixed-base-duplicate-none-last-t1",0,NA,0,"3:4/4/4;3:4/4/4;3:4/4/4;3:4/4/4;3:4/4/4;3:4/4/4;3:4/4/4","row_id: int32
k: string
p: int32
g: string
h: string
v: int32
w: int32","2/2/2/2/2/2"
"IM-mixed-base-duplicate-none-none-t1",0,NA,0,"3:4/4/4;3:4/4/4;3:4/4/4;3:4/4/4;3:4/4/4;3:4/4/4;3:4/4/4","row_id: int32
k: string
p: int32
g: string
h: string
v: int32
w: int32","2/2/2/2/2/2"
"IM-mixed-base-grand-zero-none-t1",0,NA,0,"3:4/4/4;3:4/4/4;3:4/4/4;3:4/4/4;3:4/4/4;3:4/4/4;3:4/4/4","row_id: int32
k: string
p: int32
g: string
h: string
v: int32
w: int32","2/2/2/2/2/2"
"IM-mixed-base-one-none-none-t1",0,NA,0,"3:4/4/4;3:4/4/4;3:4/4/4;3:4/4/4;3:4/4/4;3:4/4/4;3:4/4/4","row_id: int32
k: string
p: int32
g: string
h: string
v: int32
w: int32","2/2/2/2/2/2"
"IM-mixed-base-rollup-none-first-t1",0,NA,0,"3:4/4/4;3:4/4/4;3:4/4/4;3:4/4/4;3:4/4/4;3:4/4/4;3:4/4/4","row_id: int32
k: string
p: int32
g: string
h: string
v: int32
w: int32","2/2/2/2/2/2"
"IM-mixed-base-rollup-none-last-t1",0,NA,0,"3:4/4/4;3:4/4/4;3:4/4/4;3:4/4/4;3:4/4/4;3:4/4/4;3:4/4/4","row_id: int32
k: string
p: int32
g: string
h: string
v: int32
w: int32","2/2/2/2/2/2"
"IM-mixed-base-rollup-none-none-t1",0,NA,0,"3:4/4/4;3:4/4/4;3:4/4/4;3:4/4/4;3:4/4/4;3:4/4/4;3:4/4/4","row_id: int32
k: string
p: int32
g: string
h: string
v: int32
w: int32","2/2/2/2/2/2"
"IM-mixed-base-rollup-part-none-t1",0,NA,0,"3:4/4/4;3:4/4/4;3:4/4/4;3:4/4/4;3:4/4/4;3:4/4/4;3:4/4/4","row_id: int32
k: string
p: int32
g: string
h: string
v: int32
w: int32","2/2/2/2/2/2"
"IM-mixed-base-rollup-zero-none-t1",0,NA,0,"3:4/4/4;3:4/4/4;3:4/4/4;3:4/4/4;3:4/4/4;3:4/4/4;3:4/4/4","row_id: int32
k: string
p: int32
g: string
h: string
v: int32
w: int32","2/2/2/2/2/2"
"IM-two-base-rollup-none-none-t1",0,NA,0,"2:6/6;2:6/6;2:6/6;2:6/6;2:6/6;2:6/6;2:6/6","row_id: int32
k: string
p: int32
g: string
h: string
v: int32
w: int32","2/2/2/2/2/2"
"RB-mixed-base-composite-none-none-t1",0,NA,0,"1:12;1:12;1:12;1:12;1:12;1:12;1:12","row_id: int32
k: string
p: int32
g: string
h: string
v: int32
w: int32

See $metadata for additional Schema metadata",""
"RB-mixed-base-cube-none-none-t1",0,NA,0,"1:12;1:12;1:12;1:12;1:12;1:12;1:12","row_id: int32
k: string
p: int32
g: string
h: string
v: int32
w: int32

See $metadata for additional Schema metadata",""
"RB-mixed-base-duplicate-none-none-t1",0,NA,0,"1:12;1:12;1:12;1:12;1:12;1:12;1:12","row_id: int32
k: string
p: int32
g: string
h: string
v: int32
w: int32

See $metadata for additional Schema metadata",""
"RB-mixed-base-grand-zero-none-t1",0,NA,0,"1:12;1:12;1:12;1:12;1:12;1:12;1:12","row_id: int32
k: string
p: int32
g: string
h: string
v: int32
w: int32

See $metadata for additional Schema metadata",""
"RB-mixed-base-one-none-none-t1",0,NA,0,"1:12;1:12;1:12;1:12;1:12;1:12;1:12","row_id: int32
k: string
p: int32
g: string
h: string
v: int32
w: int32

See $metadata for additional Schema metadata",""
"RB-mixed-base-rollup-none-none-t1",0,NA,0,"1:12;1:12;1:12;1:12;1:12;1:12;1:12","row_id: int32
k: string
p: int32
g: string
h: string
v: int32
w: int32

See $metadata for additional Schema metadata",""
"RB-mixed-base-rollup-part-none-t1",0,NA,0,"1:12;1:12;1:12;1:12;1:12;1:12;1:12","row_id: int32
k: string
p: int32
g: string
h: string
v: int32
w: int32

See $metadata for additional Schema metadata",""
"RB-mixed-base-rollup-zero-none-t1",0,NA,0,"1:12;1:12;1:12;1:12;1:12;1:12;1:12","row_id: int32
k: string
p: int32
g: string
h: string
v: int32
w: int32

See $metadata for additional Schema metadata",""
"RB-two-base-rollup-none-none-t1",0,NA,0,"1:12;1:12;1:12;1:12;1:12;1:12;1:12","row_id: int32
k: string
p: int32
g: string
h: string
v: int32
w: int32

See $metadata for additional Schema metadata",""
"typed-empty-B-int64-grand",0,NA,0,"3:4/4/4;3:4/4/4;3:4/4/4;3:4/4/4;3:4/4/4;3:4/4/4;3:4/4/4","row_id: int32
k: string
p: int32
g: int64
h: string
v: int32
w: int32",""
"typed-empty-B-int64-rollup",0,NA,0,"3:4/4/4;3:4/4/4;3:4/4/4;3:4/4/4;3:4/4/4;3:4/4/4;3:4/4/4","row_id: int32
k: string
p: int32
g: int64
h: string
v: int32
w: int32",""
"typed-empty-B-timestamp-grand",0,NA,0,"3:4/4/4;3:4/4/4;3:4/4/4;3:4/4/4;3:4/4/4;3:4/4/4;3:4/4/4","row_id: int32
k: string
p: int32
g: timestamp[ms, tz=UTC]
h: string
v: int32
w: int32",""
"typed-empty-B-timestamp-rollup",0,NA,0,"3:4/4/4;3:4/4/4;3:4/4/4;3:4/4/4;3:4/4/4;3:4/4/4;3:4/4/4","row_id: int32
k: string
p: int32
g: timestamp[ms, tz=UTC]
h: string
v: int32
w: int32",""
"typed-empty-D-int64-grand",3,3,0,"3:4/4/4;3:4/4/4;3:4/4/4;3:4/4/4;3:4/4/4;3:4/4/4;3:4/4/4","row_id: int32
k: string
p: int32
g: int64
h: string
v: int32
w: int32","2/2/2/2/2/2"
"typed-empty-D-int64-rollup",3,3,0,"3:4/4/4;3:4/4/4;3:4/4/4;3:4/4/4;3:4/4/4;3:4/4/4;3:4/4/4","row_id: int32
k: string
p: int32
g: int64
h: string
v: int32
w: int32","2/2/2/2/2/2"
"typed-empty-D-timestamp-grand",3,3,0,"3:4/4/4;3:4/4/4;3:4/4/4;3:4/4/4;3:4/4/4;3:4/4/4;3:4/4/4","row_id: int32
k: string
p: int32
g: timestamp[ms, tz=UTC]
h: string
v: int32
w: int32","2/2/2/2/2/2"
"typed-empty-D-timestamp-rollup",3,3,0,"3:4/4/4;3:4/4/4;3:4/4/4;3:4/4/4;3:4/4/4;3:4/4/4;3:4/4/4","row_id: int32
k: string
p: int32
g: timestamp[ms, tz=UTC]
h: string
v: int32
w: int32","2/2/2/2/2/2"
"typed-empty-E-int64-grand",4,6,0,"6:2/2/2/2/2/2;6:2/2/2/2/2/2;6:2/2/2/2/2/2;6:2/2/2/2/2/2;6:2/2/2/2/2/2;6:2/2/2/2/2/2;6:2/2/2/2/2/2","row_id: int32
k: string
p: int32
g: int64
h: string
v: int32
w: int32","2/2/2/2/2/2"
"typed-empty-E-int64-rollup",4,6,0,"6:2/2/2/2/2/2;6:2/2/2/2/2/2;6:2/2/2/2/2/2;6:2/2/2/2/2/2;6:2/2/2/2/2/2;6:2/2/2/2/2/2;6:2/2/2/2/2/2","row_id: int32
k: string
p: int32
g: int64
h: string
v: int32
w: int32","2/2/2/2/2/2"
"typed-empty-E-timestamp-grand",4,6,0,"6:2/2/2/2/2/2;6:2/2/2/2/2/2;6:2/2/2/2/2/2;6:2/2/2/2/2/2;6:2/2/2/2/2/2;6:2/2/2/2/2/2;6:2/2/2/2/2/2","row_id: int32
k: string
p: int32
g: timestamp[ms, tz=UTC]
h: string
v: int32
w: int32","2/2/2/2/2/2"
"typed-empty-E-timestamp-rollup",4,6,0,"6:2/2/2/2/2/2;6:2/2/2/2/2/2;6:2/2/2/2/2/2;6:2/2/2/2/2/2;6:2/2/2/2/2/2;6:2/2/2/2/2/2;6:2/2/2/2/2/2","row_id: int32
k: string
p: int32
g: timestamp[ms, tz=UTC]
h: string
v: int32
w: int32","2/2/2/2/2/2"
