"id","status","detail"
"A-mixed-base-composite-none-none-t1","NO VIOLATION FOUND",""
"A-mixed-base-cube-none-none-t1","NO VIOLATION FOUND",""
"A-mixed-base-duplicate-none-none-t1","NO VIOLATION FOUND",""
"A-mixed-base-grand-zero-none-t1","NO VIOLATION FOUND",""
"A-mixed-base-one-none-none-t1","NO VIOLATION FOUND",""
"A-mixed-base-part_dim-none-none-t1","NO VIOLATION FOUND",""
"A-mixed-base-part_dim-part-none-t1","NO VIOLATION FOUND",""
"A-mixed-base-part_dim-rename-none-t1","NO VIOLATION FOUND",""
"A-mixed-base-part_fixed-none-none-t1","NO VIOLATION FOUND",""
"A-mixed-base-part_fixed-part-none-t1","NO VIOLATION FOUND",""
"A-mixed-base-part_fixed-rename-none-t1","NO VIOLATION FOUND",""
"A-mixed-base-rollup-none-none-t1","NO VIOLATION FOUND",""
"A-mixed-base-rollup-part-none-t1","NO VIOLATION FOUND",""
"A-mixed-base-rollup-zero-none-t1","NO VIOLATION FOUND",""
"A-two-base-rollup-none-none-t1","NO VIOLATION FOUND",""
"B_shift-mixed-base-composite-none-none-t1","NO VIOLATION FOUND",""
"B_shift-mixed-base-cube-none-none-t1","NO VIOLATION FOUND",""
"B_shift-mixed-base-duplicate-none-none-t1","NO VIOLATION FOUND",""
"B_shift-mixed-base-grand-zero-none-t1","NO VIOLATION FOUND",""
"B_shift-mixed-base-one-none-none-t1","NO VIOLATION FOUND",""
"B_shift-mixed-base-rollup-none-none-t1","NO VIOLATION FOUND",""
"B_shift-mixed-base-rollup-part-none-t1","NO VIOLATION FOUND",""
"B_shift-mixed-base-rollup-zero-none-t1","NO VIOLATION FOUND",""
"B_shift-two-base-rollup-none-none-t1","NO VIOLATION FOUND",""
"B-aligned-base-rollup-none-none-t1","NO VIOLATION FOUND",""
"B-allmissing-missing-rollup-none-none-t1","NO VIOLATION FOUND",""
"B-crossing-base-rollup-none-none-t1","NO VIOLATION FOUND",""
"B-empty_first-base-rollup-none-none-t1","NO VIOLATION FOUND",""
"B-empty_last-base-rollup-none-none-t1","NO VIOLATION FOUND",""
"B-empty_middle-base-rollup-none-none-t1","NO VIOLATION FOUND",""
"B-mixed-base-composite-none-none-t1","NO VIOLATION FOUND",""
"B-mixed-base-composite-none-none-t2","NO VIOLATION FOUND",""
"B-mixed-base-cube-none-none-t1","NO VIOLATION FOUND",""
"B-mixed-base-cube-none-none-t2","NO VIOLATION FOUND",""
"B-mixed-base-duplicate-none-first-t1","NO VIOLATION FOUND",""
"B-mixed-base-duplicate-none-last-t1","NO VIOLATION FOUND",""
"B-mixed-base-duplicate-none-none-t1","NO VIOLATION FOUND",""
"B-mixed-base-duplicate-none-none-t2","NO VIOLATION FOUND",""
"B-mixed-base-grand-zero-none-t1","NO VIOLATION FOUND",""
"B-mixed-base-one-none-none-t1","NO VIOLATION FOUND",""
"B-mixed-base-one-none-none-t2","NO VIOLATION FOUND",""
"B-mixed-base-part_dim-none-none-t1","NO VIOLATION FOUND",""
"B-mixed-base-part_dim-part-none-t1","NO VIOLATION FOUND",""
"B-mixed-base-part_dim-rename-none-t1","NO VIOLATION FOUND",""
"B-mixed-base-part_fixed-none-none-t1","NO VIOLATION FOUND",""
"B-mixed-base-part_fixed-part-none-t1","NO VIOLATION FOUND",""
"B-mixed-base-part_fixed-rename-none-t1","NO VIOLATION FOUND",""
"B-mixed-base-rollup-none-first-t1","NO VIOLATION FOUND",""
"B-mixed-base-rollup-none-last-t1","NO VIOLATION FOUND",""
"B-mixed-base-rollup-none-none-t1","NO VIOLATION FOUND",""
"B-mixed-base-rollup-none-none-t2","NO VIOLATION FOUND",""
"B-mixed-base-rollup-part-none-t1","NO VIOLATION FOUND",""
"B-mixed-base-rollup-select-none-t1","NO VIOLATION FOUND",""
"B-mixed-base-rollup-zero-none-t1","NO VIOLATION FOUND",""
"B-mixed-factor-rollup-none-none-t1","NO VIOLATION FOUND",""
"B-mixed-int64-rollup-none-none-t1","NO VIOLATION FOUND",""
"B-mixed-keys_missing-rollup-none-none-t1","NO VIOLATION FOUND",""
"B-mixed-missing-rollup-none-none-t1","NO VIOLATION FOUND",""
"B-mixed-timestamp-rollup-none-none-t1","NO VIOLATION FOUND",""
"B-two-base-rollup-none-none-t1","NO VIOLATION FOUND",""
"C_rg-mixed-base-composite-none-none-t1","NO VIOLATION FOUND",""
"C_rg-mixed-base-cube-none-none-t1","NO VIOLATION FOUND",""
"C_rg-mixed-base-duplicate-none-none-t1","NO VIOLATION FOUND",""
"C_rg-mixed-base-grand-zero-none-t1","NO VIOLATION FOUND",""
"C_rg-mixed-base-one-none-none-t1","NO VIOLATION FOUND",""
"C_rg-mixed-base-rollup-none-none-t1","NO VIOLATION FOUND",""
"C_rg-mixed-base-rollup-part-none-t1","NO VIOLATION FOUND",""
"C_rg-mixed-base-rollup-zero-none-t1","NO VIOLATION FOUND",""
"C_rg-two-base-rollup-none-none-t1","NO VIOLATION FOUND",""
"C-mixed-base-composite-none-none-t1","NO VIOLATION FOUND",""
"C-mixed-base-cube-none-none-t1","NO VIOLATION FOUND",""
"C-mixed-base-duplicate-none-none-t1","NO VIOLATION FOUND",""
"C-mixed-base-grand-zero-none-t1","NO VIOLATION FOUND",""
"C-mixed-base-one-none-none-t1","NO VIOLATION FOUND",""
"C-mixed-base-rollup-none-none-t1","NO VIOLATION FOUND",""
"C-mixed-base-rollup-part-none-t1","NO VIOLATION FOUND",""
"C-mixed-base-rollup-zero-none-t1","NO VIOLATION FOUND",""
"C-two-base-rollup-none-none-t1","NO VIOLATION FOUND",""
"D_rg-aligned-base-rollup-none-none-t1","NO VIOLATION FOUND",""
"D_rg-allmissing-missing-rollup-none-none-t1","NO VIOLATION FOUND",""
"D_rg-crossing-base-rollup-none-none-t1","NO VIOLATION FOUND",""
"D_rg-empty_first-base-rollup-none-none-t1","NO VIOLATION FOUND",""
"D_rg-empty_last-base-rollup-none-none-t1","NO VIOLATION FOUND",""
"D_rg-empty_middle-base-rollup-none-none-t1","NO VIOLATION FOUND",""
"D_rg-mixed-base-composite-none-none-t1","NO VIOLATION FOUND",""
"D_rg-mixed-base-cube-none-none-t1","NO VIOLATION FOUND",""
"D_rg-mixed-base-duplicate-none-none-t1","NO VIOLATION FOUND",""
"D_rg-mixed-base-grand-zero-none-t1","NO VIOLATION FOUND",""
"D_rg-mixed-base-one-none-none-t1","NO VIOLATION FOUND",""
"D_rg-mixed-base-rollup-none-none-t1","NO VIOLATION FOUND",""
"D_rg-mixed-base-rollup-part-none-t1","NO VIOLATION FOUND",""
"D_rg-mixed-base-rollup-zero-none-t1","NO VIOLATION FOUND",""
"D_rg-two-base-rollup-none-none-t1","NO VIOLATION FOUND",""
"D-aligned-base-rollup-none-none-t1","NO VIOLATION FOUND",""
"D-allmissing-missing-rollup-none-none-t1","NO VIOLATION FOUND",""
"D-crossing-base-rollup-none-none-t1","NO VIOLATION FOUND",""
"D-empty_first-base-rollup-none-none-t1","NO VIOLATION FOUND",""
"D-empty_last-base-rollup-none-none-t1","NO VIOLATION FOUND",""
"D-empty_middle-base-rollup-none-none-t1","NO VIOLATION FOUND",""
"D-mixed-base-composite-none-none-t1","NO VIOLATION FOUND",""
"D-mixed-base-composite-none-none-t2","NO VIOLATION FOUND",""
"D-mixed-base-cube-none-none-t1","NO VIOLATION FOUND",""
"D-mixed-base-cube-none-none-t2","NO VIOLATION FOUND",""
"D-mixed-base-duplicate-none-first-t1","NO VIOLATION FOUND",""
"D-mixed-base-duplicate-none-last-t1","NO VIOLATION FOUND",""
"D-mixed-base-duplicate-none-none-t1","NO VIOLATION FOUND",""
"D-mixed-base-duplicate-none-none-t2","NO VIOLATION FOUND",""
"D-mixed-base-grand-zero-none-t1","NO VIOLATION FOUND",""
"D-mixed-base-one-none-none-t1","NO VIOLATION FOUND",""
"D-mixed-base-one-none-none-t2","NO VIOLATION FOUND",""
"D-mixed-base-part_dim-none-none-t1","NO VIOLATION FOUND",""
"D-mixed-base-part_dim-part-none-t1","NO VIOLATION FOUND",""
"D-mixed-base-part_dim-rename-none-t1","NO VIOLATION FOUND",""
"D-mixed-base-part_fixed-none-none-t1","NO VIOLATION FOUND",""
"D-mixed-base-part_fixed-part-none-t1","NO VIOLATION FOUND",""
"D-mixed-base-part_fixed-rename-none-t1","NO VIOLATION FOUND",""
"D-mixed-base-rollup-none-first-t1","NO VIOLATION FOUND",""
"D-mixed-base-rollup-none-last-t1","NO VIOLATION FOUND",""
"D-mixed-base-rollup-none-none-t1","NO VIOLATION FOUND",""
"D-mixed-base-rollup-none-none-t2","NO VIOLATION FOUND",""
"D-mixed-base-rollup-part-none-t1","NO VIOLATION FOUND",""
"D-mixed-base-rollup-select-none-t1","NO VIOLATION FOUND",""
"D-mixed-base-rollup-zero-none-t1","NO VIOLATION FOUND",""
"D-mixed-factor-rollup-none-none-t1","NO VIOLATION FOUND",""
"D-mixed-int64-rollup-none-none-t1","NO VIOLATION FOUND",""
"D-mixed-keys_missing-rollup-none-none-t1","NO VIOLATION FOUND",""
"D-mixed-missing-rollup-none-none-t1","NO VIOLATION FOUND",""
"D-mixed-timestamp-rollup-none-none-t1","NO VIOLATION FOUND",""
"D-two-base-rollup-none-none-t1","NO VIOLATION FOUND",""
"dictionary-disabled-semantics","INPUTS NOT EQUIVALENT","decoded values agree but ordered factor levels changed before Margin"
"E-aligned-base-rollup-none-none-t1","NO VIOLATION FOUND",""
"E-allmissing-missing-rollup-none-none-t1","NO VIOLATION FOUND",""
"E-crossing-base-rollup-none-none-t1","NO VIOLATION FOUND",""
"E-empty_first-base-rollup-none-none-t1","NO VIOLATION FOUND",""
"E-empty_last-base-rollup-none-none-t1","NO VIOLATION FOUND",""
"E-empty_middle-base-rollup-none-none-t1","NO VIOLATION FOUND",""
"E-mixed-base-composite-none-none-t1","NO VIOLATION FOUND",""
"E-mixed-base-composite-none-none-t2","NO VIOLATION FOUND",""
"E-mixed-base-cube-none-none-t1","NO VIOLATION FOUND",""
"E-mixed-base-cube-none-none-t2","NO VIOLATION FOUND",""
"E-mixed-base-duplicate-none-first-t1","NO VIOLATION FOUND",""
"E-mixed-base-duplicate-none-last-t1","NO VIOLATION FOUND",""
"E-mixed-base-duplicate-none-none-t1","NO VIOLATION FOUND",""
"E-mixed-base-duplicate-none-none-t2","NO VIOLATION FOUND",""
"E-mixed-base-grand-zero-none-t1","NO VIOLATION FOUND",""
"E-mixed-base-one-none-none-t1","NO VIOLATION FOUND",""
"E-mixed-base-one-none-none-t2","NO VIOLATION FOUND",""
"E-mixed-base-part_dim-none-none-t1","CONFIRMED MARGINPLYR BUG","expansion values/cardinality; expansion_compute values/cardinality; source reuse"
"E-mixed-base-part_dim-part-none-t1","CONFIRMED MARGINPLYR BUG","expansion values/cardinality; expansion_compute values/cardinality; source reuse"
"E-mixed-base-part_dim-rename-none-t1","NO VIOLATION FOUND",""
"E-mixed-base-part_fixed-none-none-t1","NO VIOLATION FOUND",""
"E-mixed-base-part_fixed-part-none-t1","NO VIOLATION FOUND",""
"E-mixed-base-part_fixed-rename-none-t1","NO VIOLATION FOUND",""
"E-mixed-base-rollup-none-first-t1","NO VIOLATION FOUND",""
"E-mixed-base-rollup-none-last-t1","NO VIOLATION FOUND",""
"E-mixed-base-rollup-none-none-t1","NO VIOLATION FOUND",""
"E-mixed-base-rollup-none-none-t2","NO VIOLATION FOUND",""
"E-mixed-base-rollup-part-none-t1","NO VIOLATION FOUND",""
"E-mixed-base-rollup-select-none-t1","NO VIOLATION FOUND",""
"E-mixed-base-rollup-zero-none-t1","NO VIOLATION FOUND",""
"E-mixed-factor-rollup-none-none-t1","NO VIOLATION FOUND",""
"E-mixed-int64-rollup-none-none-t1","NO VIOLATION FOUND",""
"E-mixed-keys_missing-rollup-none-none-t1","NO VIOLATION FOUND",""
"E-mixed-missing-rollup-none-none-t1","NO VIOLATION FOUND",""
"E-mixed-timestamp-rollup-none-none-t1","NO VIOLATION FOUND",""
"E-two-base-rollup-none-none-t1","NO VIOLATION FOUND",""
"extra-B-allmissing_first","NO VIOLATION FOUND",""
"extra-B-allmissing_last","NO VIOLATION FOUND",""
"extra-D_rg-allmissing_first","NO VIOLATION FOUND",""
"extra-D_rg-allmissing_last","NO VIOLATION FOUND",""
"extra-D-allmissing_first","NO VIOLATION FOUND",""
"extra-D-allmissing_last","NO VIOLATION FOUND",""
"extra-dictionary-FALSE","INPUTS NOT EQUIVALENT","input identical(levels(actual$g), levels(expected$g)) is not TRUE"
"extra-dictionary-TRUE","NO VIOLATION FOUND",""
"extra-E-allmissing_first","NO VIOLATION FOUND",""
"extra-E-allmissing_last","NO VIOLATION FOUND",""
"extra-missing-aggregates-A","NO VIOLATION FOUND","missing measure n/sum/mean/distinct"
"extra-missing-aggregates-B","NO VIOLATION FOUND","missing measure n/sum/mean/distinct"
"extra-missing-aggregates-D","NO VIOLATION FOUND","missing measure n/sum/mean/distinct"
"extra-missing-aggregates-E","NO VIOLATION FOUND","missing measure n/sum/mean/distinct"
"extra-schema-inference","INPUTS NOT EQUIVALENT","bool/int32 fragments are outside explicit compatible-schema series; no Margin operation invoked"
"followup-noid-A-absent","NO VIOLATION FOUND","omitted p rows: 12 expected 12; output rows: 24"
"followup-noid-A-present","NO VIOLATION FOUND","omitted p rows: 12 expected 12; output rows: 24"
"followup-noid-B-absent","NO VIOLATION FOUND","omitted p rows: 12 expected 12; output rows: 24"
"followup-noid-B-present","NO VIOLATION FOUND","omitted p rows: 12 expected 12; output rows: 24"
"followup-noid-C-absent","NO VIOLATION FOUND","omitted p rows: 12 expected 12; output rows: 24"
"followup-noid-C-present","NO VIOLATION FOUND","omitted p rows: 12 expected 12; output rows: 24"
"followup-noid-D-absent","NO VIOLATION FOUND","omitted p rows: 12 expected 12; output rows: 24"
"followup-noid-D-present","NO VIOLATION FOUND","omitted p rows: 12 expected 12; output rows: 24"
"followup-noid-E-absent","NO VIOLATION FOUND","omitted p rows: 12 expected 12; output rows: 24"
"followup-noid-E-present","CONFIRMED MARGINPLYR BUG","omitted p rows: 0 expected 12; output rows: 24"
"followup-noid-IM-absent","NO VIOLATION FOUND","omitted p rows: 12 expected 12; output rows: 24"
"followup-noid-IM-present","NO VIOLATION FOUND","omitted p rows: 12 expected 12; output rows: 24"
"followup-noid-RB-absent","NO VIOLATION FOUND","omitted p rows: 12 expected 12; output rows: 24"
"followup-noid-RB-present","NO VIOLATION FOUND","omitted p rows: 12 expected 12; output rows: 24"
"followup-part_dim-none-first","CONFIRMED MARGINPLYR BUG","expansion values/cardinality; expansion_compute values/cardinality; source reuse"
"followup-part_dim-none-last","CONFIRMED MARGINPLYR BUG","expansion values/cardinality; expansion_compute values/cardinality; source reuse"
"followup-part_dim-none-none","CONFIRMED MARGINPLYR BUG","expansion values/cardinality; expansion_compute values/cardinality; source reuse"
"followup-part_dim-part-first","CONFIRMED MARGINPLYR BUG","expansion values/cardinality; expansion_compute values/cardinality; source reuse"
"followup-part_dim-part-last","CONFIRMED MARGINPLYR BUG","expansion values/cardinality; expansion_compute values/cardinality; source reuse"
"followup-part_dim-part-none","CONFIRMED MARGINPLYR BUG","expansion values/cardinality; expansion_compute values/cardinality; source reuse"
"followup-part_dim-rename-first","NO VIOLATION FOUND",""
"followup-part_dim-rename-last","NO VIOLATION FOUND",""
"followup-part_dim-rename-none","NO VIOLATION FOUND",""
"followup-part_dim-select-first","CONFIRMED MARGINPLYR BUG","expansion values/cardinality; expansion_compute values/cardinality; source reuse"
"followup-part_dim-select-last","CONFIRMED MARGINPLYR BUG","expansion values/cardinality; expansion_compute values/cardinality; source reuse"
"followup-part_dim-select-none","CONFIRMED MARGINPLYR BUG","expansion values/cardinality; expansion_compute values/cardinality; source reuse"
"followup-part_dim-zero-first","NO VIOLATION FOUND",""
"followup-part_dim-zero-last","NO VIOLATION FOUND",""
"followup-part_dim-zero-none","NO VIOLATION FOUND",""
"followup-part_fixed-none-first","NO VIOLATION FOUND",""
"followup-part_fixed-none-last","NO VIOLATION FOUND",""
"followup-part_fixed-none-none","NO VIOLATION FOUND",""
"followup-part_fixed-part-first","NO VIOLATION FOUND",""
"followup-part_fixed-part-last","NO VIOLATION FOUND",""
"followup-part_fixed-part-none","NO VIOLATION FOUND",""
"followup-part_fixed-rename-first","NO VIOLATION FOUND",""
"followup-part_fixed-rename-last","NO VIOLATION FOUND",""
"followup-part_fixed-rename-none","NO VIOLATION FOUND",""
"followup-part_fixed-select-first","NO VIOLATION FOUND",""
"followup-part_fixed-select-last","NO VIOLATION FOUND",""
"followup-part_fixed-select-none","NO VIOLATION FOUND",""
"followup-part_fixed-zero-first","NO VIOLATION FOUND",""
"followup-part_fixed-zero-last","NO VIOLATION FOUND",""
"followup-part_fixed-zero-none","NO VIOLATION FOUND",""
"IM-mixed-base-composite-none-none-t1","NO VIOLATION FOUND",""
"IM-mixed-base-cube-none-none-t1","NO VIOLATION FOUND",""
"IM-mixed-base-duplicate-none-first-t1","NO VIOLATION FOUND",""
"IM-mixed-base-duplicate-none-last-t1","NO VIOLATION FOUND",""
"IM-mixed-base-duplicate-none-none-t1","NO VIOLATION FOUND",""
"IM-mixed-base-grand-zero-none-t1","NO VIOLATION FOUND",""
"IM-mixed-base-one-none-none-t1","NO VIOLATION FOUND",""
"IM-mixed-base-rollup-none-first-t1","NO VIOLATION FOUND",""
"IM-mixed-base-rollup-none-last-t1","NO VIOLATION FOUND",""
"IM-mixed-base-rollup-none-none-t1","NO VIOLATION FOUND",""
"IM-mixed-base-rollup-part-none-t1","NO VIOLATION FOUND",""
"IM-mixed-base-rollup-zero-none-t1","NO VIOLATION FOUND",""
"IM-two-base-rollup-none-none-t1","NO VIOLATION FOUND",""
"observer-A-none","NO VIOLATION FOUND","control 1; metadata 0; inspection 0; summary 0; expansion 0"
"observer-A-part","NO VIOLATION FOUND","control 4; metadata 0; inspection 0; summary 0; expansion 0"
"observer-A-zero","NO VIOLATION FOUND","control 4; metadata 0; inspection 0; summary 0; expansion 0"
"observer-B_shift-none","NO VIOLATION FOUND","control 1; metadata 0; inspection 0; summary 0; expansion 0"
"observer-B_shift-part","NO VIOLATION FOUND","control 4; metadata 0; inspection 0; summary 0; expansion 0"
"observer-B_shift-zero","NO VIOLATION FOUND","control 4; metadata 0; inspection 0; summary 0; expansion 0"
"observer-B-none","NO VIOLATION FOUND","control 1; metadata 0; inspection 0; summary 0; expansion 0"
"observer-B-part","NO VIOLATION FOUND","control 4; metadata 0; inspection 0; summary 0; expansion 0"
"observer-B-zero","NO VIOLATION FOUND","control 4; metadata 0; inspection 0; summary 0; expansion 0"
"observer-C_rg-none","NO VIOLATION FOUND","control 2; metadata 0; inspection 0; summary 0; expansion 0"
"observer-C_rg-part","NO VIOLATION FOUND","control 3; metadata 0; inspection 0; summary 0; expansion 0"
"observer-C_rg-zero","NO VIOLATION FOUND","control 3; metadata 0; inspection 0; summary 0; expansion 0"
"observer-C-none","NO VIOLATION FOUND","control 2; metadata 0; inspection 0; summary 0; expansion 0"
"observer-C-part","NO VIOLATION FOUND","control 3; metadata 0; inspection 0; summary 0; expansion 0"
"observer-C-zero","NO VIOLATION FOUND","control 3; metadata 0; inspection 0; summary 0; expansion 0"
"observer-D_rg-none","NO VIOLATION FOUND","control 2; metadata 0; inspection 0; summary 0; expansion 0"
"observer-D_rg-part","NO VIOLATION FOUND","control 3; metadata 0; inspection 0; summary 0; expansion 0"
"observer-D_rg-zero","NO VIOLATION FOUND","control 3; metadata 0; inspection 0; summary 0; expansion 0"
"observer-D-none","NO VIOLATION FOUND","control 2; metadata 0; inspection 0; summary 0; expansion 0"
"observer-D-part","NO VIOLATION FOUND","control 3; metadata 0; inspection 0; summary 0; expansion 0"
"observer-D-zero","NO VIOLATION FOUND","control 3; metadata 0; inspection 0; summary 0; expansion 0"
"observer-E-none","NO VIOLATION FOUND","control 2; metadata 0; inspection 0; summary 0; expansion 0"
"observer-E-part","NO VIOLATION FOUND","control 3; metadata 0; inspection 0; summary 0; expansion 0"
"observer-E-zero","NO VIOLATION FOUND","control 3; metadata 0; inspection 0; summary 0; expansion 0"
"observer-IM-none","NO VIOLATION FOUND","control 2; metadata 0; inspection 0; summary 0; expansion 0"
"observer-IM-part","NO VIOLATION FOUND","control 3; metadata 0; inspection 0; summary 0; expansion 0"
"observer-IM-zero","NO VIOLATION FOUND","control 3; metadata 0; inspection 0; summary 0; expansion 0"
"observer-RB-none","NO VIOLATION FOUND","control 1; metadata 0; inspection 0; summary 0; expansion 0"
"observer-RB-part","NO VIOLATION FOUND","control 4; metadata 0; inspection 0; summary 0; expansion 0"
"observer-RB-zero","NO VIOLATION FOUND","control 4; metadata 0; inspection 0; summary 0; expansion 0"
"partition-variant-p-integer-1-missing-first-absent","CONFIRMED MARGINPLYR BUG","expected 1,NA actual 1,1"
"partition-variant-p-integer-1-missing-first-present","CONFIRMED MARGINPLYR BUG","expected 1,NA actual 1,1"
"partition-variant-p-integer-1-missing-last-absent","CONFIRMED MARGINPLYR BUG","expected 1,NA actual 1,1"
"partition-variant-p-integer-1-missing-last-present","CONFIRMED MARGINPLYR BUG","expected 1,NA actual 1,1"
"partition-variant-p-integer-1-missing-none-absent","NO VIOLATION FOUND","expected 1,NA actual NA,1"
"partition-variant-p-integer-1-missing-none-present","CONFIRMED MARGINPLYR BUG","expected 1,NA actual 1,1"
"partition-variant-p-integer-1-text-first-absent","CONFIRMED MARGINPLYR BUG","expected 1,Total actual 1,1"
"partition-variant-p-integer-1-text-first-present","CONFIRMED MARGINPLYR BUG","expected 1,Total actual 1,1"
"partition-variant-p-integer-1-text-last-absent","CONFIRMED MARGINPLYR BUG","expected 1,Total actual 1,1"
"partition-variant-p-integer-1-text-last-present","CONFIRMED MARGINPLYR BUG","expected 1,Total actual 1,1"
"partition-variant-p-integer-1-text-none-absent","NO VIOLATION FOUND","expected 1,Total actual Total,1"
"partition-variant-p-integer-1-text-none-present","CONFIRMED MARGINPLYR BUG","expected 1,Total actual 1,1"
"partition-variant-p-integer-2-missing-first-absent","CONFIRMED MARGINPLYR BUG","expected 1,NA actual 1,1"
"partition-variant-p-integer-2-missing-first-present","CONFIRMED MARGINPLYR BUG","expected 1,NA actual 1,1"
"partition-variant-p-integer-2-missing-last-absent","CONFIRMED MARGINPLYR BUG","expected 1,NA actual 1,1"
"partition-variant-p-integer-2-missing-last-present","CONFIRMED MARGINPLYR BUG","expected 1,NA actual 1,1"
"partition-variant-p-integer-2-missing-none-absent","NO VIOLATION FOUND","expected 1,NA actual NA,1"
"partition-variant-p-integer-2-missing-none-present","CONFIRMED MARGINPLYR BUG","expected 1,NA actual 1,1"
"partition-variant-p-integer-2-text-first-absent","CONFIRMED MARGINPLYR BUG","expected 1,Total actual 1,1"
"partition-variant-p-integer-2-text-first-present","CONFIRMED MARGINPLYR BUG","expected 1,Total actual 1,1"
"partition-variant-p-integer-2-text-last-absent","CONFIRMED MARGINPLYR BUG","expected 1,Total actual 1,1"
"partition-variant-p-integer-2-text-last-present","CONFIRMED MARGINPLYR BUG","expected 1,Total actual 1,1"
"partition-variant-p-integer-2-text-none-absent","NO VIOLATION FOUND","expected 1,Total actual Total,1"
"partition-variant-p-integer-2-text-none-present","CONFIRMED MARGINPLYR BUG","expected 1,Total actual 1,1"
"partition-variant-p-string-1-missing-first-absent","CONFIRMED MARGINPLYR BUG","expected East,NA actual East,East"
"partition-variant-p-string-1-missing-first-present","CONFIRMED MARGINPLYR BUG","expected East,NA actual East,East"
"partition-variant-p-string-1-missing-last-absent","CONFIRMED MARGINPLYR BUG","expected East,NA actual East,East"
"partition-variant-p-string-1-missing-last-present","CONFIRMED MARGINPLYR BUG","expected East,NA actual East,East"
"partition-variant-p-string-1-missing-none-absent","NO VIOLATION FOUND","expected East,NA actual NA,East"
"partition-variant-p-string-1-missing-none-present","CONFIRMED MARGINPLYR BUG","expected East,NA actual East,East"
"partition-variant-p-string-1-text-first-absent","CONFIRMED MARGINPLYR BUG","expected East,Total actual East,East"
"partition-variant-p-string-1-text-first-present","CONFIRMED MARGINPLYR BUG","expected East,Total actual East,East"
"partition-variant-p-string-1-text-last-absent","CONFIRMED MARGINPLYR BUG","expected East,Total actual East,East"
"partition-variant-p-string-1-text-last-present","CONFIRMED MARGINPLYR BUG","expected East,Total actual East,East"
"partition-variant-p-string-1-text-none-absent","NO VIOLATION FOUND","expected East,Total actual Total,East"
"partition-variant-p-string-1-text-none-present","CONFIRMED MARGINPLYR BUG","expected East,Total actual East,East"
"partition-variant-p-string-2-missing-first-absent","CONFIRMED MARGINPLYR BUG","expected East,NA actual East,East"
"partition-variant-p-string-2-missing-first-present","CONFIRMED MARGINPLYR BUG","expected East,NA actual East,East"
"partition-variant-p-string-2-missing-last-absent","CONFIRMED MARGINPLYR BUG","expected East,NA actual East,East"
"partition-variant-p-string-2-missing-last-present","CONFIRMED MARGINPLYR BUG","expected East,NA actual East,East"
"partition-variant-p-string-2-missing-none-absent","NO VIOLATION FOUND","expected East,NA actual NA,East"
"partition-variant-p-string-2-missing-none-present","CONFIRMED MARGINPLYR BUG","expected East,NA actual East,East"
"partition-variant-p-string-2-text-first-absent","CONFIRMED MARGINPLYR BUG","expected East,Total actual East,East"
"partition-variant-p-string-2-text-first-present","CONFIRMED MARGINPLYR BUG","expected East,Total actual East,East"
"partition-variant-p-string-2-text-last-absent","CONFIRMED MARGINPLYR BUG","expected East,Total actual East,East"
"partition-variant-p-string-2-text-last-present","CONFIRMED MARGINPLYR BUG","expected East,Total actual East,East"
"partition-variant-p-string-2-text-none-absent","NO VIOLATION FOUND","expected East,Total actual Total,East"
"partition-variant-p-string-2-text-none-present","CONFIRMED MARGINPLYR BUG","expected East,Total actual East,East"
"partition-variant-region-integer-1-missing-first-absent","CONFIRMED MARGINPLYR BUG","expected 1,NA actual 1,1"
"partition-variant-region-integer-1-missing-first-present","CONFIRMED MARGINPLYR BUG","expected 1,NA actual 1,1"
"partition-variant-region-integer-1-missing-last-absent","CONFIRMED MARGINPLYR BUG","expected 1,NA actual 1,1"
"partition-variant-region-integer-1-missing-last-present","CONFIRMED MARGINPLYR BUG","expected 1,NA actual 1,1"
"partition-variant-region-integer-1-missing-none-absent","NO VIOLATION FOUND","expected 1,NA actual NA,1"
"partition-variant-region-integer-1-missing-none-present","CONFIRMED MARGINPLYR BUG","expected 1,NA actual 1,1"
"partition-variant-region-integer-1-text-first-absent","CONFIRMED MARGINPLYR BUG","expected 1,Total actual 1,1"
"partition-variant-region-integer-1-text-first-present","CONFIRMED MARGINPLYR BUG","expected 1,Total actual 1,1"
"partition-variant-region-integer-1-text-last-absent","CONFIRMED MARGINPLYR BUG","expected 1,Total actual 1,1"
"partition-variant-region-integer-1-text-last-present","CONFIRMED MARGINPLYR BUG","expected 1,Total actual 1,1"
"partition-variant-region-integer-1-text-none-absent","NO VIOLATION FOUND","expected 1,Total actual Total,1"
"partition-variant-region-integer-1-text-none-present","CONFIRMED MARGINPLYR BUG","expected 1,Total actual 1,1"
"partition-variant-region-integer-2-missing-first-absent","CONFIRMED MARGINPLYR BUG","expected 1,NA actual 1,1"
"partition-variant-region-integer-2-missing-first-present","CONFIRMED MARGINPLYR BUG","expected 1,NA actual 1,1"
"partition-variant-region-integer-2-missing-last-absent","CONFIRMED MARGINPLYR BUG","expected 1,NA actual 1,1"
"partition-variant-region-integer-2-missing-last-present","CONFIRMED MARGINPLYR BUG","expected 1,NA actual 1,1"
"partition-variant-region-integer-2-missing-none-absent","NO VIOLATION FOUND","expected 1,NA actual NA,1"
"partition-variant-region-integer-2-missing-none-present","CONFIRMED MARGINPLYR BUG","expected 1,NA actual 1,1"
"partition-variant-region-integer-2-text-first-absent","CONFIRMED MARGINPLYR BUG","expected 1,Total actual 1,1"
"partition-variant-region-integer-2-text-first-present","CONFIRMED MARGINPLYR BUG","expected 1,Total actual 1,1"
"partition-variant-region-integer-2-text-last-absent","CONFIRMED MARGINPLYR BUG","expected 1,Total actual 1,1"
"partition-variant-region-integer-2-text-last-present","CONFIRMED MARGINPLYR BUG","expected 1,Total actual 1,1"
"partition-variant-region-integer-2-text-none-absent","NO VIOLATION FOUND","expected 1,Total actual Total,1"
"partition-variant-region-integer-2-text-none-present","CONFIRMED MARGINPLYR BUG","expected 1,Total actual 1,1"
"partition-variant-region-string-1-missing-first-absent","CONFIRMED MARGINPLYR BUG","expected East,NA actual East,East"
"partition-variant-region-string-1-missing-first-present","CONFIRMED MARGINPLYR BUG","expected East,NA actual East,East"
"partition-variant-region-string-1-missing-last-absent","CONFIRMED MARGINPLYR BUG","expected East,NA actual East,East"
"partition-variant-region-string-1-missing-last-present","CONFIRMED MARGINPLYR BUG","expected East,NA actual East,East"
"partition-variant-region-string-1-missing-none-absent","NO VIOLATION FOUND","expected East,NA actual NA,East"
"partition-variant-region-string-1-missing-none-present","CONFIRMED MARGINPLYR BUG","expected East,NA actual East,East"
"partition-variant-region-string-1-text-first-absent","CONFIRMED MARGINPLYR BUG","expected East,Total actual East,East"
"partition-variant-region-string-1-text-first-present","CONFIRMED MARGINPLYR BUG","expected East,Total actual East,East"
"partition-variant-region-string-1-text-last-absent","CONFIRMED MARGINPLYR BUG","expected East,Total actual East,East"
"partition-variant-region-string-1-text-last-present","CONFIRMED MARGINPLYR BUG","expected East,Total actual East,East"
"partition-variant-region-string-1-text-none-absent","NO VIOLATION FOUND","expected East,Total actual Total,East"
"partition-variant-region-string-1-text-none-present","CONFIRMED MARGINPLYR BUG","expected East,Total actual East,East"
"partition-variant-region-string-2-missing-first-absent","CONFIRMED MARGINPLYR BUG","expected East,NA actual East,East"
"partition-variant-region-string-2-missing-first-present","CONFIRMED MARGINPLYR BUG","expected East,NA actual East,East"
"partition-variant-region-string-2-missing-last-absent","CONFIRMED MARGINPLYR BUG","expected East,NA actual East,East"
"partition-variant-region-string-2-missing-last-present","CONFIRMED MARGINPLYR BUG","expected East,NA actual East,East"
"partition-variant-region-string-2-missing-none-absent","NO VIOLATION FOUND","expected East,NA actual NA,East"
"partition-variant-region-string-2-missing-none-present","CONFIRMED MARGINPLYR BUG","expected East,NA actual East,East"
"partition-variant-region-string-2-text-first-absent","CONFIRMED MARGINPLYR BUG","expected East,Total actual East,East"
"partition-variant-region-string-2-text-first-present","CONFIRMED MARGINPLYR BUG","expected East,Total actual East,East"
"partition-variant-region-string-2-text-last-absent","CONFIRMED MARGINPLYR BUG","expected East,Total actual East,East"
"partition-variant-region-string-2-text-last-present","CONFIRMED MARGINPLYR BUG","expected East,Total actual East,East"
"partition-variant-region-string-2-text-none-absent","NO VIOLATION FOUND","expected East,Total actual Total,East"
"partition-variant-region-string-2-text-none-present","CONFIRMED MARGINPLYR BUG","expected East,Total actual East,East"
"partition-variant-z-integer-1-missing-first-absent","CONFIRMED MARGINPLYR BUG","expected 1,NA actual 1,1"
"partition-variant-z-integer-1-missing-first-present","CONFIRMED MARGINPLYR BUG","expected 1,NA actual 1,1"
"partition-variant-z-integer-1-missing-last-absent","CONFIRMED MARGINPLYR BUG","expected 1,NA actual 1,1"
"partition-variant-z-integer-1-missing-last-present","CONFIRMED MARGINPLYR BUG","expected 1,NA actual 1,1"
"partition-variant-z-integer-1-missing-none-absent","NO VIOLATION FOUND","expected 1,NA actual NA,1"
"partition-variant-z-integer-1-missing-none-present","CONFIRMED MARGINPLYR BUG","expected 1,NA actual 1,1"
"partition-variant-z-integer-1-text-first-absent","CONFIRMED MARGINPLYR BUG","expected 1,Total actual 1,1"
"partition-variant-z-integer-1-text-first-present","CONFIRMED MARGINPLYR BUG","expected 1,Total actual 1,1"
"partition-variant-z-integer-1-text-last-absent","CONFIRMED MARGINPLYR BUG","expected 1,Total actual 1,1"
"partition-variant-z-integer-1-text-last-present","CONFIRMED MARGINPLYR BUG","expected 1,Total actual 1,1"
"partition-variant-z-integer-1-text-none-absent","NO VIOLATION FOUND","expected 1,Total actual Total,1"
"partition-variant-z-integer-1-text-none-present","CONFIRMED MARGINPLYR BUG","expected 1,Total actual 1,1"
"partition-variant-z-integer-2-missing-first-absent","CONFIRMED MARGINPLYR BUG","expected 1,NA actual 1,1"
"partition-variant-z-integer-2-missing-first-present","CONFIRMED MARGINPLYR BUG","expected 1,NA actual 1,1"
"partition-variant-z-integer-2-missing-last-absent","CONFIRMED MARGINPLYR BUG","expected 1,NA actual 1,1"
"partition-variant-z-integer-2-missing-last-present","CONFIRMED MARGINPLYR BUG","expected 1,NA actual 1,1"
"partition-variant-z-integer-2-missing-none-absent","NO VIOLATION FOUND","expected 1,NA actual NA,1"
"partition-variant-z-integer-2-missing-none-present","CONFIRMED MARGINPLYR BUG","expected 1,NA actual 1,1"
"partition-variant-z-integer-2-text-first-absent","CONFIRMED MARGINPLYR BUG","expected 1,Total actual 1,1"
"partition-variant-z-integer-2-text-first-present","CONFIRMED MARGINPLYR BUG","expected 1,Total actual 1,1"
"partition-variant-z-integer-2-text-last-absent","CONFIRMED MARGINPLYR BUG","expected 1,Total actual 1,1"
"partition-variant-z-integer-2-text-last-present","CONFIRMED MARGINPLYR BUG","expected 1,Total actual 1,1"
"partition-variant-z-integer-2-text-none-absent","NO VIOLATION FOUND","expected 1,Total actual Total,1"
"partition-variant-z-integer-2-text-none-present","CONFIRMED MARGINPLYR BUG","expected 1,Total actual 1,1"
"partition-variant-z-string-1-missing-first-absent","CONFIRMED MARGINPLYR BUG","expected East,NA actual East,East"
"partition-variant-z-string-1-missing-first-present","CONFIRMED MARGINPLYR BUG","expected East,NA actual East,East"
"partition-variant-z-string-1-missing-last-absent","CONFIRMED MARGINPLYR BUG","expected East,NA actual East,East"
"partition-variant-z-string-1-missing-last-present","CONFIRMED MARGINPLYR BUG","expected East,NA actual East,East"
"partition-variant-z-string-1-missing-none-absent","NO VIOLATION FOUND","expected East,NA actual NA,East"
"partition-variant-z-string-1-missing-none-present","CONFIRMED MARGINPLYR BUG","expected East,NA actual East,East"
"partition-variant-z-string-1-text-first-absent","CONFIRMED MARGINPLYR BUG","expected East,Total actual East,East"
"partition-variant-z-string-1-text-first-present","CONFIRMED MARGINPLYR BUG","expected East,Total actual East,East"
"partition-variant-z-string-1-text-last-absent","CONFIRMED MARGINPLYR BUG","expected East,Total actual East,East"
"partition-variant-z-string-1-text-last-present","CONFIRMED MARGINPLYR BUG","expected East,Total actual East,East"
"partition-variant-z-string-1-text-none-absent","NO VIOLATION FOUND","expected East,Total actual Total,East"
"partition-variant-z-string-1-text-none-present","CONFIRMED MARGINPLYR BUG","expected East,Total actual East,East"
"partition-variant-z-string-2-missing-first-absent","CONFIRMED MARGINPLYR BUG","expected East,NA actual East,East"
"partition-variant-z-string-2-missing-first-present","CONFIRMED MARGINPLYR BUG","expected East,NA actual East,East"
"partition-variant-z-string-2-missing-last-absent","CONFIRMED MARGINPLYR BUG","expected East,NA actual East,East"
"partition-variant-z-string-2-missing-last-present","CONFIRMED MARGINPLYR BUG","expected East,NA actual East,East"
"partition-variant-z-string-2-missing-none-absent","NO VIOLATION FOUND","expected East,NA actual NA,East"
"partition-variant-z-string-2-missing-none-present","CONFIRMED MARGINPLYR BUG","expected East,NA actual East,East"
"partition-variant-z-string-2-text-first-absent","CONFIRMED MARGINPLYR BUG","expected East,Total actual East,East"
"partition-variant-z-string-2-text-first-present","CONFIRMED MARGINPLYR BUG","expected East,Total actual East,East"
"partition-variant-z-string-2-text-last-absent","CONFIRMED MARGINPLYR BUG","expected East,Total actual East,East"
"partition-variant-z-string-2-text-last-present","CONFIRMED MARGINPLYR BUG","expected East,Total actual East,East"
"partition-variant-z-string-2-text-none-absent","NO VIOLATION FOUND","expected East,Total actual Total,East"
"partition-variant-z-string-2-text-none-present","CONFIRMED MARGINPLYR BUG","expected East,Total actual East,East"
"RB-mixed-base-composite-none-none-t1","NO VIOLATION FOUND",""
"RB-mixed-base-cube-none-none-t1","NO VIOLATION FOUND",""
"RB-mixed-base-duplicate-none-none-t1","NO VIOLATION FOUND",""
"RB-mixed-base-grand-zero-none-t1","NO VIOLATION FOUND",""
"RB-mixed-base-one-none-none-t1","NO VIOLATION FOUND",""
"RB-mixed-base-rollup-none-none-t1","NO VIOLATION FOUND",""
"RB-mixed-base-rollup-part-none-t1","NO VIOLATION FOUND",""
"RB-mixed-base-rollup-zero-none-t1","NO VIOLATION FOUND",""
"RB-two-base-rollup-none-none-t1","NO VIOLATION FOUND",""
"reader-boundary","EXPECTED / UNSUPPORTED","summary/expansion refused direct and query reader; both inspections left 5 rows unread"
"typed-empty-B-int64-grand","NO VIOLATION FOUND",""
"typed-empty-B-int64-rollup","NO VIOLATION FOUND",""
"typed-empty-B-timestamp-grand","NO VIOLATION FOUND",""
"typed-empty-B-timestamp-rollup","NO VIOLATION FOUND",""
"typed-empty-D-int64-grand","NO VIOLATION FOUND",""
"typed-empty-D-int64-rollup","NO VIOLATION FOUND",""
"typed-empty-D-timestamp-grand","NO VIOLATION FOUND",""
"typed-empty-D-timestamp-rollup","NO VIOLATION FOUND",""
"typed-empty-E-int64-grand","NO VIOLATION FOUND",""
"typed-empty-E-int64-rollup","NO VIOLATION FOUND",""
"typed-empty-E-timestamp-grand","NO VIOLATION FOUND",""
"typed-empty-E-timestamp-rollup","NO VIOLATION FOUND",""
"typed-materialization-B-int64","NO VIOLATION FOUND",""
"typed-materialization-B-timestamp","NO VIOLATION FOUND",""
"typed-materialization-D-int64","NO VIOLATION FOUND",""
"typed-materialization-D-timestamp","NO VIOLATION FOUND",""
"typed-materialization-E-int64","NO VIOLATION FOUND",""
"typed-materialization-E-timestamp","NO VIOLATION FOUND",""
"upstream-partition-projection","UPSTREAM / STORAGE BEHAVIOR","ordinary Arrow union is correct; subsequent select/rename restores original partition value; same mechanism as Margin candidate"
