"key","rows","names_equal","rows_equal","data_equal","class_equal","changed","before","after"
"helper-13/collect0",0,TRUE,TRUE,FALSE,TRUE,"sid","integer","logical"
"helper-14/collect0",0,TRUE,TRUE,FALSE,TRUE,"sid","integer","logical"
"helper-15/collect0",0,TRUE,TRUE,FALSE,TRUE,"sid","integer","logical"
"helper-16/collect0",0,TRUE,TRUE,FALSE,TRUE,"sid","integer","logical"
"helper-17/collect0",0,TRUE,TRUE,FALSE,TRUE,"sid","integer","logical"
"helper-18/collect0",0,TRUE,TRUE,FALSE,TRUE,"sid","integer","logical"
"helper-19/collect0",0,TRUE,TRUE,FALSE,TRUE,"sid","integer","logical"
"helper-20/collect0",0,TRUE,TRUE,FALSE,TRUE,"sid","integer","logical"
"helper-21/collect0",0,TRUE,TRUE,FALSE,TRUE,"sid","integer","logical"
"helper-22/collect0",0,TRUE,TRUE,FALSE,TRUE,"sid","integer","logical"
"helper-23/collect0",0,TRUE,TRUE,FALSE,TRUE,"sid","integer","logical"
"helper-24/collect0",0,TRUE,TRUE,FALSE,TRUE,"sid","integer","logical"
"helper-37/collect",0,TRUE,TRUE,FALSE,TRUE,"sid","integer","logical"
"helper-37/collect1",0,TRUE,TRUE,FALSE,TRUE,"sid","integer","logical"
"helper-37/collect0",0,TRUE,TRUE,FALSE,TRUE,"sid","integer","logical"
"helper-37/compute",0,TRUE,TRUE,FALSE,TRUE,"sid","integer","logical"
"helper-37/compute1",0,TRUE,TRUE,FALSE,TRUE,"sid","integer","logical"
"helper-38/collect",0,TRUE,TRUE,FALSE,TRUE,"sid","integer","logical"
"helper-38/collect1",0,TRUE,TRUE,FALSE,TRUE,"sid","integer","logical"
"helper-38/collect0",0,TRUE,TRUE,FALSE,TRUE,"sid","integer","logical"
"helper-38/compute",0,TRUE,TRUE,FALSE,TRUE,"sid","integer","logical"
"helper-38/compute1",0,TRUE,TRUE,FALSE,TRUE,"sid","integer","logical"
"helper-39/collect",0,TRUE,TRUE,FALSE,TRUE,"sid","integer","logical"
"helper-39/collect1",0,TRUE,TRUE,FALSE,TRUE,"sid","integer","logical"
"helper-39/collect0",0,TRUE,TRUE,FALSE,TRUE,"sid","integer","logical"
"helper-39/compute",0,TRUE,TRUE,FALSE,TRUE,"sid","integer","logical"
"helper-39/compute1",0,TRUE,TRUE,FALSE,TRUE,"sid","integer","logical"
"helper-40/collect",0,TRUE,TRUE,FALSE,TRUE,"sid","integer","logical"
"helper-40/collect1",0,TRUE,TRUE,FALSE,TRUE,"sid","integer","logical"
"helper-40/collect0",0,TRUE,TRUE,FALSE,TRUE,"sid","integer","logical"
"helper-40/compute",0,TRUE,TRUE,FALSE,TRUE,"sid","integer","logical"
"helper-40/compute1",0,TRUE,TRUE,FALSE,TRUE,"sid","integer","logical"
"helper-41/collect",0,TRUE,TRUE,FALSE,TRUE,"sid","integer","logical"
"helper-41/collect1",0,TRUE,TRUE,FALSE,TRUE,"sid","integer","logical"
"helper-41/collect0",0,TRUE,TRUE,FALSE,TRUE,"sid","integer","logical"
"helper-41/compute",0,TRUE,TRUE,FALSE,TRUE,"sid","integer","logical"
"helper-41/compute1",0,TRUE,TRUE,FALSE,TRUE,"sid","integer","logical"
"helper-42/collect",0,TRUE,TRUE,FALSE,TRUE,"sid","integer","logical"
"helper-42/collect1",0,TRUE,TRUE,FALSE,TRUE,"sid","integer","logical"
"helper-42/collect0",0,TRUE,TRUE,FALSE,TRUE,"sid","integer","logical"
"helper-42/compute",0,TRUE,TRUE,FALSE,TRUE,"sid","integer","logical"
"helper-42/compute1",0,TRUE,TRUE,FALSE,TRUE,"sid","integer","logical"
"helper-43/collect",0,TRUE,TRUE,FALSE,TRUE,"sid","integer","logical"
"helper-43/collect1",0,TRUE,TRUE,FALSE,TRUE,"sid","integer","logical"
"helper-43/collect0",0,TRUE,TRUE,FALSE,TRUE,"sid","integer","logical"
"helper-43/compute",0,TRUE,TRUE,FALSE,TRUE,"sid","integer","logical"
"helper-43/compute1",0,TRUE,TRUE,FALSE,TRUE,"sid","integer","logical"
"helper-44/collect",0,TRUE,TRUE,FALSE,TRUE,"sid","integer","logical"
"helper-44/collect1",0,TRUE,TRUE,FALSE,TRUE,"sid","integer","logical"
"helper-44/collect0",0,TRUE,TRUE,FALSE,TRUE,"sid","integer","logical"
"helper-44/compute",0,TRUE,TRUE,FALSE,TRUE,"sid","integer","logical"
"helper-44/compute1",0,TRUE,TRUE,FALSE,TRUE,"sid","integer","logical"
"helper-45/collect",0,TRUE,TRUE,FALSE,TRUE,"sid","integer","logical"
"helper-45/collect1",0,TRUE,TRUE,FALSE,TRUE,"sid","integer","logical"
"helper-45/collect0",0,TRUE,TRUE,FALSE,TRUE,"sid","integer","logical"
"helper-45/compute",0,TRUE,TRUE,FALSE,TRUE,"sid","integer","logical"
"helper-45/compute1",0,TRUE,TRUE,FALSE,TRUE,"sid","integer","logical"
"helper-46/collect",0,TRUE,TRUE,FALSE,TRUE,"sid","integer","logical"
"helper-46/collect1",0,TRUE,TRUE,FALSE,TRUE,"sid","integer","logical"
"helper-46/collect0",0,TRUE,TRUE,FALSE,TRUE,"sid","integer","logical"
"helper-46/compute",0,TRUE,TRUE,FALSE,TRUE,"sid","integer","logical"
"helper-46/compute1",0,TRUE,TRUE,FALSE,TRUE,"sid","integer","logical"
"helper-47/collect",0,TRUE,TRUE,FALSE,TRUE,"sid","integer","logical"
"helper-47/collect1",0,TRUE,TRUE,FALSE,TRUE,"sid","integer","logical"
"helper-47/collect0",0,TRUE,TRUE,FALSE,TRUE,"sid","integer","logical"
"helper-47/compute",0,TRUE,TRUE,FALSE,TRUE,"sid","integer","logical"
"helper-47/compute1",0,TRUE,TRUE,FALSE,TRUE,"sid","integer","logical"
"helper-48/collect",0,TRUE,TRUE,FALSE,TRUE,"sid","integer","logical"
"helper-48/collect1",0,TRUE,TRUE,FALSE,TRUE,"sid","integer","logical"
"helper-48/collect0",0,TRUE,TRUE,FALSE,TRUE,"sid","integer","logical"
"helper-48/compute",0,TRUE,TRUE,FALSE,TRUE,"sid","integer","logical"
"helper-48/compute1",0,TRUE,TRUE,FALSE,TRUE,"sid","integer","logical"
"missing-key-49/collect0",0,TRUE,TRUE,FALSE,TRUE,"sid","integer","logical"
"missing-key-50/collect0",0,TRUE,TRUE,FALSE,TRUE,"sid","integer","logical"
"missing-key-51/collect0",0,TRUE,TRUE,FALSE,TRUE,"sid","integer","logical"
"missing-key-52/collect0",0,TRUE,TRUE,FALSE,TRUE,"sid","integer","logical"
"missing-key-53/collect0",0,TRUE,TRUE,FALSE,TRUE,"sid","integer","logical"
"missing-key-54/collect0",0,TRUE,TRUE,FALSE,TRUE,"sid","integer","logical"
"missing-key-55/collect0",0,TRUE,TRUE,FALSE,TRUE,"sid","integer","logical"
"missing-key-56/collect0",0,TRUE,TRUE,FALSE,TRUE,"sid","integer","logical"
"missing-key-57/collect0",0,TRUE,TRUE,FALSE,TRUE,"sid","integer","logical"
"missing-key-58/collect0",0,TRUE,TRUE,FALSE,TRUE,"sid","integer","logical"
"missing-key-59/collect0",0,TRUE,TRUE,FALSE,TRUE,"sid","integer","logical"
"missing-key-60/collect0",0,TRUE,TRUE,FALSE,TRUE,"sid","integer","logical"
"missing-key-61/collect0",0,TRUE,TRUE,FALSE,TRUE,"sid","integer","logical"
"missing-key-62/collect0",0,TRUE,TRUE,FALSE,TRUE,"sid","integer","logical"
"missing-key-63/collect0",0,TRUE,TRUE,FALSE,TRUE,"sid","integer","logical"
"missing-key-64/collect0",0,TRUE,TRUE,FALSE,TRUE,"sid","integer","logical"
"missing-key-65/collect0",0,TRUE,TRUE,FALSE,TRUE,"sid","integer","logical"
"missing-key-66/collect0",0,TRUE,TRUE,FALSE,TRUE,"sid","integer","logical"
"missing-key-67/collect0",0,TRUE,TRUE,FALSE,TRUE,"sid","integer","logical"
"missing-key-68/collect0",0,TRUE,TRUE,FALSE,TRUE,"sid","integer","logical"
"missing-key-69/collect0",0,TRUE,TRUE,FALSE,TRUE,"sid","integer","logical"
"missing-key-70/collect0",0,TRUE,TRUE,FALSE,TRUE,"sid","integer","logical"
"missing-key-71/collect0",0,TRUE,TRUE,FALSE,TRUE,"sid","integer","logical"
"missing-key-72/collect0",0,TRUE,TRUE,FALSE,TRUE,"sid","integer","logical"
"missing-key-73/collect0",0,TRUE,TRUE,FALSE,TRUE,"sid","integer","logical"
"missing-key-74/collect0",0,TRUE,TRUE,FALSE,TRUE,"sid","integer","logical"
"missing-key-75/collect0",0,TRUE,TRUE,FALSE,TRUE,"sid","integer","logical"
"missing-key-76/collect0",0,TRUE,TRUE,FALSE,TRUE,"sid","integer","logical"
"missing-key-77/collect0",0,TRUE,TRUE,FALSE,TRUE,"sid","integer","logical"
"missing-key-78/collect0",0,TRUE,TRUE,FALSE,TRUE,"sid","integer","logical"
"missing-key-79/collect0",0,TRUE,TRUE,FALSE,TRUE,"sid","integer","logical"
"missing-key-80/collect0",0,TRUE,TRUE,FALSE,TRUE,"sid","integer","logical"
"missing-key-81/collect0",0,TRUE,TRUE,FALSE,TRUE,"sid","integer","logical"
"missing-key-82/collect0",0,TRUE,TRUE,FALSE,TRUE,"sid","integer","logical"
"missing-key-83/collect0",0,TRUE,TRUE,FALSE,TRUE,"sid","integer","logical"
"missing-key-84/collect0",0,TRUE,TRUE,FALSE,TRUE,"sid","integer","logical"
"share-86/collect0",0,TRUE,TRUE,FALSE,TRUE,"sid","integer","logical"
"share-88/collect0",0,TRUE,TRUE,FALSE,TRUE,"sid","integer","logical"
"share-90/collect0",0,TRUE,TRUE,FALSE,TRUE,"sid","integer","logical"
"share-92/collect0",0,TRUE,TRUE,FALSE,TRUE,"sid","integer","logical"
"share-94/collect0",0,TRUE,TRUE,FALSE,TRUE,"sid","integer","logical"
"share-96/collect0",0,TRUE,TRUE,FALSE,TRUE,"sid","integer","logical"
"share-98/collect0",0,TRUE,TRUE,FALSE,TRUE,"sid","integer","logical"
"share-100/collect0",0,TRUE,TRUE,FALSE,TRUE,"sid","integer","logical"
"share-102/collect0",0,TRUE,TRUE,FALSE,TRUE,"sid","integer","logical"
"share-104/collect0",0,TRUE,TRUE,FALSE,TRUE,"sid","integer","logical"
"share-106/collect0",0,TRUE,TRUE,FALSE,TRUE,"sid","integer","logical"
"share-108/collect0",0,TRUE,TRUE,FALSE,TRUE,"sid","integer","logical"
"spelling-110/collect",0,TRUE,TRUE,FALSE,TRUE,"sid","integer","logical"
"spelling-110/collect1",0,TRUE,TRUE,FALSE,TRUE,"sid","integer","logical"
"spelling-110/collect0",0,TRUE,TRUE,FALSE,TRUE,"sid","integer","logical"
"spelling-110/compute",0,TRUE,TRUE,FALSE,TRUE,"sid","integer","logical"
"spelling-110/compute1",0,TRUE,TRUE,FALSE,TRUE,"sid","integer","logical"
"empty-input-root-112/collect0",0,TRUE,TRUE,FALSE,TRUE,"sid","integer","logical"
"empty-input-root-114/collect0",0,TRUE,TRUE,FALSE,TRUE,"sid","integer","logical"
