"package","version","path"
"bit","4.6.0","/private/tmp/marginplyr-minver-kalaij/lib-r45/bit"
"bit64","4.8.6","/private/tmp/marginplyr-minver-kalaij/lib-r45/bit64"
"blob","1.3.0","/private/tmp/marginplyr-minver-kalaij/lib-r45/blob"
"cli","3.6.6","/private/tmp/marginplyr-minver-kalaij/lib-r45/cli"
"DBI","1.3.0","/private/tmp/marginplyr-minver-kalaij/lib-r45/DBI"
"dbplyr","2.6.0","/private/tmp/marginplyr-minver-kalaij/lib-r45/dbplyr"
"dplyr","1.2.1","/private/tmp/marginplyr-minver-kalaij/lib-r45/dplyr"
"generics","0.1.4","/private/tmp/marginplyr-minver-kalaij/lib-r45/generics"
"glue","1.8.1","/private/tmp/marginplyr-minver-kalaij/lib-r45/glue"
"hms","1.1.4","/private/tmp/marginplyr-745-20260930/current-r45-lib/hms"
"lifecycle","1.0.5","/private/tmp/marginplyr-minver-kalaij/lib-r45/lifecycle"
"lubridate","1.9.5","/private/tmp/marginplyr-745-20260930/current-r45-lib/lubridate"
"magrittr","2.0.5","/private/tmp/marginplyr-minver-kalaij/lib-r45/magrittr"
"marginplyr","0.1.0","/private/tmp/marginplyr-745-20260930/current-r45-lib/marginplyr"
"pillar","1.11.1","/private/tmp/marginplyr-minver-kalaij/lib-r45/pillar"
"pkgconfig","2.0.3","/private/tmp/marginplyr-minver-kalaij/lib-r45/pkgconfig"
"purrr","1.2.2","/private/tmp/marginplyr-minver-kalaij/lib-r45/purrr"
"R6","2.6.1","/private/tmp/marginplyr-minver-kalaij/lib-r45/R6"
"rlang","1.3.0","/private/tmp/marginplyr-minver-kalaij/lib-r45/rlang"
"RPostgres","1.4.10","/private/tmp/marginplyr-745-20260930/current-r45-lib/RPostgres"
"tibble","3.3.1","/private/tmp/marginplyr-minver-kalaij/lib-r45/tibble"
"tidyselect","1.2.1","/private/tmp/marginplyr-minver-kalaij/lib-r45/tidyselect"
"timechange","0.4.0","/private/tmp/marginplyr-745-20260930/current-r45-lib/timechange"
"utf8","1.2.6","/private/tmp/marginplyr-minver-kalaij/lib-r45/utf8"
"vctrs","0.7.3","/private/tmp/marginplyr-minver-kalaij/lib-r45/vctrs"
"withr","3.0.3","/private/tmp/marginplyr-minver-kalaij/lib-r45/withr"
