"case","status","detail","warnings"
"#661 sorted in_schema FALSE","PASS","remote_table= ",""
"#661 sorted in_schema TRUE","PASS","remote_table= ",""
"#661 sorted Id FALSE","PASS","remote_table= ",""
"#661 sorted Id TRUE","PASS","remote_table= ",""
"#661 unsorted in_schema FALSE","PASS","remote_table= `other`.`report`",""
"#661 unsorted in_schema TRUE","PASS","remote_table= `other`.`report`",""
"#661 unsorted Id FALSE","PASS","remote_table= `other`.`report`",""
"#661 unsorted Id TRUE","PASS","remote_table= `other`.`report`",""
"#662 sorted active= FALSE in_transaction= FALSE failure= FALSE","PASS","atomic target / marker ownership / subsequent compute / cleanup preserved",""
"#662 sorted active= FALSE in_transaction= FALSE failure= TRUE","PASS","atomic target / marker ownership / subsequent compute / cleanup preserved",""
"#662 sorted active= FALSE in_transaction= TRUE failure= FALSE","PASS","atomic target / marker ownership / subsequent compute / cleanup preserved",""
"#662 sorted active= FALSE in_transaction= TRUE failure= TRUE","PASS","atomic target / marker ownership / subsequent compute / cleanup preserved",""
"#662 sorted active= TRUE in_transaction= FALSE failure= FALSE","PASS","atomic target / marker ownership / subsequent compute / cleanup preserved",""
"#662 sorted active= TRUE in_transaction= FALSE failure= TRUE","PASS","atomic target / marker ownership / subsequent compute / cleanup preserved",""
"#662 sorted active= TRUE in_transaction= TRUE failure= FALSE","PASS","atomic target / marker ownership / subsequent compute / cleanup preserved",""
"#662 sorted active= TRUE in_transaction= TRUE failure= TRUE","PASS","atomic target / marker ownership / subsequent compute / cleanup preserved",""
"#662 unsorted active= FALSE in_transaction= FALSE failure= FALSE","PASS","atomic target / marker ownership / subsequent compute / cleanup preserved",""
"#662 unsorted active= FALSE in_transaction= FALSE failure= TRUE","PASS","atomic target / marker ownership / subsequent compute / cleanup preserved",""
"#662 unsorted active= FALSE in_transaction= TRUE failure= FALSE","PASS","atomic target / marker ownership / subsequent compute / cleanup preserved",""
"#662 unsorted active= FALSE in_transaction= TRUE failure= TRUE","PASS","atomic target / marker ownership / subsequent compute / cleanup preserved",""
"#662 unsorted active= TRUE in_transaction= FALSE failure= FALSE","PASS","atomic target / marker ownership / subsequent compute / cleanup preserved",""
"#662 unsorted active= TRUE in_transaction= FALSE failure= TRUE","PASS","atomic target / marker ownership / subsequent compute / cleanup preserved",""
"#662 unsorted active= TRUE in_transaction= TRUE failure= FALSE","PASS","atomic target / marker ownership / subsequent compute / cleanup preserved",""
"#662 unsorted active= TRUE in_transaction= TRUE failure= TRUE","PASS","atomic target / marker ownership / subsequent compute / cleanup preserved",""
"#663 first","PASS","direct order and select/rename/filter/mutate/arrange pass","Missing values are always removed in SQL aggregation functions.
Use `na.rm = TRUE` to silence this warning
This warning is displayed once every 8 hours."
"#663 last","PASS","direct order and select/rename/filter/mutate/arrange pass",""
"#665 none Total explicit= FALSE","PASS","empty .id integer in collect/n=0/compute",""
"#665 none Total explicit= TRUE","PASS","empty .id integer in collect/n=0/compute",""
"#665 none NULL explicit= FALSE","PASS","empty .id integer in collect/n=0/compute",""
"#665 none NULL explicit= TRUE","PASS","empty .id integer in collect/n=0/compute",""
"#665 none NA explicit= FALSE","PASS","empty .id integer in collect/n=0/compute",""
"#665 none NA explicit= TRUE","PASS","empty .id integer in collect/n=0/compute",""
"#665 first Total explicit= FALSE","PASS","empty .id integer in collect/n=0/compute",""
"#665 first Total explicit= TRUE","PASS","empty .id integer in collect/n=0/compute",""
"#665 first NULL explicit= FALSE","PASS","empty .id integer in collect/n=0/compute",""
"#665 first NULL explicit= TRUE","PASS","empty .id integer in collect/n=0/compute",""
"#665 first NA explicit= FALSE","PASS","empty .id integer in collect/n=0/compute",""
"#665 first NA explicit= TRUE","PASS","empty .id integer in collect/n=0/compute",""
"#665 last Total explicit= FALSE","PASS","empty .id integer in collect/n=0/compute",""
"#665 last Total explicit= TRUE","PASS","empty .id integer in collect/n=0/compute",""
"#665 last NULL explicit= FALSE","PASS","empty .id integer in collect/n=0/compute",""
"#665 last NULL explicit= TRUE","PASS","empty .id integer in collect/n=0/compute",""
"#665 last NA explicit= FALSE","PASS","empty .id integer in collect/n=0/compute",""
"#665 last NA explicit= TRUE","PASS","empty .id integer in collect/n=0/compute",""
"#666 first Total sum missing","PASS","Parent/Total/across declarations preserved over 0/1/2/3/4/Inf",""
"#666 first Total sum zero","PASS","Parent/Total/across declarations preserved over 0/1/2/3/4/Inf",""
"#666 first Total mean missing","PASS","Parent/Total/across declarations preserved over 0/1/2/3/4/Inf",""
"#666 first Total mean zero","PASS","Parent/Total/across declarations preserved over 0/1/2/3/4/Inf",""
"#666 first NULL sum missing","PASS","Parent/Total/across declarations preserved over 0/1/2/3/4/Inf",""
"#666 first NULL sum zero","PASS","Parent/Total/across declarations preserved over 0/1/2/3/4/Inf",""
"#666 first NULL mean missing","PASS","Parent/Total/across declarations preserved over 0/1/2/3/4/Inf",""
"#666 first NULL mean zero","PASS","Parent/Total/across declarations preserved over 0/1/2/3/4/Inf",""
"#666 first NA sum missing","PASS","Parent/Total/across declarations preserved over 0/1/2/3/4/Inf",""
"#666 first NA sum zero","PASS","Parent/Total/across declarations preserved over 0/1/2/3/4/Inf",""
"#666 first NA mean missing","PASS","Parent/Total/across declarations preserved over 0/1/2/3/4/Inf",""
"#666 first NA mean zero","PASS","Parent/Total/across declarations preserved over 0/1/2/3/4/Inf",""
"#666 last Total sum missing","PASS","Parent/Total/across declarations preserved over 0/1/2/3/4/Inf",""
"#666 last Total sum zero","PASS","Parent/Total/across declarations preserved over 0/1/2/3/4/Inf",""
"#666 last Total mean missing","PASS","Parent/Total/across declarations preserved over 0/1/2/3/4/Inf",""
"#666 last Total mean zero","PASS","Parent/Total/across declarations preserved over 0/1/2/3/4/Inf",""
"#666 last NULL sum missing","PASS","Parent/Total/across declarations preserved over 0/1/2/3/4/Inf",""
"#666 last NULL sum zero","PASS","Parent/Total/across declarations preserved over 0/1/2/3/4/Inf",""
"#666 last NULL mean missing","PASS","Parent/Total/across declarations preserved over 0/1/2/3/4/Inf",""
"#666 last NULL mean zero","PASS","Parent/Total/across declarations preserved over 0/1/2/3/4/Inf",""
"#666 last NA sum missing","PASS","Parent/Total/across declarations preserved over 0/1/2/3/4/Inf",""
"#666 last NA sum zero","PASS","Parent/Total/across declarations preserved over 0/1/2/3/4/Inf",""
"#666 last NA mean missing","PASS","Parent/Total/across declarations preserved over 0/1/2/3/4/Inf",""
"#666 last NA mean zero","PASS","Parent/Total/across declarations preserved over 0/1/2/3/4/Inf",""
"source overwrite atomic refusal (unsorted dedicated)","PASS","self overwrite refuses atomically; source unchanged",""
