Package	Version	LibPath	Priority
dplyr	1.2.1	/Users/sayuks/Library/R/arm64/4.6/library	NA
dbplyr	2.6.0	/Users/sayuks/Library/R/arm64/4.6/library	NA
rlang	1.3.0	/Users/sayuks/Library/R/arm64/4.6/library	NA
tidyselect	1.2.1	/Users/sayuks/Library/R/arm64/4.6/library	NA
tibble	3.3.1	/Users/sayuks/Library/R/arm64/4.6/library	NA
dtplyr	1.3.3	/Users/sayuks/Library/R/arm64/4.6/library	NA
data.table	1.18.6.1	/Users/sayuks/Library/R/arm64/4.6/library	NA
DBI	1.3.0	/Users/sayuks/Library/R/arm64/4.6/library	NA
RSQLite	3.53.3	/Users/sayuks/Library/R/arm64/4.6/library	NA
duckdb	1.5.5	/Users/sayuks/Library/R/arm64/4.6/library	NA
arrow	25.0.1	/Users/sayuks/Library/R/arm64/4.6/library	NA
cli	3.6.6	/Users/sayuks/Library/R/arm64/4.6/library	NA
generics	0.1.4	/Users/sayuks/Library/R/arm64/4.6/library	NA
glue	1.8.1	/Users/sayuks/Library/R/arm64/4.6/library	NA
lifecycle	1.0.5	/Users/sayuks/Library/R/arm64/4.6/library	NA
magrittr	2.0.5	/Users/sayuks/Library/R/arm64/4.6/library	NA
methods	4.6.1	/Library/Frameworks/R.framework/Versions/4.6/Resources/library	base
pillar	1.11.1	/Users/sayuks/Library/R/arm64/4.6/library	NA
R6	2.6.1	/Users/sayuks/Library/R/arm64/4.6/library	NA
utils	4.6.1	/Library/Frameworks/R.framework/Versions/4.6/Resources/library	base
vctrs	0.7.3	/Users/sayuks/Library/R/arm64/4.6/library	NA
stats	4.6.1	/Library/Frameworks/R.framework/Versions/4.6/Resources/library	base
utf8	1.2.6	/Users/sayuks/Library/R/arm64/4.6/library	NA
pkgconfig	2.0.3	/Users/sayuks/Library/R/arm64/4.6/library	NA
withr	3.0.3	/Users/sayuks/Library/R/arm64/4.6/library	NA
grDevices	4.6.1	/Library/Frameworks/R.framework/Versions/4.6/Resources/library	base
graphics	4.6.1	/Library/Frameworks/R.framework/Versions/4.6/Resources/library	base
blob	1.3.0	/Users/sayuks/Library/R/arm64/4.6/library	NA
purrr	1.2.2	/Users/sayuks/Library/R/arm64/4.6/library	NA
tidyr	1.3.2	/Users/sayuks/Library/R/arm64/4.6/library	NA
stringr	1.6.0	/Users/sayuks/Library/R/arm64/4.6/library	NA
cpp11	0.5.5	/Users/sayuks/Library/R/arm64/4.6/library	NA
stringi	1.8.9	/Users/sayuks/Library/R/arm64/4.6/library	NA
tools	4.6.1	/Library/Frameworks/R.framework/Versions/4.6/Resources/library	base
bit64	4.8.6	/Users/sayuks/Library/R/arm64/4.6/library	NA
memoise	2.0.1	/Users/sayuks/Library/R/arm64/4.6/library	NA
bit	4.6.0	/Users/sayuks/Library/R/arm64/4.6/library	NA
cachem	1.1.0	/Users/sayuks/Library/R/arm64/4.6/library	NA
fastmap	1.2.0	/Users/sayuks/Library/R/arm64/4.6/library	NA
assertthat	0.2.1	/Users/sayuks/Library/R/arm64/4.6/library	NA
